Godot Engine v4.4.stable.custom_build.4c311cbee (2025-03-02 23:31:23 UTC) - https://godotengine.org

dress: FAILED -- no such file: /home/user/Opus-5/scratchpad/till-run/head/tools/export_scene.py
stream: 18 cells, radius 66.1 m (cell_manifest.json deck_table[blue.ring_1.d0].si), free at 73.8 m, budget 180000 tri = 3 cells, 2 in flight
walk: VISIT cell 17 (blue_0_0_c17), door 'docking_bays', use 'docking_bays__prop_bay_control_booth' at 359.71 deg; away is 389.99 deg (111.8 m of arc, free radius 73.8 m)
stream: +blue_0_0_c01  30248 tri, 1 col mesh, 7 materialled, 6.4 ms, lead primed, resident 1 (30248 tri)
walk: STREAMED level -- start cell 1, primed in 20 ms, spawn 183.04,105.68,7121.25, corridor r=211.56 z=7121.25 w=2.60, lookahead 23.4 m (chord sag 0.32 m)
walk: gravity -- NO SPIN STATED -- no deck_table row for blue ring 0 deck 0, so the body keeps mode=drum at 9.8100 m/s2
interact: purse player:till_citizen (LENNIR, resident) 301.00 cr, carrying 2/8
walk: +wired blue_0_0_c01 -- doors now 0, 0 person(s), 0 walker(s), 0 interactable(s)
walk: 0 interactables wired, 0 pressable ()
walk: +wired blue_0_0_c02 -- doors now 0, 0 person(s), 0 walker(s), 0 interactable(s)
stream: +blue_0_0_c02  30928 tri, 1 col mesh, 7 materialled, 6.0 ms, lead 36.9 m, resident 2 (61176 tri)
walk: +wired blue_0_0_c00 -- doors now 1, 0 person(s), 0 walker(s), 3 interactable(s)
stream: +blue_0_0_c00  60401 tri, 2 col mesh, 11 materialled, 20.9 ms, lead 36.9 m, resident 3 (121577 tri)
walk: settled at 183.18,105.76,7121.25 (drop 0.164 m), on_floor=true, in cell 1, walking +angle
walk: -unwired blue_0_0_c02 -- 0 door part(s), 0 person(s), 0 interactable(s)
stream: -blue_0_0_c02  resident 2 (90649 tri)
walk: +wired blue_0_0_c17 -- doors now 1, 0 person(s), 0 walker(s), 5 interactable(s)
stream: +blue_0_0_c17  49229 tri, 2 col mesh, 9 materialled, 18.5 ms, lead 66.0 m, resident 3 (139878 tri)
walk: -unwired blue_0_0_c01 -- 0 door part(s), 0 person(s), 0 interactable(s)
stream: -blue_0_0_c01  resident 2 (109630 tri)
USE docking_bays__prop_bay_control_booth place=docking_bays token=bay_control_booth verb=serve response=press prompt=[E]  serve the bay control booth DID=bought passage home for 300.00 cr (resident) -- purse 1.00, till 300.00, 1334 left
walk: VISIT 1 of blue_0_0_c17 -- door 'docking_bays' opened to 1.00, got within 1.17 m of docking_bays__prop_bay_control_booth, 0 person(s) noticed (0 deg turned, -1 deg off), prompted=true pressed=1 moved 4.00 mm
walk: +wired blue_0_0_c01 -- doors now 1, 0 person(s), 0 walker(s), 0 interactable(s)
stream: +blue_0_0_c01  30248 tri, 1 col mesh, 7 materialled, 5.9 ms, lead 66.0 m, resident 3 (139878 tri)
walk: -unwired blue_0_0_c17 -- 2 door part(s), 0 person(s), 5 interactable(s)
stream: -blue_0_0_c17  resident 2 (90649 tri)
walk: +wired blue_0_0_c17 -- doors now 1, 0 person(s), 0 walker(s), 5 interactable(s)
stream: +blue_0_0_c17  49229 tri, 2 col mesh, 9 materialled, 18.5 ms, lead 66.0 m, resident 3 (139878 tri)
walk: -unwired blue_0_0_c01 -- 0 door part(s), 0 person(s), 0 interactable(s)
stream: -blue_0_0_c01  resident 2 (109630 tri)
USE docking_bays__prop_bay_control_booth place=docking_bays token=bay_control_booth verb=serve response=press prompt=[E]  serve the bay control booth DID=REFUSED: passage home costs 300.00 cr and you have 1.00
walk: VISIT 2 of blue_0_0_c17 -- door 'docking_bays' opened to 1.00, got within 1.17 m of docking_bays__prop_bay_control_booth, 0 person(s) noticed (0 deg turned, -1 deg off), prompted=true pressed=1 moved 4.00 mm
STREAMTEST mode=stream ok=false start=1 dir=-1 prime_ms=20 traverse_m=270.48 floor_m=270.48 net_m=110.31 offfloor=0/16200 crossings=6 entered=1,0,17,0,1,0,17 late=0 min_lead_m=36.92 min_lead_frames=637 cells=18 resident_max=3 resident_tris_max=139878 budget_tris=180000 radius_m=66.1 free_m=73.8 loads=6 frees=4 double_loads=0 abandoned=0 over_budget_frames=0 max_activate_ms=20.9 lag_frames=0 wired=6 unwired=4 visit_cell=17 visit_id=blue_0_0_c17 door_key=docking_bays use_group=docking_bays__prop_bay_control_booth v1_door_open=1.00 v1_near_m=1.17 v1_noticed=0 v1_turned_deg=0.0 v1_face_err_deg=-1.0 v1_prompted=true v1_used=docking_bays__prop_bay_control_booth v1_presses=1 v1_travel_mm=4.00 v2_door_open=1.00 v2_near_m=1.17 v2_noticed=0 v2_turned_deg=0.0 v2_face_err_deg=-1.0 v2_prompted=true v2_used=docking_bays__prop_bay_control_booth v2_presses=1 v2_travel_mm=4.00 freed=true wired_cells=6 unwired_cells=4 double_wires=0 stale_prompt_frames=0 stale_leaves=0 stale_parts=0 offfloor_runs=0 offfloor_longest=0 lift_mm=0.0 drop_mm=0.0 eye_err_deg=0.2/179.9 walkers=0 crowd_travel_m=0.0 crowd_collider=- push_m=0.00 push_max_mm=0.0 occupants=0 occ_changes=0 why=visit1:_0_person(s)_noticed_and_the_nearest_turned_0.0_deg;visit2:_0_person(s)_noticed_and_the_nearest_turned_0.0_deg
ERROR: Unable to open file: res://.godot/imported/paint_chip_albedo.png-866f368fbdd174d0849ff70d2952875f.s3tc.ctex.
   at: _load_data (scene/resources/compressed_texture.cpp:41)
ERROR: Failed loading resource: res://.godot/imported/paint_chip_albedo.png-866f368fbdd174d0849ff70d2952875f.s3tc.ctex. Make sure resources have been imported by opening the project in the editor at least once.
   at: _load (core/io/resource_loader.cpp:335)
ERROR: Failed loading resource: res://materials/textures/paint_chip_albedo.png. Make sure resources have been imported by opening the project in the editor at least once.
   at: _load (core/io/resource_loader.cpp:335)
ERROR: Unable to open file: res://.godot/imported/paint_chip_normal.png-6c8e87f98a98bd78df79b8658a61b28c.s3tc.ctex.
   at: _load_data (scene/resources/compressed_texture.cpp:41)
ERROR: Failed loading resource: res://.godot/imported/paint_chip_normal.png-6c8e87f98a98bd78df79b8658a61b28c.s3tc.ctex. Make sure resources have been imported by opening the project in the editor at least once.
   at: _load (core/io/resource_loader.cpp:335)
ERROR: Failed loading resource: res://materials/textures/paint_chip_normal.png. Make sure resources have been imported by opening the project in the editor at least once.
   at: _load (core/io/resource_loader.cpp:335)
ERROR: Unable to open file: res://.godot/imported/paint_chip_orm.png-e155643f75730f95662035bbf5d8fd41.s3tc.ctex.
   at: _load_data (scene/resources/compressed_texture.cpp:41)
ERROR: Failed loading resource: res://.godot/imported/paint_chip_orm.png-e155643f75730f95662035bbf5d8fd41.s3tc.ctex. Make sure resources have been imported by opening the project in the editor at least once.
   at: _load (core/io/resource_loader.cpp:335)
ERROR: Failed loading resource: res://materials/textures/paint_chip_orm.png. Make sure resources have been imported by opening the project in the editor at least once.
   at: _load (core/io/resource_loader.cpp:335)
ERROR: res://materials/accent_warning.tres:17 - Parse Error: [ext_resource] referenced non-existent resource at: res://materials/textures/paint_chip_albedo.png.
   at: _printerr (scene/resources/resource_format_text.cpp:39)
ERROR: res://materials/accent_warning.tres:17 - Parse Error: [ext_resource] referenced non-existent resource at: res://materials/textures/paint_chip_albedo.png.
   at: _printerr (scene/resources/resource_format_text.cpp:39)
ERROR: Failed loading resource: res://materials/accent_warning.tres. Make sure resources have been imported by opening the project in the editor at least once.
   at: _load (core/io/resource_loader.cpp:335)
ERROR: Unable to open file: res://.godot/imported/mesh_perf_albedo.png-97cc9b10a0334893e0c8773750b504ed.s3tc.ctex.
   at: _load_data (scene/resources/compressed_texture.cpp:41)
ERROR: Failed loading resource: res://.godot/imported/mesh_perf_albedo.png-97cc9b10a0334893e0c8773750b504ed.s3tc.ctex. Make sure resources have been imported by opening the project in the editor at least once.
   at: _load (core/io/resource_loader.cpp:335)
ERROR: Failed loading resource: res://materials/textures/mesh_perf_albedo.png. Make sure resources have been imported by opening the project in the editor at least once.
   at: _load (core/io/resource_loader.cpp:335)
ERROR: Unable to open file: res://.godot/imported/mesh_perf_normal.png-5acfc87236df03657236876d787936f8.s3tc.ctex.
   at: _load_data (scene/resources/compressed_texture.cpp:41)
ERROR: Failed loading resource: res://.godot/imported/mesh_perf_normal.png-5acfc87236df03657236876d787936f8.s3tc.ctex. Make sure resources have been imported by opening the project in the editor at least once.
   at: _load (core/io/resource_loader.cpp:335)
ERROR: Failed loading resource: res://materials/textures/mesh_perf_normal.png. Make sure resources have been imported by opening the project in the editor at least once.
   at: _load (core/io/resource_loader.cpp:335)
ERROR: Unable to open file: res://.godot/imported/mesh_perf_orm.png-7a64e4fd31f0b6c26426dc9c12832586.s3tc.ctex.
   at: _load_data (scene/resources/compressed_texture.cpp:41)
ERROR: Failed loading resource: res://.godot/imported/mesh_perf_orm.png-7a64e4fd31f0b6c26426dc9c12832586.s3tc.ctex. Make sure resources have been imported by opening the project in the editor at least once.
   at: _load (core/io/resource_loader.cpp:335)
ERROR: Failed loading resource: res://materials/textures/mesh_perf_orm.png. Make sure resources have been imported by opening the project in the editor at least once.
   at: _load (core/io/resource_loader.cpp:335)
ERROR: res://materials/bar_cell_matrix.tres:17 - Parse Error: [ext_resource] referenced non-existent resource at: res://materials/textures/mesh_perf_albedo.png.
   at: _printerr (scene/resources/resource_format_text.cpp:39)
ERROR: res://materials/bar_cell_matrix.tres:17 - Parse Error: [ext_resource] referenced non-existent resource at: res://materials/textures/mesh_perf_albedo.png.
   at: _printerr (scene/resources/resource_format_text.cpp:39)
ERROR: Failed loading resource: res://materials/bar_cell_matrix.tres. Make sure resources have been imported by opening the project in the editor at least once.
   at: _load (core/io/resource_loader.cpp:335)
ERROR: Unable to open file: res://.godot/imported/composite_matte_albedo.png-31f7b654b2213e8aff6c6b47b8c508b5.s3tc.ctex.
   at: _load_data (scene/resources/compressed_texture.cpp:41)
ERROR: Failed loading resource: res://.godot/imported/composite_matte_albedo.png-31f7b654b2213e8aff6c6b47b8c508b5.s3tc.ctex. Make sure resources have been imported by opening the project in the editor at least once.
   at: _load (core/io/resource_loader.cpp:335)
ERROR: Failed loading resource: res://materials/textures/composite_matte_albedo.png. Make sure resources have been imported by opening the project in the editor at least once.
   at: _load (core/io/resource_loader.cpp:335)
ERROR: Unable to open file: res://.godot/imported/composite_matte_normal.png-73f36fc7d51238f03ee203339ee5592e.s3tc.ctex.
   at: _load_data (scene/resources/compressed_texture.cpp:41)
ERROR: Failed loading resource: res://.godot/imported/composite_matte_normal.png-73f36fc7d51238f03ee203339ee5592e.s3tc.ctex. Make sure resources have been imported by opening the project in the editor at least once.
   at: _load (core/io/resource_loader.cpp:335)
ERROR: Failed loading resource: res://materials/textures/composite_matte_normal.png. Make sure resources have been imported by opening the project in the editor at least once.
   at: _load (core/io/resource_loader.cpp:335)
ERROR: Unable to open file: res://.godot/imported/composite_matte_orm.png-fa6105aeb9ad6c081e96d4440198cc68.s3tc.ctex.
   at: _load_data (scene/resources/compressed_texture.cpp:41)
ERROR: Failed loading resource: res://.godot/imported/composite_matte_orm.png-fa6105aeb9ad6c081e96d4440198cc68.s3tc.ctex. Make sure resources have been imported by opening the project in the editor at least once.
   at: _load (core/io/resource_loader.cpp:335)
ERROR: Failed loading resource: res://materials/textures/composite_matte_orm.png. Make sure resources have been imported by opening the project in the editor at least once.
   at: _load (core/io/resource_loader.cpp:335)
ERROR: res://materials/bar_dartboard.tres:17 - Parse Error: [ext_resource] referenced non-existent resource at: res://materials/textures/composite_matte_albedo.png.
   at: _printerr (scene/resources/resource_format_text.cpp:39)
ERROR: res://materials/bar_dartboard.tres:17 - Parse Error: [ext_resource] referenced non-existent resource at: res://materials/textures/composite_matte_albedo.png.
   at: _printerr (scene/resources/resource_format_text.cpp:39)
ERROR: Failed loading resource: res://materials/bar_dartboard.tres. Make sure resources have been imported by opening the project in the editor at least once.
   at: _load (core/io/resource_loader.cpp:335)
ERROR: Unable to open file: res://.godot/imported/composite_matte_albedo.png-31f7b654b2213e8aff6c6b47b8c508b5.s3tc.ctex.
   at: _load_data (scene/resources/compressed_texture.cpp:41)
ERROR: Failed loading resource: res://.godot/imported/composite_matte_albedo.png-31f7b654b2213e8aff6c6b47b8c508b5.s3tc.ctex. Make sure resources have been imported by opening the project in the editor at least once.
   at: _load (core/io/resource_loader.cpp:335)
ERROR: Failed loading resource: res://materials/textures/composite_matte_albedo.png. Make sure resources have been imported by opening the project in the editor at least once.
   at: _load (core/io/resource_loader.cpp:335)
ERROR: Unable to open file: res://.godot/imported/composite_matte_normal.png-73f36fc7d51238f03ee203339ee5592e.s3tc.ctex.
   at: _load_data (scene/resources/compressed_texture.cpp:41)
ERROR: Failed loading resource: res://.godot/imported/composite_matte_normal.png-73f36fc7d51238f03ee203339ee5592e.s3tc.ctex. Make sure resources have been imported by opening the project in the editor at least once.
   at: _load (core/io/resource_loader.cpp:335)
ERROR: Failed loading resource: res://materials/textures/composite_matte_normal.png. Make sure resources have been imported by opening the project in the editor at least once.
   at: _load (core/io/resource_loader.cpp:335)
ERROR: Unable to open file: res://.godot/imported/composite_matte_orm.png-fa6105aeb9ad6c081e96d4440198cc68.s3tc.ctex.
   at: _load_data (scene/resources/compressed_texture.cpp:41)
ERROR: Failed loading resource: res://.godot/imported/composite_matte_orm.png-fa6105aeb9ad6c081e96d4440198cc68.s3tc.ctex. Make sure resources have been imported by opening the project in the editor at least once.
   at: _load (core/io/resource_loader.cpp:335)
ERROR: Failed loading resource: res://materials/textures/composite_matte_orm.png. Make sure resources have been imported by opening the project in the editor at least once.
   at: _load (core/io/resource_loader.cpp:335)
ERROR: res://materials/bar_pendant_shade.tres:17 - Parse Error: [ext_resource] referenced non-existent resource at: res://materials/textures/composite_matte_albedo.png.
   at: _printerr (scene/resources/resource_format_text.cpp:39)
ERROR: res://materials/bar_pendant_shade.tres:17 - Parse Error: [ext_resource] referenced non-existent resource at: res://materials/textures/composite_matte_albedo.png.
   at: _printerr (scene/resources/resource_format_text.cpp:39)
ERROR: Failed loading resource: res://materials/bar_pendant_shade.tres. Make sure resources have been imported by opening the project in the editor at least once.
   at: _load (core/io/resource_loader.cpp:335)
ERROR: Unable to open file: res://.godot/imported/metal_grain_albedo.png-2f86e4a72894d47fe42d0bb15318f74f.s3tc.ctex.
   at: _load_data (scene/resources/compressed_texture.cpp:41)
ERROR: Failed loading resource: res://.godot/imported/metal_grain_albedo.png-2f86e4a72894d47fe42d0bb15318f74f.s3tc.ctex. Make sure resources have been imported by opening the project in the editor at least once.
   at: _load (core/io/resource_loader.cpp:335)
ERROR: Failed loading resource: res://materials/textures/metal_grain_albedo.png. Make sure resources have been imported by opening the project in the editor at least once.
   at: _load (core/io/resource_loader.cpp:335)
ERROR: Unable to open file: res://.godot/imported/metal_grain_normal.png-59977962636d1ed3c49443a01e747690.s3tc.ctex.
   at: _load_data (scene/resources/compressed_texture.cpp:41)
ERROR: Failed loading resource: res://.godot/imported/metal_grain_normal.png-59977962636d1ed3c49443a01e747690.s3tc.ctex. Make sure resources have been imported by opening the project in the editor at least once.
   at: _load (core/io/resource_loader.cpp:335)
ERROR: Failed loading resource: res://materials/textures/metal_grain_normal.png. Make sure resources have been imported by opening the project in the editor at least once.
   at: _load (core/io/resource_loader.cpp:335)
ERROR: Unable to open file: res://.godot/imported/metal_grain_orm.png-5794fd69453028a83dd178ad8dea0aa8.s3tc.ctex.
   at: _load_data (scene/resources/compressed_texture.cpp:41)
ERROR: Failed loading resource: res://.godot/imported/metal_grain_orm.png-5794fd69453028a83dd178ad8dea0aa8.s3tc.ctex. Make sure resources have been imported by opening the project in the editor at least once.
   at: _load (core/io/resource_loader.cpp:335)
ERROR: Failed loading resource: res://materials/textures/metal_grain_orm.png. Make sure resources have been imported by opening the project in the editor at least once.
   at: _load (core/io/resource_loader.cpp:335)
ERROR: res://materials/bar_pendant_stem.tres:17 - Parse Error: [ext_resource] referenced non-existent resource at: res://materials/textures/metal_grain_albedo.png.
   at: _printerr (scene/resources/resource_format_text.cpp:39)
ERROR: res://materials/bar_pendant_stem.tres:17 - Parse Error: [ext_resource] referenced non-existent resource at: res://materials/textures/metal_grain_albedo.png.
   at: _printerr (scene/resources/resource_format_text.cpp:39)
ERROR: Failed loading resource: res://materials/bar_pendant_stem.tres. Make sure resources have been imported by opening the project in the editor at least once.
   at: _load (core/io/resource_loader.cpp:335)
ERROR: Unable to open file: res://.godot/imported/paint_chip_albedo.png-866f368fbdd174d0849ff70d2952875f.s3tc.ctex.
   at: _load_data (scene/resources/compressed_texture.cpp:41)
ERROR: Failed loading resource: res://.godot/imported/paint_chip_albedo.png-866f368fbdd174d0849ff70d2952875f.s3tc.ctex. Make sure resources have been imported by opening the project in the editor at least once.
   at: _load (core/io/resource_loader.cpp:335)
ERROR: Failed loading resource: res://materials/textures/paint_chip_albedo.png. Make sure resources have been imported by opening the project in the editor at least once.
   at: _load (core/io/resource_loader.cpp:335)
ERROR: Unable to open file: res://.godot/imported/paint_chip_normal.png-6c8e87f98a98bd78df79b8658a61b28c.s3tc.ctex.
   at: _load_data (scene/resources/compressed_texture.cpp:41)
ERROR: Failed loading resource: res://.godot/imported/paint_chip_normal.png-6c8e87f98a98bd78df79b8658a61b28c.s3tc.ctex. Make sure resources have been imported by opening the project in the editor at least once.
   at: _load (core/io/resource_loader.cpp:335)
ERROR: Failed loading resource: res://materials/textures/paint_chip_normal.png. Make sure resources have been imported by opening the project in the editor at least once.
   at: _load (core/io/resource_loader.cpp:335)
ERROR: Unable to open file: res://.godot/imported/paint_chip_orm.png-e155643f75730f95662035bbf5d8fd41.s3tc.ctex.
   at: _load_data (scene/resources/compressed_texture.cpp:41)
ERROR: Failed loading resource: res://.godot/imported/paint_chip_orm.png-e155643f75730f95662035bbf5d8fd41.s3tc.ctex. Make sure resources have been imported by opening the project in the editor at least once.
   at: _load (core/io/resource_loader.cpp:335)
ERROR: Failed loading resource: res://materials/textures/paint_chip_orm.png. Make sure resources have been imported by opening the project in the editor at least once.
   at: _load (core/io/resource_loader.cpp:335)
ERROR: res://materials/bay_deck_emblem.tres:17 - Parse Error: [ext_resource] referenced non-existent resource at: res://materials/textures/paint_chip_albedo.png.
   at: _printerr (scene/resources/resource_format_text.cpp:39)
ERROR: res://materials/bay_deck_emblem.tres:17 - Parse Error: [ext_resource] referenced non-existent resource at: res://materials/textures/paint_chip_albedo.png.
   at: _printerr (scene/resources/resource_format_text.cpp:39)
ERROR: Failed loading resource: res://materials/bay_deck_emblem.tres. Make sure resources have been imported by opening the project in the editor at least once.
   at: _load (core/io/resource_loader.cpp:335)
ERROR: Unable to open file: res://.godot/imported/paint_chip_albedo.png-866f368fbdd174d0849ff70d2952875f.s3tc.ctex.
   at: _load_data (scene/resources/compressed_texture.cpp:41)
ERROR: Failed loading resource: res://.godot/imported/paint_chip_albedo.png-866f368fbdd174d0849ff70d2952875f.s3tc.ctex. Make sure resources have been imported by opening the project in the editor at least once.
   at: _load (core/io/resource_loader.cpp:335)
ERROR: Failed loading resource: res://materials/textures/paint_chip_albedo.png. Make sure resources have been imported by opening the project in the editor at least once.
   at: _load (core/io/resource_loader.cpp:335)
ERROR: Unable to open file: res://.godot/imported/paint_chip_normal.png-6c8e87f98a98bd78df79b8658a61b28c.s3tc.ctex.
   at: _load_data (scene/resources/compressed_texture.cpp:41)
ERROR: Failed loading resource: res://.godot/imported/paint_chip_normal.png-6c8e87f98a98bd78df79b8658a61b28c.s3tc.ctex. Make sure resources have been imported by opening the project in the editor at least once.
   at: _load (core/io/resource_loader.cpp:335)
ERROR: Failed loading resource: res://materials/textures/paint_chip_normal.png. Make sure resources have been imported by opening the project in the editor at least once.
   at: _load (core/io/resource_loader.cpp:335)
ERROR: Unable to open file: res://.godot/imported/paint_chip_orm.png-e155643f75730f95662035bbf5d8fd41.s3tc.ctex.
   at: _load_data (scene/resources/compressed_texture.cpp:41)
ERROR: Failed loading resource: res://.godot/imported/paint_chip_orm.png-e155643f75730f95662035bbf5d8fd41.s3tc.ctex. Make sure resources have been imported by opening the project in the editor at least once.
   at: _load (core/io/resource_loader.cpp:335)
ERROR: Failed loading resource: res://materials/textures/paint_chip_orm.png. Make sure resources have been imported by opening the project in the editor at least once.
   at: _load (core/io/resource_loader.cpp:335)
ERROR: res://materials/bay_deck_marking.tres:17 - Parse Error: [ext_resource] referenced non-existent resource at: res://materials/textures/paint_chip_albedo.png.
   at: _printerr (scene/resources/resource_format_text.cpp:39)
ERROR: res://materials/bay_deck_marking.tres:17 - Parse Error: [ext_resource] referenced non-existent resource at: res://materials/textures/paint_chip_albedo.png.
   at: _printerr (scene/resources/resource_format_text.cpp:39)
ERROR: Failed loading resource: res://materials/bay_deck_marking.tres. Make sure resources have been imported by opening the project in the editor at least once.
   at: _load (core/io/resource_loader.cpp:335)
ERROR: Unable to open file: res://.godot/imported/wall_plate_albedo.png-4b86a67befa70cc5800a6bb65aa67734.s3tc.ctex.
   at: _load_data (scene/resources/compressed_texture.cpp:41)
ERROR: Failed loading resource: res://.godot/imported/wall_plate_albedo.png-4b86a67befa70cc5800a6bb65aa67734.s3tc.ctex. Make sure resources have been imported by opening the project in the editor at least once.
   at: _load (core/io/resource_loader.cpp:335)
ERROR: Failed loading resource: res://materials/textures/wall_plate_albedo.png. Make sure resources have been imported by opening the project in the editor at least once.
   at: _load (core/io/resource_loader.cpp:335)
ERROR: Unable to open file: res://.godot/imported/wall_plate_normal.png-265e4bd21235ce195c72ab572b5d1f73.s3tc.ctex.
   at: _load_data (scene/resources/compressed_texture.cpp:41)
ERROR: Failed loading resource: res://.godot/imported/wall_plate_normal.png-265e4bd21235ce195c72ab572b5d1f73.s3tc.ctex. Make sure resources have been imported by opening the project in the editor at least once.
   at: _load (core/io/resource_loader.cpp:335)
ERROR: Failed loading resource: res://materials/textures/wall_plate_normal.png. Make sure resources have been imported by opening the project in the editor at least once.
   at: _load (core/io/resource_loader.cpp:335)
ERROR: Unable to open file: res://.godot/imported/wall_plate_orm.png-f3acf4fecbb9023465cee39638f161c1.s3tc.ctex.
   at: _load_data (scene/resources/compressed_texture.cpp:41)
ERROR: Failed loading resource: res://.godot/imported/wall_plate_orm.png-f3acf4fecbb9023465cee39638f161c1.s3tc.ctex. Make sure resources have been imported by opening the project in the editor at least once.
   at: _load (core/io/resource_loader.cpp:335)
ERROR: Failed loading resource: res://materials/textures/wall_plate_orm.png. Make sure resources have been imported by opening the project in the editor at least once.
   at: _load (core/io/resource_loader.cpp:335)
ERROR: res://materials/clad_services.tres:17 - Parse Error: [ext_resource] referenced non-existent resource at: res://materials/textures/wall_plate_albedo.png.
   at: _printerr (scene/resources/resource_format_text.cpp:39)
ERROR: res://materials/clad_services.tres:17 - Parse Error: [ext_resource] referenced non-existent resource at: res://materials/textures/wall_plate_albedo.png.
   at: _printerr (scene/resources/resource_format_text.cpp:39)
ERROR: Failed loading resource: res://materials/clad_services.tres. Make sure resources have been imported by opening the project in the editor at least once.
   at: _load (core/io/resource_loader.cpp:335)
ERROR: Unable to open file: res://.godot/imported/hull_plate_albedo.png-4b4693e8da52b6ce495f1f3efa9fd6e2.s3tc.ctex.
   at: _load_data (scene/resources/compressed_texture.cpp:41)
ERROR: Failed loading resource: res://.godot/imported/hull_plate_albedo.png-4b4693e8da52b6ce495f1f3efa9fd6e2.s3tc.ctex. Make sure resources have been imported by opening the project in the editor at least once.
   at: _load (core/io/resource_loader.cpp:335)
ERROR: Failed loading resource: res://materials/textures/hull_plate_albedo.png. Make sure resources have been imported by opening the project in the editor at least once.
   at: _load (core/io/resource_loader.cpp:335)
ERROR: Unable to open file: res://.godot/imported/hull_plate_normal.png-a4d526d4b860e31e22be36ac158ef1a7.s3tc.ctex.
   at: _load_data (scene/resources/compressed_texture.cpp:41)
ERROR: Failed loading resource: res://.godot/imported/hull_plate_normal.png-a4d526d4b860e31e22be36ac158ef1a7.s3tc.ctex. Make sure resources have been imported by opening the project in the editor at least once.
   at: _load (core/io/resource_loader.cpp:335)
ERROR: Failed loading resource: res://materials/textures/hull_plate_normal.png. Make sure resources have been imported by opening the project in the editor at least once.
   at: _load (core/io/resource_loader.cpp:335)
ERROR: Unable to open file: res://.godot/imported/hull_plate_orm.png-27c282a6f336eb6d197c29a699b1e2be.s3tc.ctex.
   at: _load_data (scene/resources/compressed_texture.cpp:41)
ERROR: Failed loading resource: res://.godot/imported/hull_plate_orm.png-27c282a6f336eb6d197c29a699b1e2be.s3tc.ctex. Make sure resources have been imported by opening the project in the editor at least once.
   at: _load (core/io/resource_loader.cpp:335)
ERROR: Failed loading resource: res://materials/textures/hull_plate_orm.png. Make sure resources have been imported by opening the project in the editor at least once.
   at: _load (core/io/resource_loader.cpp:335)
ERROR: res://materials/container_skin.tres:17 - Parse Error: [ext_resource] referenced non-existent resource at: res://materials/textures/hull_plate_albedo.png.
   at: _printerr (scene/resources/resource_format_text.cpp:39)
ERROR: res://materials/container_skin.tres:17 - Parse Error: [ext_resource] referenced non-existent resource at: res://materials/textures/hull_plate_albedo.png.
   at: _printerr (scene/resources/resource_format_text.cpp:39)
ERROR: Failed loading resource: res://materials/container_skin.tres. Make sure resources have been imported by opening the project in the editor at least once.
   at: _load (core/io/resource_loader.cpp:335)
ERROR: Unable to open file: res://.godot/imported/deck_plate_albedo.png-648fce38e4caf3985965c97b8a478784.s3tc.ctex.
   at: _load_data (scene/resources/compressed_texture.cpp:41)
ERROR: Failed loading resource: res://.godot/imported/deck_plate_albedo.png-648fce38e4caf3985965c97b8a478784.s3tc.ctex. Make sure resources have been imported by opening the project in the editor at least once.
   at: _load (core/io/resource_loader.cpp:335)
ERROR: Failed loading resource: res://materials/textures/deck_plate_albedo.png. Make sure resources have been imported by opening the project in the editor at least once.
   at: _load (core/io/resource_loader.cpp:335)
ERROR: Unable to open file: res://.godot/imported/deck_plate_normal.png-75e780d92fc496d5a4fe3bb1de5d25ba.s3tc.ctex.
   at: _load_data (scene/resources/compressed_texture.cpp:41)
ERROR: Failed loading resource: res://.godot/imported/deck_plate_normal.png-75e780d92fc496d5a4fe3bb1de5d25ba.s3tc.ctex. Make sure resources have been imported by opening the project in the editor at least once.
   at: _load (core/io/resource_loader.cpp:335)
ERROR: Failed loading resource: res://materials/textures/deck_plate_normal.png. Make sure resources have been imported by opening the project in the editor at least once.
   at: _load (core/io/resource_loader.cpp:335)
ERROR: Unable to open file: res://.godot/imported/deck_plate_orm.png-a43b1cdd5b0cacf1d50db6787f9906f3.s3tc.ctex.
   at: _load_data (scene/resources/compressed_texture.cpp:41)
ERROR: Failed loading resource: res://.godot/imported/deck_plate_orm.png-a43b1cdd5b0cacf1d50db6787f9906f3.s3tc.ctex. Make sure resources have been imported by opening the project in the editor at least once.
   at: _load (core/io/resource_loader.cpp:335)
ERROR: Failed loading resource: res://materials/textures/deck_plate_orm.png. Make sure resources have been imported by opening the project in the editor at least once.
   at: _load (core/io/resource_loader.cpp:335)
ERROR: res://materials/council_floor_dark.tres:17 - Parse Error: [ext_resource] referenced non-existent resource at: res://materials/textures/deck_plate_albedo.png.
   at: _printerr (scene/resources/resource_format_text.cpp:39)
ERROR: res://materials/council_floor_dark.tres:17 - Parse Error: [ext_resource] referenced non-existent resource at: res://materials/textures/deck_plate_albedo.png.
   at: _printerr (scene/resources/resource_format_text.cpp:39)
ERROR: Failed loading resource: res://materials/council_floor_dark.tres. Make sure resources have been imported by opening the project in the editor at least once.
   at: _load (core/io/resource_loader.cpp:335)
ERROR: Unable to open file: res://.godot/imported/deck_plate_albedo.png-648fce38e4caf3985965c97b8a478784.s3tc.ctex.
   at: _load_data (scene/resources/compressed_texture.cpp:41)
ERROR: Failed loading resource: res://.godot/imported/deck_plate_albedo.png-648fce38e4caf3985965c97b8a478784.s3tc.ctex. Make sure resources have been imported by opening the project in the editor at least once.
   at: _load (core/io/resource_loader.cpp:335)
ERROR: Failed loading resource: res://materials/textures/deck_plate_albedo.png. Make sure resources have been imported by opening the project in the editor at least once.
   at: _load (core/io/resource_loader.cpp:335)
ERROR: Unable to open file: res://.godot/imported/deck_plate_normal.png-75e780d92fc496d5a4fe3bb1de5d25ba.s3tc.ctex.
   at: _load_data (scene/resources/compressed_texture.cpp:41)
ERROR: Failed loading resource: res://.godot/imported/deck_plate_normal.png-75e780d92fc496d5a4fe3bb1de5d25ba.s3tc.ctex. Make sure resources have been imported by opening the project in the editor at least once.
   at: _load (core/io/resource_loader.cpp:335)
ERROR: Failed loading resource: res://materials/textures/deck_plate_normal.png. Make sure resources have been imported by opening the project in the editor at least once.
   at: _load (core/io/resource_loader.cpp:335)
ERROR: Unable to open file: res://.godot/imported/deck_plate_orm.png-a43b1cdd5b0cacf1d50db6787f9906f3.s3tc.ctex.
   at: _load_data (scene/resources/compressed_texture.cpp:41)
ERROR: Failed loading resource: res://.godot/imported/deck_plate_orm.png-a43b1cdd5b0cacf1d50db6787f9906f3.s3tc.ctex. Make sure resources have been imported by opening the project in the editor at least once.
   at: _load (core/io/resource_loader.cpp:335)
ERROR: Failed loading resource: res://materials/textures/deck_plate_orm.png. Make sure resources have been imported by opening the project in the editor at least once.
   at: _load (core/io/resource_loader.cpp:335)
ERROR: res://materials/council_floor_mid.tres:17 - Parse Error: [ext_resource] referenced non-existent resource at: res://materials/textures/deck_plate_albedo.png.
   at: _printerr (scene/resources/resource_format_text.cpp:39)
ERROR: res://materials/council_floor_mid.tres:17 - Parse Error: [ext_resource] referenced non-existent resource at: res://materials/textures/deck_plate_albedo.png.
   at: _printerr (scene/resources/resource_format_text.cpp:39)
ERROR: Failed loading resource: res://materials/council_floor_mid.tres. Make sure resources have been imported by opening the project in the editor at least once.
   at: _load (core/io/resource_loader.cpp:335)
ERROR: Unable to open file: res://.godot/imported/mesh_perf_albedo.png-97cc9b10a0334893e0c8773750b504ed.s3tc.ctex.
   at: _load_data (scene/resources/compressed_texture.cpp:41)
ERROR: Failed loading resource: res://.godot/imported/mesh_perf_albedo.png-97cc9b10a0334893e0c8773750b504ed.s3tc.ctex. Make sure resources have been imported by opening the project in the editor at least once.
   at: _load (core/io/resource_loader.cpp:335)
ERROR: Failed loading resource: res://materials/textures/mesh_perf_albedo.png. Make sure resources have been imported by opening the project in the editor at least once.
   at: _load (core/io/resource_loader.cpp:335)
ERROR: Unable to open file: res://.godot/imported/mesh_perf_normal.png-5acfc87236df03657236876d787936f8.s3tc.ctex.
   at: _load_data (scene/resources/compressed_texture.cpp:41)
ERROR: Failed loading resource: res://.godot/imported/mesh_perf_normal.png-5acfc87236df03657236876d787936f8.s3tc.ctex. Make sure resources have been imported by opening the project in the editor at least once.
   at: _load (core/io/resource_loader.cpp:335)
ERROR: Failed loading resource: res://materials/textures/mesh_perf_normal.png. Make sure resources have been imported by opening the project in the editor at least once.
   at: _load (core/io/resource_loader.cpp:335)
ERROR: Unable to open file: res://.godot/imported/mesh_perf_orm.png-7a64e4fd31f0b6c26426dc9c12832586.s3tc.ctex.
   at: _load_data (scene/resources/compressed_texture.cpp:41)
ERROR: Failed loading resource: res://.godot/imported/mesh_perf_orm.png-7a64e4fd31f0b6c26426dc9c12832586.s3tc.ctex. Make sure resources have been imported by opening the project in the editor at least once.
   at: _load (core/io/resource_loader.cpp:335)
ERROR: Failed loading resource: res://materials/textures/mesh_perf_orm.png. Make sure resources have been imported by opening the project in the editor at least once.
   at: _load (core/io/resource_loader.cpp:335)
ERROR: res://materials/council_lit_mesh.tres:17 - Parse Error: [ext_resource] referenced non-existent resource at: res://materials/textures/mesh_perf_albedo.png.
   at: _printerr (scene/resources/resource_format_text.cpp:39)
ERROR: res://materials/council_lit_mesh.tres:17 - Parse Error: [ext_resource] referenced non-existent resource at: res://materials/textures/mesh_perf_albedo.png.
   at: _printerr (scene/resources/resource_format_text.cpp:39)
ERROR: Failed loading resource: res://materials/council_lit_mesh.tres. Make sure resources have been imported by opening the project in the editor at least once.
   at: _load (core/io/resource_loader.cpp:335)
ERROR: Unable to open file: res://.godot/imported/metal_grain_albedo.png-2f86e4a72894d47fe42d0bb15318f74f.s3tc.ctex.
   at: _load_data (scene/resources/compressed_texture.cpp:41)
ERROR: Failed loading resource: res://.godot/imported/metal_grain_albedo.png-2f86e4a72894d47fe42d0bb15318f74f.s3tc.ctex. Make sure resources have been imported by opening the project in the editor at least once.
   at: _load (core/io/resource_loader.cpp:335)
ERROR: Failed loading resource: res://materials/textures/metal_grain_albedo.png. Make sure resources have been imported by opening the project in the editor at least once.
   at: _load (core/io/resource_loader.cpp:335)
ERROR: Unable to open file: res://.godot/imported/metal_grain_normal.png-59977962636d1ed3c49443a01e747690.s3tc.ctex.
   at: _load_data (scene/resources/compressed_texture.cpp:41)
ERROR: Failed loading resource: res://.godot/imported/metal_grain_normal.png-59977962636d1ed3c49443a01e747690.s3tc.ctex. Make sure resources have been imported by opening the project in the editor at least once.
   at: _load (core/io/resource_loader.cpp:335)
ERROR: Failed loading resource: res://materials/textures/metal_grain_normal.png. Make sure resources have been imported by opening the project in the editor at least once.
   at: _load (core/io/resource_loader.cpp:335)
ERROR: Unable to open file: res://.godot/imported/metal_grain_orm.png-5794fd69453028a83dd178ad8dea0aa8.s3tc.ctex.
   at: _load_data (scene/resources/compressed_texture.cpp:41)
ERROR: Failed loading resource: res://.godot/imported/metal_grain_orm.png-5794fd69453028a83dd178ad8dea0aa8.s3tc.ctex. Make sure resources have been imported by opening the project in the editor at least once.
   at: _load (core/io/resource_loader.cpp:335)
ERROR: Failed loading resource: res://materials/textures/metal_grain_orm.png. Make sure resources have been imported by opening the project in the editor at least once.
   at: _load (core/io/resource_loader.cpp:335)
ERROR: res://materials/council_speak_inlay.tres:17 - Parse Error: [ext_resource] referenced non-existent resource at: res://materials/textures/metal_grain_albedo.png.
   at: _printerr (scene/resources/resource_format_text.cpp:39)
ERROR: res://materials/council_speak_inlay.tres:17 - Parse Error: [ext_resource] referenced non-existent resource at: res://materials/textures/metal_grain_albedo.png.
   at: _printerr (scene/resources/resource_format_text.cpp:39)
ERROR: Failed loading resource: res://materials/council_speak_inlay.tres. Make sure resources have been imported by opening the project in the editor at least once.
   at: _load (core/io/resource_loader.cpp:335)
ERROR: Unable to open file: res://.godot/imported/composite_matte_albedo.png-31f7b654b2213e8aff6c6b47b8c508b5.s3tc.ctex.
   at: _load_data (scene/resources/compressed_texture.cpp:41)
ERROR: Failed loading resource: res://.godot/imported/composite_matte_albedo.png-31f7b654b2213e8aff6c6b47b8c508b5.s3tc.ctex. Make sure resources have been imported by opening the project in the editor at least once.
   at: _load (core/io/resource_loader.cpp:335)
ERROR: Failed loading resource: res://materials/textures/composite_matte_albedo.png. Make sure resources have been imported by opening the project in the editor at least once.
   at: _load (core/io/resource_loader.cpp:335)
ERROR: Unable to open file: res://.godot/imported/composite_matte_normal.png-73f36fc7d51238f03ee203339ee5592e.s3tc.ctex.
   at: _load_data (scene/resources/compressed_texture.cpp:41)
ERROR: Failed loading resource: res://.godot/imported/composite_matte_normal.png-73f36fc7d51238f03ee203339ee5592e.s3tc.ctex. Make sure resources have been imported by opening the project in the editor at least once.
   at: _load (core/io/resource_loader.cpp:335)
ERROR: Failed loading resource: res://materials/textures/composite_matte_normal.png. Make sure resources have been imported by opening the project in the editor at least once.
   at: _load (core/io/resource_loader.cpp:335)
ERROR: Unable to open file: res://.godot/imported/composite_matte_orm.png-fa6105aeb9ad6c081e96d4440198cc68.s3tc.ctex.
   at: _load_data (scene/resources/compressed_texture.cpp:41)
ERROR: Failed loading resource: res://.godot/imported/composite_matte_orm.png-fa6105aeb9ad6c081e96d4440198cc68.s3tc.ctex. Make sure resources have been imported by opening the project in the editor at least once.
   at: _load (core/io/resource_loader.cpp:335)
ERROR: Failed loading resource: res://materials/textures/composite_matte_orm.png. Make sure resources have been imported by opening the project in the editor at least once.
   at: _load (core/io/resource_loader.cpp:335)
ERROR: res://materials/device_console_bed.tres:17 - Parse Error: [ext_resource] referenced non-existent resource at: res://materials/textures/composite_matte_albedo.png.
   at: _printerr (scene/resources/resource_format_text.cpp:39)
ERROR: res://materials/device_console_bed.tres:17 - Parse Error: [ext_resource] referenced non-existent resource at: res://materials/textures/composite_matte_albedo.png.
   at: _printerr (scene/resources/resource_format_text.cpp:39)
ERROR: Failed loading resource: res://materials/device_console_bed.tres. Make sure resources have been imported by opening the project in the editor at least once.
   at: _load (core/io/resource_loader.cpp:335)
ERROR: Unable to open file: res://.godot/imported/metal_grain_albedo.png-2f86e4a72894d47fe42d0bb15318f74f.s3tc.ctex.
   at: _load_data (scene/resources/compressed_texture.cpp:41)
ERROR: Failed loading resource: res://.godot/imported/metal_grain_albedo.png-2f86e4a72894d47fe42d0bb15318f74f.s3tc.ctex. Make sure resources have been imported by opening the project in the editor at least once.
   at: _load (core/io/resource_loader.cpp:335)
ERROR: Failed loading resource: res://materials/textures/metal_grain_albedo.png. Make sure resources have been imported by opening the project in the editor at least once.
   at: _load (core/io/resource_loader.cpp:335)
ERROR: Unable to open file: res://.godot/imported/metal_grain_normal.png-59977962636d1ed3c49443a01e747690.s3tc.ctex.
   at: _load_data (scene/resources/compressed_texture.cpp:41)
ERROR: Failed loading resource: res://.godot/imported/metal_grain_normal.png-59977962636d1ed3c49443a01e747690.s3tc.ctex. Make sure resources have been imported by opening the project in the editor at least once.
   at: _load (core/io/resource_loader.cpp:335)
ERROR: Failed loading resource: res://materials/textures/metal_grain_normal.png. Make sure resources have been imported by opening the project in the editor at least once.
   at: _load (core/io/resource_loader.cpp:335)
ERROR: Unable to open file: res://.godot/imported/metal_grain_orm.png-5794fd69453028a83dd178ad8dea0aa8.s3tc.ctex.
   at: _load_data (scene/resources/compressed_texture.cpp:41)
ERROR: Failed loading resource: res://.godot/imported/metal_grain_orm.png-5794fd69453028a83dd178ad8dea0aa8.s3tc.ctex. Make sure resources have been imported by opening the project in the editor at least once.
   at: _load (core/io/resource_loader.cpp:335)
ERROR: Failed loading resource: res://materials/textures/metal_grain_orm.png. Make sure resources have been imported by opening the project in the editor at least once.
   at: _load (core/io/resource_loader.cpp:335)
ERROR: res://materials/device_reader_shell.tres:17 - Parse Error: [ext_resource] referenced non-existent resource at: res://materials/textures/metal_grain_albedo.png.
   at: _printerr (scene/resources/resource_format_text.cpp:39)
ERROR: res://materials/device_reader_shell.tres:17 - Parse Error: [ext_resource] referenced non-existent resource at: res://materials/textures/metal_grain_albedo.png.
   at: _printerr (scene/resources/resource_format_text.cpp:39)
ERROR: Failed loading resource: res://materials/device_reader_shell.tres. Make sure resources have been imported by opening the project in the editor at least once.
   at: _load (core/io/resource_loader.cpp:335)
ERROR: Unable to open file: res://.godot/imported/deck_plate_albedo.png-648fce38e4caf3985965c97b8a478784.s3tc.ctex.
   at: _load_data (scene/resources/compressed_texture.cpp:41)
ERROR: Failed loading resource: res://.godot/imported/deck_plate_albedo.png-648fce38e4caf3985965c97b8a478784.s3tc.ctex. Make sure resources have been imported by opening the project in the editor at least once.
   at: _load (core/io/resource_loader.cpp:335)
ERROR: Failed loading resource: res://materials/textures/deck_plate_albedo.png. Make sure resources have been imported by opening the project in the editor at least once.
   at: _load (core/io/resource_loader.cpp:335)
ERROR: Unable to open file: res://.godot/imported/deck_plate_normal.png-75e780d92fc496d5a4fe3bb1de5d25ba.s3tc.ctex.
   at: _load_data (scene/resources/compressed_texture.cpp:41)
ERROR: Failed loading resource: res://.godot/imported/deck_plate_normal.png-75e780d92fc496d5a4fe3bb1de5d25ba.s3tc.ctex. Make sure resources have been imported by opening the project in the editor at least once.
   at: _load (core/io/resource_loader.cpp:335)
ERROR: Failed loading resource: res://materials/textures/deck_plate_normal.png. Make sure resources have been imported by opening the project in the editor at least once.
   at: _load (core/io/resource_loader.cpp:335)
ERROR: Unable to open file: res://.godot/imported/deck_plate_orm.png-a43b1cdd5b0cacf1d50db6787f9906f3.s3tc.ctex.
   at: _load_data (scene/resources/compressed_texture.cpp:41)
ERROR: Failed loading resource: res://.godot/imported/deck_plate_orm.png-a43b1cdd5b0cacf1d50db6787f9906f3.s3tc.ctex. Make sure resources have been imported by opening the project in the editor at least once.
   at: _load (core/io/resource_loader.cpp:335)
ERROR: Failed loading resource: res://materials/textures/deck_plate_orm.png. Make sure resources have been imported by opening the project in the editor at least once.
   at: _load (core/io/resource_loader.cpp:335)
ERROR: res://materials/door_blast_plate.tres:17 - Parse Error: [ext_resource] referenced non-existent resource at: res://materials/textures/deck_plate_albedo.png.
   at: _printerr (scene/resources/resource_format_text.cpp:39)
ERROR: res://materials/door_blast_plate.tres:17 - Parse Error: [ext_resource] referenced non-existent resource at: res://materials/textures/deck_plate_albedo.png.
   at: _printerr (scene/resources/resource_format_text.cpp:39)
ERROR: Failed loading resource: res://materials/door_blast_plate.tres. Make sure resources have been imported by opening the project in the editor at least once.
   at: _load (core/io/resource_loader.cpp:335)
ERROR: Unable to open file: res://.godot/imported/wall_plate_albedo.png-4b86a67befa70cc5800a6bb65aa67734.s3tc.ctex.
   at: _load_data (scene/resources/compressed_texture.cpp:41)
ERROR: Failed loading resource: res://.godot/imported/wall_plate_albedo.png-4b86a67befa70cc5800a6bb65aa67734.s3tc.ctex. Make sure resources have been imported by opening the project in the editor at least once.
   at: _load (core/io/resource_loader.cpp:335)
ERROR: Failed loading resource: res://materials/textures/wall_plate_albedo.png. Make sure resources have been imported by opening the project in the editor at least once.
   at: _load (core/io/resource_loader.cpp:335)
ERROR: Unable to open file: res://.godot/imported/wall_plate_normal.png-265e4bd21235ce195c72ab572b5d1f73.s3tc.ctex.
   at: _load_data (scene/resources/compressed_texture.cpp:41)
ERROR: Failed loading resource: res://.godot/imported/wall_plate_normal.png-265e4bd21235ce195c72ab572b5d1f73.s3tc.ctex. Make sure resources have been imported by opening the project in the editor at least once.
   at: _load (core/io/resource_loader.cpp:335)
ERROR: Failed loading resource: res://materials/textures/wall_plate_normal.png. Make sure resources have been imported by opening the project in the editor at least once.
   at: _load (core/io/resource_loader.cpp:335)
ERROR: Unable to open file: res://.godot/imported/wall_plate_orm.png-f3acf4fecbb9023465cee39638f161c1.s3tc.ctex.
   at: _load_data (scene/resources/compressed_texture.cpp:41)
ERROR: Failed loading resource: res://.godot/imported/wall_plate_orm.png-f3acf4fecbb9023465cee39638f161c1.s3tc.ctex. Make sure resources have been imported by opening the project in the editor at least once.
   at: _load (core/io/resource_loader.cpp:335)
ERROR: Failed loading resource: res://materials/textures/wall_plate_orm.png. Make sure resources have been imported by opening the project in the editor at least once.
   at: _load (core/io/resource_loader.cpp:335)
ERROR: res://materials/door_leaf_painted.tres:17 - Parse Error: [ext_resource] referenced non-existent resource at: res://materials/textures/wall_plate_albedo.png.
   at: _printerr (scene/resources/resource_format_text.cpp:39)
ERROR: res://materials/door_leaf_painted.tres:17 - Parse Error: [ext_resource] referenced non-existent resource at: res://materials/textures/wall_plate_albedo.png.
   at: _printerr (scene/resources/resource_format_text.cpp:39)
ERROR: Failed loading resource: res://materials/door_leaf_painted.tres. Make sure resources have been imported by opening the project in the editor at least once.
   at: _load (core/io/resource_loader.cpp:335)
ERROR: Unable to open file: res://.godot/imported/truss_steel_albedo.png-310f2d722fb90361931bad676b6e954d.s3tc.ctex.
   at: _load_data (scene/resources/compressed_texture.cpp:41)
ERROR: Failed loading resource: res://.godot/imported/truss_steel_albedo.png-310f2d722fb90361931bad676b6e954d.s3tc.ctex. Make sure resources have been imported by opening the project in the editor at least once.
   at: _load (core/io/resource_loader.cpp:335)
ERROR: Failed loading resource: res://materials/textures/truss_steel_albedo.png. Make sure resources have been imported by opening the project in the editor at least once.
   at: _load (core/io/resource_loader.cpp:335)
ERROR: Unable to open file: res://.godot/imported/truss_steel_normal.png-874cd669c6039e6ab115715ac233e34b.s3tc.ctex.
   at: _load_data (scene/resources/compressed_texture.cpp:41)
ERROR: Failed loading resource: res://.godot/imported/truss_steel_normal.png-874cd669c6039e6ab115715ac233e34b.s3tc.ctex. Make sure resources have been imported by opening the project in the editor at least once.
   at: _load (core/io/resource_loader.cpp:335)
ERROR: Failed loading resource: res://materials/textures/truss_steel_normal.png. Make sure resources have been imported by opening the project in the editor at least once.
   at: _load (core/io/resource_loader.cpp:335)
ERROR: Unable to open file: res://.godot/imported/truss_steel_orm.png-d6e73b0735d2d71505e595d6e925d08d.s3tc.ctex.
   at: _load_data (scene/resources/compressed_texture.cpp:41)
ERROR: Failed loading resource: res://.godot/imported/truss_steel_orm.png-d6e73b0735d2d71505e595d6e925d08d.s3tc.ctex. Make sure resources have been imported by opening the project in the editor at least once.
   at: _load (core/io/resource_loader.cpp:335)
ERROR: Failed loading resource: res://materials/textures/truss_steel_orm.png. Make sure resources have been imported by opening the project in the editor at least once.
   at: _load (core/io/resource_loader.cpp:335)
ERROR: res://materials/door_scrap_welded.tres:17 - Parse Error: [ext_resource] referenced non-existent resource at: res://materials/textures/truss_steel_albedo.png.
   at: _printerr (scene/resources/resource_format_text.cpp:39)
ERROR: res://materials/door_scrap_welded.tres:17 - Parse Error: [ext_resource] referenced non-existent resource at: res://materials/textures/truss_steel_albedo.png.
   at: _printerr (scene/resources/resource_format_text.cpp:39)
ERROR: Failed loading resource: res://materials/door_scrap_welded.tres. Make sure resources have been imported by opening the project in the editor at least once.
   at: _load (core/io/resource_loader.cpp:335)
ERROR: Unable to open file: res://.godot/imported/hazard_chevron_albedo.png-137ba183530ea360efd2d4fe50248696.s3tc.ctex.
   at: _load_data (scene/resources/compressed_texture.cpp:41)
ERROR: Failed loading resource: res://.godot/imported/hazard_chevron_albedo.png-137ba183530ea360efd2d4fe50248696.s3tc.ctex. Make sure resources have been imported by opening the project in the editor at least once.
   at: _load (core/io/resource_loader.cpp:335)
ERROR: Failed loading resource: res://materials/textures/hazard_chevron_albedo.png. Make sure resources have been imported by opening the project in the editor at least once.
   at: _load (core/io/resource_loader.cpp:335)
ERROR: Unable to open file: res://.godot/imported/hazard_chevron_normal.png-7585303b9afb215bcfec6101c016742b.s3tc.ctex.
   at: _load_data (scene/resources/compressed_texture.cpp:41)
ERROR: Failed loading resource: res://.godot/imported/hazard_chevron_normal.png-7585303b9afb215bcfec6101c016742b.s3tc.ctex. Make sure resources have been imported by opening the project in the editor at least once.
   at: _load (core/io/resource_loader.cpp:335)
ERROR: Failed loading resource: res://materials/textures/hazard_chevron_normal.png. Make sure resources have been imported by opening the project in the editor at least once.
   at: _load (core/io/resource_loader.cpp:335)
ERROR: Unable to open file: res://.godot/imported/hazard_chevron_orm.png-935102ab60e5a742ae724b617f0fef5f.s3tc.ctex.
   at: _load_data (scene/resources/compressed_texture.cpp:41)
ERROR: Failed loading resource: res://.godot/imported/hazard_chevron_orm.png-935102ab60e5a742ae724b617f0fef5f.s3tc.ctex. Make sure resources have been imported by opening the project in the editor at least once.
   at: _load (core/io/resource_loader.cpp:335)
ERROR: Failed loading resource: res://materials/textures/hazard_chevron_orm.png. Make sure resources have been imported by opening the project in the editor at least once.
   at: _load (core/io/resource_loader.cpp:335)
ERROR: res://materials/edge_chevron_nosing.tres:17 - Parse Error: [ext_resource] referenced non-existent resource at: res://materials/textures/hazard_chevron_albedo.png.
   at: _printerr (scene/resources/resource_format_text.cpp:39)
ERROR: res://materials/edge_chevron_nosing.tres:17 - Parse Error: [ext_resource] referenced non-existent resource at: res://materials/textures/hazard_chevron_albedo.png.
   at: _printerr (scene/resources/resource_format_text.cpp:39)
ERROR: Failed loading resource: res://materials/edge_chevron_nosing.tres. Make sure resources have been imported by opening the project in the editor at least once.
   at: _load (core/io/resource_loader.cpp:335)
ERROR: Unable to open file: res://.godot/imported/composite_matte_albedo.png-31f7b654b2213e8aff6c6b47b8c508b5.s3tc.ctex.
   at: _load_data (scene/resources/compressed_texture.cpp:41)
ERROR: Failed loading resource: res://.godot/imported/composite_matte_albedo.png-31f7b654b2213e8aff6c6b47b8c508b5.s3tc.ctex. Make sure resources have been imported by opening the project in the editor at least once.
   at: _load (core/io/resource_loader.cpp:335)
ERROR: Failed loading resource: res://materials/textures/composite_matte_albedo.png. Make sure resources have been imported by opening the project in the editor at least once.
   at: _load (core/io/resource_loader.cpp:335)
ERROR: Unable to open file: res://.godot/imported/composite_matte_normal.png-73f36fc7d51238f03ee203339ee5592e.s3tc.ctex.
   at: _load_data (scene/resources/compressed_texture.cpp:41)
ERROR: Failed loading resource: res://.godot/imported/composite_matte_normal.png-73f36fc7d51238f03ee203339ee5592e.s3tc.ctex. Make sure resources have been imported by opening the project in the editor at least once.
   at: _load (core/io/resource_loader.cpp:335)
ERROR: Failed loading resource: res://materials/textures/composite_matte_normal.png. Make sure resources have been imported by opening the project in the editor at least once.
   at: _load (core/io/resource_loader.cpp:335)
ERROR: Unable to open file: res://.godot/imported/composite_matte_orm.png-fa6105aeb9ad6c081e96d4440198cc68.s3tc.ctex.
   at: _load_data (scene/resources/compressed_texture.cpp:41)
ERROR: Failed loading resource: res://.godot/imported/composite_matte_orm.png-fa6105aeb9ad6c081e96d4440198cc68.s3tc.ctex. Make sure resources have been imported by opening the project in the editor at least once.
   at: _load (core/io/resource_loader.cpp:335)
ERROR: Failed loading resource: res://materials/textures/composite_matte_orm.png. Make sure resources have been imported by opening the project in the editor at least once.
   at: _load (core/io/resource_loader.cpp:335)
ERROR: res://materials/furn_casework.tres:17 - Parse Error: [ext_resource] referenced non-existent resource at: res://materials/textures/composite_matte_albedo.png.
   at: _printerr (scene/resources/resource_format_text.cpp:39)
ERROR: res://materials/furn_casework.tres:17 - Parse Error: [ext_resource] referenced non-existent resource at: res://materials/textures/composite_matte_albedo.png.
   at: _printerr (scene/resources/resource_format_text.cpp:39)
ERROR: Failed loading resource: res://materials/furn_casework.tres. Make sure resources have been imported by opening the project in the editor at least once.
   at: _load (core/io/resource_loader.cpp:335)
ERROR: Unable to open file: res://.godot/imported/composite_matte_albedo.png-31f7b654b2213e8aff6c6b47b8c508b5.s3tc.ctex.
   at: _load_data (scene/resources/compressed_texture.cpp:41)
ERROR: Failed loading resource: res://.godot/imported/composite_matte_albedo.png-31f7b654b2213e8aff6c6b47b8c508b5.s3tc.ctex. Make sure resources have been imported by opening the project in the editor at least once.
   at: _load (core/io/resource_loader.cpp:335)
ERROR: Failed loading resource: res://materials/textures/composite_matte_albedo.png. Make sure resources have been imported by opening the project in the editor at least once.
   at: _load (core/io/resource_loader.cpp:335)
ERROR: Unable to open file: res://.godot/imported/composite_matte_normal.png-73f36fc7d51238f03ee203339ee5592e.s3tc.ctex.
   at: _load_data (scene/resources/compressed_texture.cpp:41)
ERROR: Failed loading resource: res://.godot/imported/composite_matte_normal.png-73f36fc7d51238f03ee203339ee5592e.s3tc.ctex. Make sure resources have been imported by opening the project in the editor at least once.
   at: _load (core/io/resource_loader.cpp:335)
ERROR: Failed loading resource: res://materials/textures/composite_matte_normal.png. Make sure resources have been imported by opening the project in the editor at least once.
   at: _load (core/io/resource_loader.cpp:335)
ERROR: Unable to open file: res://.godot/imported/composite_matte_orm.png-fa6105aeb9ad6c081e96d4440198cc68.s3tc.ctex.
   at: _load_data (scene/resources/compressed_texture.cpp:41)
ERROR: Failed loading resource: res://.godot/imported/composite_matte_orm.png-fa6105aeb9ad6c081e96d4440198cc68.s3tc.ctex. Make sure resources have been imported by opening the project in the editor at least once.
   at: _load (core/io/resource_loader.cpp:335)
ERROR: Failed loading resource: res://materials/textures/composite_matte_orm.png. Make sure resources have been imported by opening the project in the editor at least once.
   at: _load (core/io/resource_loader.cpp:335)
ERROR: res://materials/furn_clinical.tres:17 - Parse Error: [ext_resource] referenced non-existent resource at: res://materials/textures/composite_matte_albedo.png.
   at: _printerr (scene/resources/resource_format_text.cpp:39)
ERROR: res://materials/furn_clinical.tres:17 - Parse Error: [ext_resource] referenced non-existent resource at: res://materials/textures/composite_matte_albedo.png.
   at: _printerr (scene/resources/resource_format_text.cpp:39)
ERROR: Failed loading resource: res://materials/furn_clinical.tres. Make sure resources have been imported by opening the project in the editor at least once.
   at: _load (core/io/resource_loader.cpp:335)
ERROR: Unable to open file: res://.godot/imported/stone_agg_albedo.png-d367ac362f0e0d897261017da4c08f2a.s3tc.ctex.
   at: _load_data (scene/resources/compressed_texture.cpp:41)
ERROR: Failed loading resource: res://.godot/imported/stone_agg_albedo.png-d367ac362f0e0d897261017da4c08f2a.s3tc.ctex. Make sure resources have been imported by opening the project in the editor at least once.
   at: _load (core/io/resource_loader.cpp:335)
ERROR: Failed loading resource: res://materials/textures/stone_agg_albedo.png. Make sure resources have been imported by opening the project in the editor at least once.
   at: _load (core/io/resource_loader.cpp:335)
ERROR: Unable to open file: res://.godot/imported/stone_agg_normal.png-8156e17817983143f579503a9147f123.s3tc.ctex.
   at: _load_data (scene/resources/compressed_texture.cpp:41)
ERROR: Failed loading resource: res://.godot/imported/stone_agg_normal.png-8156e17817983143f579503a9147f123.s3tc.ctex. Make sure resources have been imported by opening the project in the editor at least once.
   at: _load (core/io/resource_loader.cpp:335)
ERROR: Failed loading resource: res://materials/textures/stone_agg_normal.png. Make sure resources have been imported by opening the project in the editor at least once.
   at: _load (core/io/resource_loader.cpp:335)
ERROR: Unable to open file: res://.godot/imported/stone_agg_orm.png-dccc32ec91ab6674aee32f38c34c7277.s3tc.ctex.
   at: _load_data (scene/resources/compressed_texture.cpp:41)
ERROR: Failed loading resource: res://.godot/imported/stone_agg_orm.png-dccc32ec91ab6674aee32f38c34c7277.s3tc.ctex. Make sure resources have been imported by opening the project in the editor at least once.
   at: _load (core/io/resource_loader.cpp:335)
ERROR: Failed loading resource: res://materials/textures/stone_agg_orm.png. Make sure resources have been imported by opening the project in the editor at least once.
   at: _load (core/io/resource_loader.cpp:335)
ERROR: res://materials/furn_dark_stone.tres:17 - Parse Error: [ext_resource] referenced non-existent resource at: res://materials/textures/stone_agg_albedo.png.
   at: _printerr (scene/resources/resource_format_text.cpp:39)
ERROR: res://materials/furn_dark_stone.tres:17 - Parse Error: [ext_resource] referenced non-existent resource at: res://materials/textures/stone_agg_albedo.png.
   at: _printerr (scene/resources/resource_format_text.cpp:39)
ERROR: Failed loading resource: res://materials/furn_dark_stone.tres. Make sure resources have been imported by opening the project in the editor at least once.
   at: _load (core/io/resource_loader.cpp:335)
ERROR: Unable to open file: res://.godot/imported/cloth_weave_albedo.png-4e67a9aa361c0cbbadb395c54bcafaac.s3tc.ctex.
   at: _load_data (scene/resources/compressed_texture.cpp:41)
ERROR: Failed loading resource: res://.godot/imported/cloth_weave_albedo.png-4e67a9aa361c0cbbadb395c54bcafaac.s3tc.ctex. Make sure resources have been imported by opening the project in the editor at least once.
   at: _load (core/io/resource_loader.cpp:335)
ERROR: Failed loading resource: res://materials/textures/cloth_weave_albedo.png. Make sure resources have been imported by opening the project in the editor at least once.
   at: _load (core/io/resource_loader.cpp:335)
ERROR: Unable to open file: res://.godot/imported/cloth_weave_normal.png-99f5872fcd5758cdfbfe6a52cd58fb8d.s3tc.ctex.
   at: _load_data (scene/resources/compressed_texture.cpp:41)
ERROR: Failed loading resource: res://.godot/imported/cloth_weave_normal.png-99f5872fcd5758cdfbfe6a52cd58fb8d.s3tc.ctex. Make sure resources have been imported by opening the project in the editor at least once.
   at: _load (core/io/resource_loader.cpp:335)
ERROR: Failed loading resource: res://materials/textures/cloth_weave_normal.png. Make sure resources have been imported by opening the project in the editor at least once.
   at: _load (core/io/resource_loader.cpp:335)
ERROR: Unable to open file: res://.godot/imported/cloth_weave_orm.png-909887806547e6305d6001871d1b81f9.s3tc.ctex.
   at: _load_data (scene/resources/compressed_texture.cpp:41)
ERROR: Failed loading resource: res://.godot/imported/cloth_weave_orm.png-909887806547e6305d6001871d1b81f9.s3tc.ctex. Make sure resources have been imported by opening the project in the editor at least once.
   at: _load (core/io/resource_loader.cpp:335)
ERROR: Failed loading resource: res://materials/textures/cloth_weave_orm.png. Make sure resources have been imported by opening the project in the editor at least once.
   at: _load (core/io/resource_loader.cpp:335)
ERROR: res://materials/furn_gaming_baize.tres:17 - Parse Error: [ext_resource] referenced non-existent resource at: res://materials/textures/cloth_weave_albedo.png.
   at: _printerr (scene/resources/resource_format_text.cpp:39)
ERROR: res://materials/furn_gaming_baize.tres:17 - Parse Error: [ext_resource] referenced non-existent resource at: res://materials/textures/cloth_weave_albedo.png.
   at: _printerr (scene/resources/resource_format_text.cpp:39)
ERROR: Failed loading resource: res://materials/furn_gaming_baize.tres. Make sure resources have been imported by opening the project in the editor at least once.
   at: _load (core/io/resource_loader.cpp:335)
ERROR: Unable to open file: res://.godot/imported/composite_matte_albedo.png-31f7b654b2213e8aff6c6b47b8c508b5.s3tc.ctex.
   at: _load_data (scene/resources/compressed_texture.cpp:41)
ERROR: Failed loading resource: res://.godot/imported/composite_matte_albedo.png-31f7b654b2213e8aff6c6b47b8c508b5.s3tc.ctex. Make sure resources have been imported by opening the project in the editor at least once.
   at: _load (core/io/resource_loader.cpp:335)
ERROR: Failed loading resource: res://materials/textures/composite_matte_albedo.png. Make sure resources have been imported by opening the project in the editor at least once.
   at: _load (core/io/resource_loader.cpp:335)
ERROR: Unable to open file: res://.godot/imported/composite_matte_normal.png-73f36fc7d51238f03ee203339ee5592e.s3tc.ctex.
   at: _load_data (scene/resources/compressed_texture.cpp:41)
ERROR: Failed loading resource: res://.godot/imported/composite_matte_normal.png-73f36fc7d51238f03ee203339ee5592e.s3tc.ctex. Make sure resources have been imported by opening the project in the editor at least once.
   at: _load (core/io/resource_loader.cpp:335)
ERROR: Failed loading resource: res://materials/textures/composite_matte_normal.png. Make sure resources have been imported by opening the project in the editor at least once.
   at: _load (core/io/resource_loader.cpp:335)
ERROR: Unable to open file: res://.godot/imported/composite_matte_orm.png-fa6105aeb9ad6c081e96d4440198cc68.s3tc.ctex.
   at: _load_data (scene/resources/compressed_texture.cpp:41)
ERROR: Failed loading resource: res://.godot/imported/composite_matte_orm.png-fa6105aeb9ad6c081e96d4440198cc68.s3tc.ctex. Make sure resources have been imported by opening the project in the editor at least once.
   at: _load (core/io/resource_loader.cpp:335)
ERROR: Failed loading resource: res://materials/textures/composite_matte_orm.png. Make sure resources have been imported by opening the project in the editor at least once.
   at: _load (core/io/resource_loader.cpp:335)
ERROR: res://materials/furn_pale_composite.tres:17 - Parse Error: [ext_resource] referenced non-existent resource at: res://materials/textures/composite_matte_albedo.png.
   at: _printerr (scene/resources/resource_format_text.cpp:39)
ERROR: res://materials/furn_pale_composite.tres:17 - Parse Error: [ext_resource] referenced non-existent resource at: res://materials/textures/composite_matte_albedo.png.
   at: _printerr (scene/resources/resource_format_text.cpp:39)
ERROR: Failed loading resource: res://materials/furn_pale_composite.tres. Make sure resources have been imported by opening the project in the editor at least once.
   at: _load (core/io/resource_loader.cpp:335)
ERROR: Unable to open file: res://.godot/imported/deck_plate_albedo.png-648fce38e4caf3985965c97b8a478784.s3tc.ctex.
   at: _load_data (scene/resources/compressed_texture.cpp:41)
ERROR: Failed loading resource: res://.godot/imported/deck_plate_albedo.png-648fce38e4caf3985965c97b8a478784.s3tc.ctex. Make sure resources have been imported by opening the project in the editor at least once.
   at: _load (core/io/resource_loader.cpp:335)
ERROR: Failed loading resource: res://materials/textures/deck_plate_albedo.png. Make sure resources have been imported by opening the project in the editor at least once.
   at: _load (core/io/resource_loader.cpp:335)
ERROR: Unable to open file: res://.godot/imported/deck_plate_normal.png-75e780d92fc496d5a4fe3bb1de5d25ba.s3tc.ctex.
   at: _load_data (scene/resources/compressed_texture.cpp:41)
ERROR: Failed loading resource: res://.godot/imported/deck_plate_normal.png-75e780d92fc496d5a4fe3bb1de5d25ba.s3tc.ctex. Make sure resources have been imported by opening the project in the editor at least once.
   at: _load (core/io/resource_loader.cpp:335)
ERROR: Failed loading resource: res://materials/textures/deck_plate_normal.png. Make sure resources have been imported by opening the project in the editor at least once.
   at: _load (core/io/resource_loader.cpp:335)
ERROR: Unable to open file: res://.godot/imported/deck_plate_orm.png-a43b1cdd5b0cacf1d50db6787f9906f3.s3tc.ctex.
   at: _load_data (scene/resources/compressed_texture.cpp:41)
ERROR: Failed loading resource: res://.godot/imported/deck_plate_orm.png-a43b1cdd5b0cacf1d50db6787f9906f3.s3tc.ctex. Make sure resources have been imported by opening the project in the editor at least once.
   at: _load (core/io/resource_loader.cpp:335)
ERROR: Failed loading resource: res://materials/textures/deck_plate_orm.png. Make sure resources have been imported by opening the project in the editor at least once.
   at: _load (core/io/resource_loader.cpp:335)
ERROR: res://materials/furn_paving.tres:17 - Parse Error: [ext_resource] referenced non-existent resource at: res://materials/textures/deck_plate_albedo.png.
   at: _printerr (scene/resources/resource_format_text.cpp:39)
ERROR: res://materials/furn_paving.tres:17 - Parse Error: [ext_resource] referenced non-existent resource at: res://materials/textures/deck_plate_albedo.png.
   at: _printerr (scene/resources/resource_format_text.cpp:39)
ERROR: Failed loading resource: res://materials/furn_paving.tres. Make sure resources have been imported by opening the project in the editor at least once.
   at: _load (core/io/resource_loader.cpp:335)
ERROR: Unable to open file: res://.godot/imported/composite_matte_albedo.png-31f7b654b2213e8aff6c6b47b8c508b5.s3tc.ctex.
   at: _load_data (scene/resources/compressed_texture.cpp:41)
ERROR: Failed loading resource: res://.godot/imported/composite_matte_albedo.png-31f7b654b2213e8aff6c6b47b8c508b5.s3tc.ctex. Make sure resources have been imported by opening the project in the editor at least once.
   at: _load (core/io/resource_loader.cpp:335)
ERROR: Failed loading resource: res://materials/textures/composite_matte_albedo.png. Make sure resources have been imported by opening the project in the editor at least once.
   at: _load (core/io/resource_loader.cpp:335)
ERROR: Unable to open file: res://.godot/imported/composite_matte_normal.png-73f36fc7d51238f03ee203339ee5592e.s3tc.ctex.
   at: _load_data (scene/resources/compressed_texture.cpp:41)
ERROR: Failed loading resource: res://.godot/imported/composite_matte_normal.png-73f36fc7d51238f03ee203339ee5592e.s3tc.ctex. Make sure resources have been imported by opening the project in the editor at least once.
   at: _load (core/io/resource_loader.cpp:335)
ERROR: Failed loading resource: res://materials/textures/composite_matte_normal.png. Make sure resources have been imported by opening the project in the editor at least once.
   at: _load (core/io/resource_loader.cpp:335)
ERROR: Unable to open file: res://.godot/imported/composite_matte_orm.png-fa6105aeb9ad6c081e96d4440198cc68.s3tc.ctex.
   at: _load_data (scene/resources/compressed_texture.cpp:41)
ERROR: Failed loading resource: res://.godot/imported/composite_matte_orm.png-fa6105aeb9ad6c081e96d4440198cc68.s3tc.ctex. Make sure resources have been imported by opening the project in the editor at least once.
   at: _load (core/io/resource_loader.cpp:335)
ERROR: Failed loading resource: res://materials/textures/composite_matte_orm.png. Make sure resources have been imported by opening the project in the editor at least once.
   at: _load (core/io/resource_loader.cpp:335)
ERROR: res://materials/furn_screen_panel.tres:17 - Parse Error: [ext_resource] referenced non-existent resource at: res://materials/textures/composite_matte_albedo.png.
   at: _printerr (scene/resources/resource_format_text.cpp:39)
ERROR: res://materials/furn_screen_panel.tres:17 - Parse Error: [ext_resource] referenced non-existent resource at: res://materials/textures/composite_matte_albedo.png.
   at: _printerr (scene/resources/resource_format_text.cpp:39)
ERROR: Failed loading resource: res://materials/furn_screen_panel.tres. Make sure resources have been imported by opening the project in the editor at least once.
   at: _load (core/io/resource_loader.cpp:335)
ERROR: Unable to open file: res://.godot/imported/metal_grain_albedo.png-2f86e4a72894d47fe42d0bb15318f74f.s3tc.ctex.
   at: _load_data (scene/resources/compressed_texture.cpp:41)
ERROR: Failed loading resource: res://.godot/imported/metal_grain_albedo.png-2f86e4a72894d47fe42d0bb15318f74f.s3tc.ctex. Make sure resources have been imported by opening the project in the editor at least once.
   at: _load (core/io/resource_loader.cpp:335)
ERROR: Failed loading resource: res://materials/textures/metal_grain_albedo.png. Make sure resources have been imported by opening the project in the editor at least once.
   at: _load (core/io/resource_loader.cpp:335)
ERROR: Unable to open file: res://.godot/imported/metal_grain_normal.png-59977962636d1ed3c49443a01e747690.s3tc.ctex.
   at: _load_data (scene/resources/compressed_texture.cpp:41)
ERROR: Failed loading resource: res://.godot/imported/metal_grain_normal.png-59977962636d1ed3c49443a01e747690.s3tc.ctex. Make sure resources have been imported by opening the project in the editor at least once.
   at: _load (core/io/resource_loader.cpp:335)
ERROR: Failed loading resource: res://materials/textures/metal_grain_normal.png. Make sure resources have been imported by opening the project in the editor at least once.
   at: _load (core/io/resource_loader.cpp:335)
ERROR: Unable to open file: res://.godot/imported/metal_grain_orm.png-5794fd69453028a83dd178ad8dea0aa8.s3tc.ctex.
   at: _load_data (scene/resources/compressed_texture.cpp:41)
ERROR: Failed loading resource: res://.godot/imported/metal_grain_orm.png-5794fd69453028a83dd178ad8dea0aa8.s3tc.ctex. Make sure resources have been imported by opening the project in the editor at least once.
   at: _load (core/io/resource_loader.cpp:335)
ERROR: Failed loading resource: res://materials/textures/metal_grain_orm.png. Make sure resources have been imported by opening the project in the editor at least once.
   at: _load (core/io/resource_loader.cpp:335)
ERROR: res://materials/furn_service_steel.tres:17 - Parse Error: [ext_resource] referenced non-existent resource at: res://materials/textures/metal_grain_albedo.png.
   at: _printerr (scene/resources/resource_format_text.cpp:39)
ERROR: res://materials/furn_service_steel.tres:17 - Parse Error: [ext_resource] referenced non-existent resource at: res://materials/textures/metal_grain_albedo.png.
   at: _printerr (scene/resources/resource_format_text.cpp:39)
ERROR: Failed loading resource: res://materials/furn_service_steel.tres. Make sure resources have been imported by opening the project in the editor at least once.
   at: _load (core/io/resource_loader.cpp:335)
ERROR: Unable to open file: res://.godot/imported/truss_steel_albedo.png-310f2d722fb90361931bad676b6e954d.s3tc.ctex.
   at: _load_data (scene/resources/compressed_texture.cpp:41)
ERROR: Failed loading resource: res://.godot/imported/truss_steel_albedo.png-310f2d722fb90361931bad676b6e954d.s3tc.ctex. Make sure resources have been imported by opening the project in the editor at least once.
   at: _load (core/io/resource_loader.cpp:335)
ERROR: Failed loading resource: res://materials/textures/truss_steel_albedo.png. Make sure resources have been imported by opening the project in the editor at least once.
   at: _load (core/io/resource_loader.cpp:335)
ERROR: Unable to open file: res://.godot/imported/truss_steel_normal.png-874cd669c6039e6ab115715ac233e34b.s3tc.ctex.
   at: _load_data (scene/resources/compressed_texture.cpp:41)
ERROR: Failed loading resource: res://.godot/imported/truss_steel_normal.png-874cd669c6039e6ab115715ac233e34b.s3tc.ctex. Make sure resources have been imported by opening the project in the editor at least once.
   at: _load (core/io/resource_loader.cpp:335)
ERROR: Failed loading resource: res://materials/textures/truss_steel_normal.png. Make sure resources have been imported by opening the project in the editor at least once.
   at: _load (core/io/resource_loader.cpp:335)
ERROR: Unable to open file: res://.godot/imported/truss_steel_orm.png-d6e73b0735d2d71505e595d6e925d08d.s3tc.ctex.
   at: _load_data (scene/resources/compressed_texture.cpp:41)
ERROR: Failed loading resource: res://.godot/imported/truss_steel_orm.png-d6e73b0735d2d71505e595d6e925d08d.s3tc.ctex. Make sure resources have been imported by opening the project in the editor at least once.
   at: _load (core/io/resource_loader.cpp:335)
ERROR: Failed loading resource: res://materials/textures/truss_steel_orm.png. Make sure resources have been imported by opening the project in the editor at least once.
   at: _load (core/io/resource_loader.cpp:335)
ERROR: res://materials/furn_shop_steel.tres:17 - Parse Error: [ext_resource] referenced non-existent resource at: res://materials/textures/truss_steel_albedo.png.
   at: _printerr (scene/resources/resource_format_text.cpp:39)
ERROR: res://materials/furn_shop_steel.tres:17 - Parse Error: [ext_resource] referenced non-existent resource at: res://materials/textures/truss_steel_albedo.png.
   at: _printerr (scene/resources/resource_format_text.cpp:39)
ERROR: Failed loading resource: res://materials/furn_shop_steel.tres. Make sure resources have been imported by opening the project in the editor at least once.
   at: _load (core/io/resource_loader.cpp:335)
ERROR: Unable to open file: res://.godot/imported/cloth_weave_albedo.png-4e67a9aa361c0cbbadb395c54bcafaac.s3tc.ctex.
   at: _load_data (scene/resources/compressed_texture.cpp:41)
ERROR: Failed loading resource: res://.godot/imported/cloth_weave_albedo.png-4e67a9aa361c0cbbadb395c54bcafaac.s3tc.ctex. Make sure resources have been imported by opening the project in the editor at least once.
   at: _load (core/io/resource_loader.cpp:335)
ERROR: Failed loading resource: res://materials/textures/cloth_weave_albedo.png. Make sure resources have been imported by opening the project in the editor at least once.
   at: _load (core/io/resource_loader.cpp:335)
ERROR: Unable to open file: res://.godot/imported/cloth_weave_normal.png-99f5872fcd5758cdfbfe6a52cd58fb8d.s3tc.ctex.
   at: _load_data (scene/resources/compressed_texture.cpp:41)
ERROR: Failed loading resource: res://.godot/imported/cloth_weave_normal.png-99f5872fcd5758cdfbfe6a52cd58fb8d.s3tc.ctex. Make sure resources have been imported by opening the project in the editor at least once.
   at: _load (core/io/resource_loader.cpp:335)
ERROR: Failed loading resource: res://materials/textures/cloth_weave_normal.png. Make sure resources have been imported by opening the project in the editor at least once.
   at: _load (core/io/resource_loader.cpp:335)
ERROR: Unable to open file: res://.godot/imported/cloth_weave_orm.png-909887806547e6305d6001871d1b81f9.s3tc.ctex.
   at: _load_data (scene/resources/compressed_texture.cpp:41)
ERROR: Failed loading resource: res://.godot/imported/cloth_weave_orm.png-909887806547e6305d6001871d1b81f9.s3tc.ctex. Make sure resources have been imported by opening the project in the editor at least once.
   at: _load (core/io/resource_loader.cpp:335)
ERROR: Failed loading resource: res://materials/textures/cloth_weave_orm.png. Make sure resources have been imported by opening the project in the editor at least once.
   at: _load (core/io/resource_loader.cpp:335)
ERROR: res://materials/furn_stall_canvas.tres:17 - Parse Error: [ext_resource] referenced non-existent resource at: res://materials/textures/cloth_weave_albedo.png.
   at: _printerr (scene/resources/resource_format_text.cpp:39)
ERROR: res://materials/furn_stall_canvas.tres:17 - Parse Error: [ext_resource] referenced non-existent resource at: res://materials/textures/cloth_weave_albedo.png.
   at: _printerr (scene/resources/resource_format_text.cpp:39)
ERROR: Failed loading resource: res://materials/furn_stall_canvas.tres. Make sure resources have been imported by opening the project in the editor at least once.
   at: _load (core/io/resource_loader.cpp:335)
ERROR: Unable to open file: res://.godot/imported/paint_chip_albedo.png-866f368fbdd174d0849ff70d2952875f.s3tc.ctex.
   at: _load_data (scene/resources/compressed_texture.cpp:41)
ERROR: Failed loading resource: res://.godot/imported/paint_chip_albedo.png-866f368fbdd174d0849ff70d2952875f.s3tc.ctex. Make sure resources have been imported by opening the project in the editor at least once.
   at: _load (core/io/resource_loader.cpp:335)
ERROR: Failed loading resource: res://materials/textures/paint_chip_albedo.png. Make sure resources have been imported by opening the project in the editor at least once.
   at: _load (core/io/resource_loader.cpp:335)
ERROR: Unable to open file: res://.godot/imported/paint_chip_normal.png-6c8e87f98a98bd78df79b8658a61b28c.s3tc.ctex.
   at: _load_data (scene/resources/compressed_texture.cpp:41)
ERROR: Failed loading resource: res://.godot/imported/paint_chip_normal.png-6c8e87f98a98bd78df79b8658a61b28c.s3tc.ctex. Make sure resources have been imported by opening the project in the editor at least once.
   at: _load (core/io/resource_loader.cpp:335)
ERROR: Failed loading resource: res://materials/textures/paint_chip_normal.png. Make sure resources have been imported by opening the project in the editor at least once.
   at: _load (core/io/resource_loader.cpp:335)
ERROR: Unable to open file: res://.godot/imported/paint_chip_orm.png-e155643f75730f95662035bbf5d8fd41.s3tc.ctex.
   at: _load_data (scene/resources/compressed_texture.cpp:41)
ERROR: Failed loading resource: res://.godot/imported/paint_chip_orm.png-e155643f75730f95662035bbf5d8fd41.s3tc.ctex. Make sure resources have been imported by opening the project in the editor at least once.
   at: _load (core/io/resource_loader.cpp:335)
ERROR: Failed loading resource: res://materials/textures/paint_chip_orm.png. Make sure resources have been imported by opening the project in the editor at least once.
   at: _load (core/io/resource_loader.cpp:335)
ERROR: res://materials/furn_stall_frame.tres:17 - Parse Error: [ext_resource] referenced non-existent resource at: res://materials/textures/paint_chip_albedo.png.
   at: _printerr (scene/resources/resource_format_text.cpp:39)
ERROR: res://materials/furn_stall_frame.tres:17 - Parse Error: [ext_resource] referenced non-existent resource at: res://materials/textures/paint_chip_albedo.png.
   at: _printerr (scene/resources/resource_format_text.cpp:39)
ERROR: Failed loading resource: res://materials/furn_stall_frame.tres. Make sure resources have been imported by opening the project in the editor at least once.
   at: _load (core/io/resource_loader.cpp:335)
ERROR: Unable to open file: res://.godot/imported/cloth_weave_albedo.png-4e67a9aa361c0cbbadb395c54bcafaac.s3tc.ctex.
   at: _load_data (scene/resources/compressed_texture.cpp:41)
ERROR: Failed loading resource: res://.godot/imported/cloth_weave_albedo.png-4e67a9aa361c0cbbadb395c54bcafaac.s3tc.ctex. Make sure resources have been imported by opening the project in the editor at least once.
   at: _load (core/io/resource_loader.cpp:335)
ERROR: Failed loading resource: res://materials/textures/cloth_weave_albedo.png. Make sure resources have been imported by opening the project in the editor at least once.
   at: _load (core/io/resource_loader.cpp:335)
ERROR: Unable to open file: res://.godot/imported/cloth_weave_normal.png-99f5872fcd5758cdfbfe6a52cd58fb8d.s3tc.ctex.
   at: _load_data (scene/resources/compressed_texture.cpp:41)
ERROR: Failed loading resource: res://.godot/imported/cloth_weave_normal.png-99f5872fcd5758cdfbfe6a52cd58fb8d.s3tc.ctex. Make sure resources have been imported by opening the project in the editor at least once.
   at: _load (core/io/resource_loader.cpp:335)
ERROR: Failed loading resource: res://materials/textures/cloth_weave_normal.png. Make sure resources have been imported by opening the project in the editor at least once.
   at: _load (core/io/resource_loader.cpp:335)
ERROR: Unable to open file: res://.godot/imported/cloth_weave_orm.png-909887806547e6305d6001871d1b81f9.s3tc.ctex.
   at: _load_data (scene/resources/compressed_texture.cpp:41)
ERROR: Failed loading resource: res://.godot/imported/cloth_weave_orm.png-909887806547e6305d6001871d1b81f9.s3tc.ctex. Make sure resources have been imported by opening the project in the editor at least once.
   at: _load (core/io/resource_loader.cpp:335)
ERROR: Failed loading resource: res://materials/textures/cloth_weave_orm.png. Make sure resources have been imported by opening the project in the editor at least once.
   at: _load (core/io/resource_loader.cpp:335)
ERROR: res://materials/furn_upholstery.tres:17 - Parse Error: [ext_resource] referenced non-existent resource at: res://materials/textures/cloth_weave_albedo.png.
   at: _printerr (scene/resources/resource_format_text.cpp:39)
ERROR: res://materials/furn_upholstery.tres:17 - Parse Error: [ext_resource] referenced non-existent resource at: res://materials/textures/cloth_weave_albedo.png.
   at: _printerr (scene/resources/resource_format_text.cpp:39)
ERROR: Failed loading resource: res://materials/furn_upholstery.tres. Make sure resources have been imported by opening the project in the editor at least once.
   at: _load (core/io/resource_loader.cpp:335)
ERROR: Unable to open file: res://.godot/imported/stone_agg_albedo.png-d367ac362f0e0d897261017da4c08f2a.s3tc.ctex.
   at: _load_data (scene/resources/compressed_texture.cpp:41)
ERROR: Failed loading resource: res://.godot/imported/stone_agg_albedo.png-d367ac362f0e0d897261017da4c08f2a.s3tc.ctex. Make sure resources have been imported by opening the project in the editor at least once.
   at: _load (core/io/resource_loader.cpp:335)
ERROR: Failed loading resource: res://materials/textures/stone_agg_albedo.png. Make sure resources have been imported by opening the project in the editor at least once.
   at: _load (core/io/resource_loader.cpp:335)
ERROR: Unable to open file: res://.godot/imported/stone_agg_normal.png-8156e17817983143f579503a9147f123.s3tc.ctex.
   at: _load_data (scene/resources/compressed_texture.cpp:41)
ERROR: Failed loading resource: res://.godot/imported/stone_agg_normal.png-8156e17817983143f579503a9147f123.s3tc.ctex. Make sure resources have been imported by opening the project in the editor at least once.
   at: _load (core/io/resource_loader.cpp:335)
ERROR: Failed loading resource: res://materials/textures/stone_agg_normal.png. Make sure resources have been imported by opening the project in the editor at least once.
   at: _load (core/io/resource_loader.cpp:335)
ERROR: Unable to open file: res://.godot/imported/stone_agg_orm.png-dccc32ec91ab6674aee32f38c34c7277.s3tc.ctex.
   at: _load_data (scene/resources/compressed_texture.cpp:41)
ERROR: Failed loading resource: res://.godot/imported/stone_agg_orm.png-dccc32ec91ab6674aee32f38c34c7277.s3tc.ctex. Make sure resources have been imported by opening the project in the editor at least once.
   at: _load (core/io/resource_loader.cpp:335)
ERROR: Failed loading resource: res://materials/textures/stone_agg_orm.png. Make sure resources have been imported by opening the project in the editor at least once.
   at: _load (core/io/resource_loader.cpp:335)
ERROR: res://materials/furn_worship_stone.tres:17 - Parse Error: [ext_resource] referenced non-existent resource at: res://materials/textures/stone_agg_albedo.png.
   at: _printerr (scene/resources/resource_format_text.cpp:39)
ERROR: res://materials/furn_worship_stone.tres:17 - Parse Error: [ext_resource] referenced non-existent resource at: res://materials/textures/stone_agg_albedo.png.
   at: _printerr (scene/resources/resource_format_text.cpp:39)
ERROR: Failed loading resource: res://materials/furn_worship_stone.tres. Make sure resources have been imported by opening the project in the editor at least once.
   at: _load (core/io/resource_loader.cpp:335)
ERROR: Unable to open file: res://.godot/imported/metal_grain_albedo.png-2f86e4a72894d47fe42d0bb15318f74f.s3tc.ctex.
   at: _load_data (scene/resources/compressed_texture.cpp:41)
ERROR: Failed loading resource: res://.godot/imported/metal_grain_albedo.png-2f86e4a72894d47fe42d0bb15318f74f.s3tc.ctex. Make sure resources have been imported by opening the project in the editor at least once.
   at: _load (core/io/resource_loader.cpp:335)
ERROR: Failed loading resource: res://materials/textures/metal_grain_albedo.png. Make sure resources have been imported by opening the project in the editor at least once.
   at: _load (core/io/resource_loader.cpp:335)
ERROR: Unable to open file: res://.godot/imported/metal_grain_normal.png-59977962636d1ed3c49443a01e747690.s3tc.ctex.
   at: _load_data (scene/resources/compressed_texture.cpp:41)
ERROR: Failed loading resource: res://.godot/imported/metal_grain_normal.png-59977962636d1ed3c49443a01e747690.s3tc.ctex. Make sure resources have been imported by opening the project in the editor at least once.
   at: _load (core/io/resource_loader.cpp:335)
ERROR: Failed loading resource: res://materials/textures/metal_grain_normal.png. Make sure resources have been imported by opening the project in the editor at least once.
   at: _load (core/io/resource_loader.cpp:335)
ERROR: Unable to open file: res://.godot/imported/metal_grain_orm.png-5794fd69453028a83dd178ad8dea0aa8.s3tc.ctex.
   at: _load_data (scene/resources/compressed_texture.cpp:41)
ERROR: Failed loading resource: res://.godot/imported/metal_grain_orm.png-5794fd69453028a83dd178ad8dea0aa8.s3tc.ctex. Make sure resources have been imported by opening the project in the editor at least once.
   at: _load (core/io/resource_loader.cpp:335)
ERROR: Failed loading resource: res://materials/textures/metal_grain_orm.png. Make sure resources have been imported by opening the project in the editor at least once.
   at: _load (core/io/resource_loader.cpp:335)
ERROR: res://materials/grab_rail_bare.tres:17 - Parse Error: [ext_resource] referenced non-existent resource at: res://materials/textures/metal_grain_albedo.png.
   at: _printerr (scene/resources/resource_format_text.cpp:39)
ERROR: res://materials/grab_rail_bare.tres:17 - Parse Error: [ext_resource] referenced non-existent resource at: res://materials/textures/metal_grain_albedo.png.
   at: _printerr (scene/resources/resource_format_text.cpp:39)
ERROR: Failed loading resource: res://materials/grab_rail_bare.tres. Make sure resources have been imported by opening the project in the editor at least once.
   at: _load (core/io/resource_loader.cpp:335)
ERROR: Unable to open file: res://.godot/imported/deck_stud_albedo.png-f723484e7e1e4f5a272ce0d6ffc2c6d5.s3tc.ctex.
   at: _load_data (scene/resources/compressed_texture.cpp:41)
ERROR: Failed loading resource: res://.godot/imported/deck_stud_albedo.png-f723484e7e1e4f5a272ce0d6ffc2c6d5.s3tc.ctex. Make sure resources have been imported by opening the project in the editor at least once.
   at: _load (core/io/resource_loader.cpp:335)
ERROR: Failed loading resource: res://materials/textures/deck_stud_albedo.png. Make sure resources have been imported by opening the project in the editor at least once.
   at: _load (core/io/resource_loader.cpp:335)
ERROR: Unable to open file: res://.godot/imported/deck_stud_normal.png-6cc92bbdf782d561d85ffae0cf2b2978.s3tc.ctex.
   at: _load_data (scene/resources/compressed_texture.cpp:41)
ERROR: Failed loading resource: res://.godot/imported/deck_stud_normal.png-6cc92bbdf782d561d85ffae0cf2b2978.s3tc.ctex. Make sure resources have been imported by opening the project in the editor at least once.
   at: _load (core/io/resource_loader.cpp:335)
ERROR: Failed loading resource: res://materials/textures/deck_stud_normal.png. Make sure resources have been imported by opening the project in the editor at least once.
   at: _load (core/io/resource_loader.cpp:335)
ERROR: Unable to open file: res://.godot/imported/deck_stud_orm.png-7f17bce8a7b3fed69da022c2edfa04cf.s3tc.ctex.
   at: _load_data (scene/resources/compressed_texture.cpp:41)
ERROR: Failed loading resource: res://.godot/imported/deck_stud_orm.png-7f17bce8a7b3fed69da022c2edfa04cf.s3tc.ctex. Make sure resources have been imported by opening the project in the editor at least once.
   at: _load (core/io/resource_loader.cpp:335)
ERROR: Failed loading resource: res://materials/textures/deck_stud_orm.png. Make sure resources have been imported by opening the project in the editor at least once.
   at: _load (core/io/resource_loader.cpp:335)
ERROR: res://materials/kit_deck.tres:17 - Parse Error: [ext_resource] referenced non-existent resource at: res://materials/textures/deck_stud_albedo.png.
   at: _printerr (scene/resources/resource_format_text.cpp:39)
ERROR: res://materials/kit_deck.tres:17 - Parse Error: [ext_resource] referenced non-existent resource at: res://materials/textures/deck_stud_albedo.png.
   at: _printerr (scene/resources/resource_format_text.cpp:39)
ERROR: Failed loading resource: res://materials/kit_deck.tres. Make sure resources have been imported by opening the project in the editor at least once.
   at: _load (core/io/resource_loader.cpp:335)
ERROR: Unable to open file: res://.godot/imported/deck_plate_albedo.png-648fce38e4caf3985965c97b8a478784.s3tc.ctex.
   at: _load_data (scene/resources/compressed_texture.cpp:41)
ERROR: Failed loading resource: res://.godot/imported/deck_plate_albedo.png-648fce38e4caf3985965c97b8a478784.s3tc.ctex. Make sure resources have been imported by opening the project in the editor at least once.
   at: _load (core/io/resource_loader.cpp:335)
ERROR: Failed loading resource: res://materials/textures/deck_plate_albedo.png. Make sure resources have been imported by opening the project in the editor at least once.
   at: _load (core/io/resource_loader.cpp:335)
ERROR: Unable to open file: res://.godot/imported/deck_plate_normal.png-75e780d92fc496d5a4fe3bb1de5d25ba.s3tc.ctex.
   at: _load_data (scene/resources/compressed_texture.cpp:41)
ERROR: Failed loading resource: res://.godot/imported/deck_plate_normal.png-75e780d92fc496d5a4fe3bb1de5d25ba.s3tc.ctex. Make sure resources have been imported by opening the project in the editor at least once.
   at: _load (core/io/resource_loader.cpp:335)
ERROR: Failed loading resource: res://materials/textures/deck_plate_normal.png. Make sure resources have been imported by opening the project in the editor at least once.
   at: _load (core/io/resource_loader.cpp:335)
ERROR: Unable to open file: res://.godot/imported/deck_plate_orm.png-a43b1cdd5b0cacf1d50db6787f9906f3.s3tc.ctex.
   at: _load_data (scene/resources/compressed_texture.cpp:41)
ERROR: Failed loading resource: res://.godot/imported/deck_plate_orm.png-a43b1cdd5b0cacf1d50db6787f9906f3.s3tc.ctex. Make sure resources have been imported by opening the project in the editor at least once.
   at: _load (core/io/resource_loader.cpp:335)
ERROR: Failed loading resource: res://materials/textures/deck_plate_orm.png. Make sure resources have been imported by opening the project in the editor at least once.
   at: _load (core/io/resource_loader.cpp:335)
ERROR: res://materials/kit_deck_plate.tres:17 - Parse Error: [ext_resource] referenced non-existent resource at: res://materials/textures/deck_plate_albedo.png.
   at: _printerr (scene/resources/resource_format_text.cpp:39)
ERROR: res://materials/kit_deck_plate.tres:17 - Parse Error: [ext_resource] referenced non-existent resource at: res://materials/textures/deck_plate_albedo.png.
   at: _printerr (scene/resources/resource_format_text.cpp:39)
ERROR: Failed loading resource: res://materials/kit_deck_plate.tres. Make sure resources have been imported by opening the project in the editor at least once.
   at: _load (core/io/resource_loader.cpp:335)
ERROR: Unable to open file: res://.godot/imported/paint_chip_albedo.png-866f368fbdd174d0849ff70d2952875f.s3tc.ctex.
   at: _load_data (scene/resources/compressed_texture.cpp:41)
ERROR: Failed loading resource: res://.godot/imported/paint_chip_albedo.png-866f368fbdd174d0849ff70d2952875f.s3tc.ctex. Make sure resources have been imported by opening the project in the editor at least once.
   at: _load (core/io/resource_loader.cpp:335)
ERROR: Failed loading resource: res://materials/textures/paint_chip_albedo.png. Make sure resources have been imported by opening the project in the editor at least once.
   at: _load (core/io/resource_loader.cpp:335)
ERROR: Unable to open file: res://.godot/imported/paint_chip_normal.png-6c8e87f98a98bd78df79b8658a61b28c.s3tc.ctex.
   at: _load_data (scene/resources/compressed_texture.cpp:41)
ERROR: Failed loading resource: res://.godot/imported/paint_chip_normal.png-6c8e87f98a98bd78df79b8658a61b28c.s3tc.ctex. Make sure resources have been imported by opening the project in the editor at least once.
   at: _load (core/io/resource_loader.cpp:335)
ERROR: Failed loading resource: res://materials/textures/paint_chip_normal.png. Make sure resources have been imported by opening the project in the editor at least once.
   at: _load (core/io/resource_loader.cpp:335)
ERROR: Unable to open file: res://.godot/imported/paint_chip_orm.png-e155643f75730f95662035bbf5d8fd41.s3tc.ctex.
   at: _load_data (scene/resources/compressed_texture.cpp:41)
ERROR: Failed loading resource: res://.godot/imported/paint_chip_orm.png-e155643f75730f95662035bbf5d8fd41.s3tc.ctex. Make sure resources have been imported by opening the project in the editor at least once.
   at: _load (core/io/resource_loader.cpp:335)
ERROR: Failed loading resource: res://materials/textures/paint_chip_orm.png. Make sure resources have been imported by opening the project in the editor at least once.
   at: _load (core/io/resource_loader.cpp:335)
ERROR: res://materials/kit_pilaster.tres:17 - Parse Error: [ext_resource] referenced non-existent resource at: res://materials/textures/paint_chip_albedo.png.
   at: _printerr (scene/resources/resource_format_text.cpp:39)
ERROR: res://materials/kit_pilaster.tres:17 - Parse Error: [ext_resource] referenced non-existent resource at: res://materials/textures/paint_chip_albedo.png.
   at: _printerr (scene/resources/resource_format_text.cpp:39)
ERROR: Failed loading resource: res://materials/kit_pilaster.tres. Make sure resources have been imported by opening the project in the editor at least once.
   at: _load (core/io/resource_loader.cpp:335)
ERROR: Unable to open file: res://.godot/imported/paint_chip_albedo.png-866f368fbdd174d0849ff70d2952875f.s3tc.ctex.
   at: _load_data (scene/resources/compressed_texture.cpp:41)
ERROR: Failed loading resource: res://.godot/imported/paint_chip_albedo.png-866f368fbdd174d0849ff70d2952875f.s3tc.ctex. Make sure resources have been imported by opening the project in the editor at least once.
   at: _load (core/io/resource_loader.cpp:335)
ERROR: Failed loading resource: res://materials/textures/paint_chip_albedo.png. Make sure resources have been imported by opening the project in the editor at least once.
   at: _load (core/io/resource_loader.cpp:335)
ERROR: Unable to open file: res://.godot/imported/paint_chip_normal.png-6c8e87f98a98bd78df79b8658a61b28c.s3tc.ctex.
   at: _load_data (scene/resources/compressed_texture.cpp:41)
ERROR: Failed loading resource: res://.godot/imported/paint_chip_normal.png-6c8e87f98a98bd78df79b8658a61b28c.s3tc.ctex. Make sure resources have been imported by opening the project in the editor at least once.
   at: _load (core/io/resource_loader.cpp:335)
ERROR: Failed loading resource: res://materials/textures/paint_chip_normal.png. Make sure resources have been imported by opening the project in the editor at least once.
   at: _load (core/io/resource_loader.cpp:335)
ERROR: Unable to open file: res://.godot/imported/paint_chip_orm.png-e155643f75730f95662035bbf5d8fd41.s3tc.ctex.
   at: _load_data (scene/resources/compressed_texture.cpp:41)
ERROR: Failed loading resource: res://.godot/imported/paint_chip_orm.png-e155643f75730f95662035bbf5d8fd41.s3tc.ctex. Make sure resources have been imported by opening the project in the editor at least once.
   at: _load (core/io/resource_loader.cpp:335)
ERROR: Failed loading resource: res://materials/textures/paint_chip_orm.png. Make sure resources have been imported by opening the project in the editor at least once.
   at: _load (core/io/resource_loader.cpp:335)
ERROR: res://materials/kit_rail_band.tres:17 - Parse Error: [ext_resource] referenced non-existent resource at: res://materials/textures/paint_chip_albedo.png.
   at: _printerr (scene/resources/resource_format_text.cpp:39)
ERROR: res://materials/kit_rail_band.tres:17 - Parse Error: [ext_resource] referenced non-existent resource at: res://materials/textures/paint_chip_albedo.png.
   at: _printerr (scene/resources/resource_format_text.cpp:39)
ERROR: Failed loading resource: res://materials/kit_rail_band.tres. Make sure resources have been imported by opening the project in the editor at least once.
   at: _load (core/io/resource_loader.cpp:335)
ERROR: Unable to open file: res://.godot/imported/paint_chip_albedo.png-866f368fbdd174d0849ff70d2952875f.s3tc.ctex.
   at: _load_data (scene/resources/compressed_texture.cpp:41)
ERROR: Failed loading resource: res://.godot/imported/paint_chip_albedo.png-866f368fbdd174d0849ff70d2952875f.s3tc.ctex. Make sure resources have been imported by opening the project in the editor at least once.
   at: _load (core/io/resource_loader.cpp:335)
ERROR: Failed loading resource: res://materials/textures/paint_chip_albedo.png. Make sure resources have been imported by opening the project in the editor at least once.
   at: _load (core/io/resource_loader.cpp:335)
ERROR: Unable to open file: res://.godot/imported/paint_chip_normal.png-6c8e87f98a98bd78df79b8658a61b28c.s3tc.ctex.
   at: _load_data (scene/resources/compressed_texture.cpp:41)
ERROR: Failed loading resource: res://.godot/imported/paint_chip_normal.png-6c8e87f98a98bd78df79b8658a61b28c.s3tc.ctex. Make sure resources have been imported by opening the project in the editor at least once.
   at: _load (core/io/resource_loader.cpp:335)
ERROR: Failed loading resource: res://materials/textures/paint_chip_normal.png. Make sure resources have been imported by opening the project in the editor at least once.
   at: _load (core/io/resource_loader.cpp:335)
ERROR: Unable to open file: res://.godot/imported/paint_chip_orm.png-e155643f75730f95662035bbf5d8fd41.s3tc.ctex.
   at: _load_data (scene/resources/compressed_texture.cpp:41)
ERROR: Failed loading resource: res://.godot/imported/paint_chip_orm.png-e155643f75730f95662035bbf5d8fd41.s3tc.ctex. Make sure resources have been imported by opening the project in the editor at least once.
   at: _load (core/io/resource_loader.cpp:335)
ERROR: Failed loading resource: res://materials/textures/paint_chip_orm.png. Make sure resources have been imported by opening the project in the editor at least once.
   at: _load (core/io/resource_loader.cpp:335)
ERROR: res://materials/kit_reveal.tres:17 - Parse Error: [ext_resource] referenced non-existent resource at: res://materials/textures/paint_chip_albedo.png.
   at: _printerr (scene/resources/resource_format_text.cpp:39)
ERROR: res://materials/kit_reveal.tres:17 - Parse Error: [ext_resource] referenced non-existent resource at: res://materials/textures/paint_chip_albedo.png.
   at: _printerr (scene/resources/resource_format_text.cpp:39)
ERROR: Failed loading resource: res://materials/kit_reveal.tres. Make sure resources have been imported by opening the project in the editor at least once.
   at: _load (core/io/resource_loader.cpp:335)
ERROR: Unable to open file: res://.godot/imported/wall_plate_albedo.png-4b86a67befa70cc5800a6bb65aa67734.s3tc.ctex.
   at: _load_data (scene/resources/compressed_texture.cpp:41)
ERROR: Failed loading resource: res://.godot/imported/wall_plate_albedo.png-4b86a67befa70cc5800a6bb65aa67734.s3tc.ctex. Make sure resources have been imported by opening the project in the editor at least once.
   at: _load (core/io/resource_loader.cpp:335)
ERROR: Failed loading resource: res://materials/textures/wall_plate_albedo.png. Make sure resources have been imported by opening the project in the editor at least once.
   at: _load (core/io/resource_loader.cpp:335)
ERROR: Unable to open file: res://.godot/imported/wall_plate_normal.png-265e4bd21235ce195c72ab572b5d1f73.s3tc.ctex.
   at: _load_data (scene/resources/compressed_texture.cpp:41)
ERROR: Failed loading resource: res://.godot/imported/wall_plate_normal.png-265e4bd21235ce195c72ab572b5d1f73.s3tc.ctex. Make sure resources have been imported by opening the project in the editor at least once.
   at: _load (core/io/resource_loader.cpp:335)
ERROR: Failed loading resource: res://materials/textures/wall_plate_normal.png. Make sure resources have been imported by opening the project in the editor at least once.
   at: _load (core/io/resource_loader.cpp:335)
ERROR: Unable to open file: res://.godot/imported/wall_plate_orm.png-f3acf4fecbb9023465cee39638f161c1.s3tc.ctex.
   at: _load_data (scene/resources/compressed_texture.cpp:41)
ERROR: Failed loading resource: res://.godot/imported/wall_plate_orm.png-f3acf4fecbb9023465cee39638f161c1.s3tc.ctex. Make sure resources have been imported by opening the project in the editor at least once.
   at: _load (core/io/resource_loader.cpp:335)
ERROR: Failed loading resource: res://materials/textures/wall_plate_orm.png. Make sure resources have been imported by opening the project in the editor at least once.
   at: _load (core/io/resource_loader.cpp:335)
ERROR: res://materials/kit_skirt.tres:17 - Parse Error: [ext_resource] referenced non-existent resource at: res://materials/textures/wall_plate_albedo.png.
   at: _printerr (scene/resources/resource_format_text.cpp:39)
ERROR: res://materials/kit_skirt.tres:17 - Parse Error: [ext_resource] referenced non-existent resource at: res://materials/textures/wall_plate_albedo.png.
   at: _printerr (scene/resources/resource_format_text.cpp:39)
ERROR: Failed loading resource: res://materials/kit_skirt.tres. Make sure resources have been imported by opening the project in the editor at least once.
   at: _load (core/io/resource_loader.cpp:335)
ERROR: Unable to open file: res://.godot/imported/wall_plate_albedo.png-4b86a67befa70cc5800a6bb65aa67734.s3tc.ctex.
   at: _load_data (scene/resources/compressed_texture.cpp:41)
ERROR: Failed loading resource: res://.godot/imported/wall_plate_albedo.png-4b86a67befa70cc5800a6bb65aa67734.s3tc.ctex. Make sure resources have been imported by opening the project in the editor at least once.
   at: _load (core/io/resource_loader.cpp:335)
ERROR: Failed loading resource: res://materials/textures/wall_plate_albedo.png. Make sure resources have been imported by opening the project in the editor at least once.
   at: _load (core/io/resource_loader.cpp:335)
ERROR: Unable to open file: res://.godot/imported/wall_plate_normal.png-265e4bd21235ce195c72ab572b5d1f73.s3tc.ctex.
   at: _load_data (scene/resources/compressed_texture.cpp:41)
ERROR: Failed loading resource: res://.godot/imported/wall_plate_normal.png-265e4bd21235ce195c72ab572b5d1f73.s3tc.ctex. Make sure resources have been imported by opening the project in the editor at least once.
   at: _load (core/io/resource_loader.cpp:335)
ERROR: Failed loading resource: res://materials/textures/wall_plate_normal.png. Make sure resources have been imported by opening the project in the editor at least once.
   at: _load (core/io/resource_loader.cpp:335)
ERROR: Unable to open file: res://.godot/imported/wall_plate_orm.png-f3acf4fecbb9023465cee39638f161c1.s3tc.ctex.
   at: _load_data (scene/resources/compressed_texture.cpp:41)
ERROR: Failed loading resource: res://.godot/imported/wall_plate_orm.png-f3acf4fecbb9023465cee39638f161c1.s3tc.ctex. Make sure resources have been imported by opening the project in the editor at least once.
   at: _load (core/io/resource_loader.cpp:335)
ERROR: Failed loading resource: res://materials/textures/wall_plate_orm.png. Make sure resources have been imported by opening the project in the editor at least once.
   at: _load (core/io/resource_loader.cpp:335)
ERROR: res://materials/kit_wall_plate.tres:17 - Parse Error: [ext_resource] referenced non-existent resource at: res://materials/textures/wall_plate_albedo.png.
   at: _printerr (scene/resources/resource_format_text.cpp:39)
ERROR: res://materials/kit_wall_plate.tres:17 - Parse Error: [ext_resource] referenced non-existent resource at: res://materials/textures/wall_plate_albedo.png.
   at: _printerr (scene/resources/resource_format_text.cpp:39)
ERROR: Failed loading resource: res://materials/kit_wall_plate.tres. Make sure resources have been imported by opening the project in the editor at least once.
   at: _load (core/io/resource_loader.cpp:335)
ERROR: Unable to open file: res://.godot/imported/paint_chip_albedo.png-866f368fbdd174d0849ff70d2952875f.s3tc.ctex.
   at: _load_data (scene/resources/compressed_texture.cpp:41)
ERROR: Failed loading resource: res://.godot/imported/paint_chip_albedo.png-866f368fbdd174d0849ff70d2952875f.s3tc.ctex. Make sure resources have been imported by opening the project in the editor at least once.
   at: _load (core/io/resource_loader.cpp:335)
ERROR: Failed loading resource: res://materials/textures/paint_chip_albedo.png. Make sure resources have been imported by opening the project in the editor at least once.
   at: _load (core/io/resource_loader.cpp:335)
ERROR: Unable to open file: res://.godot/imported/paint_chip_normal.png-6c8e87f98a98bd78df79b8658a61b28c.s3tc.ctex.
   at: _load_data (scene/resources/compressed_texture.cpp:41)
ERROR: Failed loading resource: res://.godot/imported/paint_chip_normal.png-6c8e87f98a98bd78df79b8658a61b28c.s3tc.ctex. Make sure resources have been imported by opening the project in the editor at least once.
   at: _load (core/io/resource_loader.cpp:335)
ERROR: Failed loading resource: res://materials/textures/paint_chip_normal.png. Make sure resources have been imported by opening the project in the editor at least once.
   at: _load (core/io/resource_loader.cpp:335)
ERROR: Unable to open file: res://.godot/imported/paint_chip_orm.png-e155643f75730f95662035bbf5d8fd41.s3tc.ctex.
   at: _load_data (scene/resources/compressed_texture.cpp:41)
ERROR: Failed loading resource: res://.godot/imported/paint_chip_orm.png-e155643f75730f95662035bbf5d8fd41.s3tc.ctex. Make sure resources have been imported by opening the project in the editor at least once.
   at: _load (core/io/resource_loader.cpp:335)
ERROR: Failed loading resource: res://materials/textures/paint_chip_orm.png. Make sure resources have been imported by opening the project in the editor at least once.
   at: _load (core/io/resource_loader.cpp:335)
ERROR: res://materials/plant_switchgear.tres:17 - Parse Error: [ext_resource] referenced non-existent resource at: res://materials/textures/paint_chip_albedo.png.
   at: _printerr (scene/resources/resource_format_text.cpp:39)
ERROR: res://materials/plant_switchgear.tres:17 - Parse Error: [ext_resource] referenced non-existent resource at: res://materials/textures/paint_chip_albedo.png.
   at: _printerr (scene/resources/resource_format_text.cpp:39)
ERROR: Failed loading resource: res://materials/plant_switchgear.tres. Make sure resources have been imported by opening the project in the editor at least once.
   at: _load (core/io/resource_loader.cpp:335)
ERROR: Unable to open file: res://.godot/imported/metal_grain_albedo.png-2f86e4a72894d47fe42d0bb15318f74f.s3tc.ctex.
   at: _load_data (scene/resources/compressed_texture.cpp:41)
ERROR: Failed loading resource: res://.godot/imported/metal_grain_albedo.png-2f86e4a72894d47fe42d0bb15318f74f.s3tc.ctex. Make sure resources have been imported by opening the project in the editor at least once.
   at: _load (core/io/resource_loader.cpp:335)
ERROR: Failed loading resource: res://materials/textures/metal_grain_albedo.png. Make sure resources have been imported by opening the project in the editor at least once.
   at: _load (core/io/resource_loader.cpp:335)
ERROR: Unable to open file: res://.godot/imported/metal_grain_normal.png-59977962636d1ed3c49443a01e747690.s3tc.ctex.
   at: _load_data (scene/resources/compressed_texture.cpp:41)
ERROR: Failed loading resource: res://.godot/imported/metal_grain_normal.png-59977962636d1ed3c49443a01e747690.s3tc.ctex. Make sure resources have been imported by opening the project in the editor at least once.
   at: _load (core/io/resource_loader.cpp:335)
ERROR: Failed loading resource: res://materials/textures/metal_grain_normal.png. Make sure resources have been imported by opening the project in the editor at least once.
   at: _load (core/io/resource_loader.cpp:335)
ERROR: Unable to open file: res://.godot/imported/metal_grain_orm.png-5794fd69453028a83dd178ad8dea0aa8.s3tc.ctex.
   at: _load_data (scene/resources/compressed_texture.cpp:41)
ERROR: Failed loading resource: res://.godot/imported/metal_grain_orm.png-5794fd69453028a83dd178ad8dea0aa8.s3tc.ctex. Make sure resources have been imported by opening the project in the editor at least once.
   at: _load (core/io/resource_loader.cpp:335)
ERROR: Failed loading resource: res://materials/textures/metal_grain_orm.png. Make sure resources have been imported by opening the project in the editor at least once.
   at: _load (core/io/resource_loader.cpp:335)
ERROR: res://materials/plant_valve_metal.tres:17 - Parse Error: [ext_resource] referenced non-existent resource at: res://materials/textures/metal_grain_albedo.png.
   at: _printerr (scene/resources/resource_format_text.cpp:39)
ERROR: res://materials/plant_valve_metal.tres:17 - Parse Error: [ext_resource] referenced non-existent resource at: res://materials/textures/metal_grain_albedo.png.
   at: _printerr (scene/resources/resource_format_text.cpp:39)
ERROR: Failed loading resource: res://materials/plant_valve_metal.tres. Make sure resources have been imported by opening the project in the editor at least once.
   at: _load (core/io/resource_loader.cpp:335)
ERROR: Unable to open file: res://.godot/imported/paint_chip_albedo.png-866f368fbdd174d0849ff70d2952875f.s3tc.ctex.
   at: _load_data (scene/resources/compressed_texture.cpp:41)
ERROR: Failed loading resource: res://.godot/imported/paint_chip_albedo.png-866f368fbdd174d0849ff70d2952875f.s3tc.ctex. Make sure resources have been imported by opening the project in the editor at least once.
   at: _load (core/io/resource_loader.cpp:335)
ERROR: Failed loading resource: res://materials/textures/paint_chip_albedo.png. Make sure resources have been imported by opening the project in the editor at least once.
   at: _load (core/io/resource_loader.cpp:335)
ERROR: Unable to open file: res://.godot/imported/paint_chip_normal.png-6c8e87f98a98bd78df79b8658a61b28c.s3tc.ctex.
   at: _load_data (scene/resources/compressed_texture.cpp:41)
ERROR: Failed loading resource: res://.godot/imported/paint_chip_normal.png-6c8e87f98a98bd78df79b8658a61b28c.s3tc.ctex. Make sure resources have been imported by opening the project in the editor at least once.
   at: _load (core/io/resource_loader.cpp:335)
ERROR: Failed loading resource: res://materials/textures/paint_chip_normal.png. Make sure resources have been imported by opening the project in the editor at least once.
   at: _load (core/io/resource_loader.cpp:335)
ERROR: Unable to open file: res://.godot/imported/paint_chip_orm.png-e155643f75730f95662035bbf5d8fd41.s3tc.ctex.
   at: _load_data (scene/resources/compressed_texture.cpp:41)
ERROR: Failed loading resource: res://.godot/imported/paint_chip_orm.png-e155643f75730f95662035bbf5d8fd41.s3tc.ctex. Make sure resources have been imported by opening the project in the editor at least once.
   at: _load (core/io/resource_loader.cpp:335)
ERROR: Failed loading resource: res://materials/textures/paint_chip_orm.png. Make sure resources have been imported by opening the project in the editor at least once.
   at: _load (core/io/resource_loader.cpp:335)
ERROR: res://materials/shell_deck_clinical.tres:17 - Parse Error: [ext_resource] referenced non-existent resource at: res://materials/textures/paint_chip_albedo.png.
   at: _printerr (scene/resources/resource_format_text.cpp:39)
ERROR: res://materials/shell_deck_clinical.tres:17 - Parse Error: [ext_resource] referenced non-existent resource at: res://materials/textures/paint_chip_albedo.png.
   at: _printerr (scene/resources/resource_format_text.cpp:39)
ERROR: Failed loading resource: res://materials/shell_deck_clinical.tres. Make sure resources have been imported by opening the project in the editor at least once.
   at: _load (core/io/resource_loader.cpp:335)
ERROR: Unable to open file: res://.godot/imported/deck_plate_albedo.png-648fce38e4caf3985965c97b8a478784.s3tc.ctex.
   at: _load_data (scene/resources/compressed_texture.cpp:41)
ERROR: Failed loading resource: res://.godot/imported/deck_plate_albedo.png-648fce38e4caf3985965c97b8a478784.s3tc.ctex. Make sure resources have been imported by opening the project in the editor at least once.
   at: _load (core/io/resource_loader.cpp:335)
ERROR: Failed loading resource: res://materials/textures/deck_plate_albedo.png. Make sure resources have been imported by opening the project in the editor at least once.
   at: _load (core/io/resource_loader.cpp:335)
ERROR: Unable to open file: res://.godot/imported/deck_plate_normal.png-75e780d92fc496d5a4fe3bb1de5d25ba.s3tc.ctex.
   at: _load_data (scene/resources/compressed_texture.cpp:41)
ERROR: Failed loading resource: res://.godot/imported/deck_plate_normal.png-75e780d92fc496d5a4fe3bb1de5d25ba.s3tc.ctex. Make sure resources have been imported by opening the project in the editor at least once.
   at: _load (core/io/resource_loader.cpp:335)
ERROR: Failed loading resource: res://materials/textures/deck_plate_normal.png. Make sure resources have been imported by opening the project in the editor at least once.
   at: _load (core/io/resource_loader.cpp:335)
ERROR: Unable to open file: res://.godot/imported/deck_plate_orm.png-a43b1cdd5b0cacf1d50db6787f9906f3.s3tc.ctex.
   at: _load_data (scene/resources/compressed_texture.cpp:41)
ERROR: Failed loading resource: res://.godot/imported/deck_plate_orm.png-a43b1cdd5b0cacf1d50db6787f9906f3.s3tc.ctex. Make sure resources have been imported by opening the project in the editor at least once.
   at: _load (core/io/resource_loader.cpp:335)
ERROR: Failed loading resource: res://materials/textures/deck_plate_orm.png. Make sure resources have been imported by opening the project in the editor at least once.
   at: _load (core/io/resource_loader.cpp:335)
ERROR: res://materials/shell_deck_industrial.tres:17 - Parse Error: [ext_resource] referenced non-existent resource at: res://materials/textures/deck_plate_albedo.png.
   at: _printerr (scene/resources/resource_format_text.cpp:39)
ERROR: res://materials/shell_deck_industrial.tres:17 - Parse Error: [ext_resource] referenced non-existent resource at: res://materials/textures/deck_plate_albedo.png.
   at: _printerr (scene/resources/resource_format_text.cpp:39)
ERROR: Failed loading resource: res://materials/shell_deck_industrial.tres. Make sure resources have been imported by opening the project in the editor at least once.
   at: _load (core/io/resource_loader.cpp:335)
ERROR: Unable to open file: res://.godot/imported/deck_plate_albedo.png-648fce38e4caf3985965c97b8a478784.s3tc.ctex.
   at: _load_data (scene/resources/compressed_texture.cpp:41)
ERROR: Failed loading resource: res://.godot/imported/deck_plate_albedo.png-648fce38e4caf3985965c97b8a478784.s3tc.ctex. Make sure resources have been imported by opening the project in the editor at least once.
   at: _load (core/io/resource_loader.cpp:335)
ERROR: Failed loading resource: res://materials/textures/deck_plate_albedo.png. Make sure resources have been imported by opening the project in the editor at least once.
   at: _load (core/io/resource_loader.cpp:335)
ERROR: Unable to open file: res://.godot/imported/deck_plate_normal.png-75e780d92fc496d5a4fe3bb1de5d25ba.s3tc.ctex.
   at: _load_data (scene/resources/compressed_texture.cpp:41)
ERROR: Failed loading resource: res://.godot/imported/deck_plate_normal.png-75e780d92fc496d5a4fe3bb1de5d25ba.s3tc.ctex. Make sure resources have been imported by opening the project in the editor at least once.
   at: _load (core/io/resource_loader.cpp:335)
ERROR: Failed loading resource: res://materials/textures/deck_plate_normal.png. Make sure resources have been imported by opening the project in the editor at least once.
   at: _load (core/io/resource_loader.cpp:335)
ERROR: Unable to open file: res://.godot/imported/deck_plate_orm.png-a43b1cdd5b0cacf1d50db6787f9906f3.s3tc.ctex.
   at: _load_data (scene/resources/compressed_texture.cpp:41)
ERROR: Failed loading resource: res://.godot/imported/deck_plate_orm.png-a43b1cdd5b0cacf1d50db6787f9906f3.s3tc.ctex. Make sure resources have been imported by opening the project in the editor at least once.
   at: _load (core/io/resource_loader.cpp:335)
ERROR: Failed loading resource: res://materials/textures/deck_plate_orm.png. Make sure resources have been imported by opening the project in the editor at least once.
   at: _load (core/io/resource_loader.cpp:335)
ERROR: res://materials/shell_deck_public.tres:17 - Parse Error: [ext_resource] referenced non-existent resource at: res://materials/textures/deck_plate_albedo.png.
   at: _printerr (scene/resources/resource_format_text.cpp:39)
ERROR: res://materials/shell_deck_public.tres:17 - Parse Error: [ext_resource] referenced non-existent resource at: res://materials/textures/deck_plate_albedo.png.
   at: _printerr (scene/resources/resource_format_text.cpp:39)
ERROR: Failed loading resource: res://materials/shell_deck_public.tres. Make sure resources have been imported by opening the project in the editor at least once.
   at: _load (core/io/resource_loader.cpp:335)
ERROR: Unable to open file: res://.godot/imported/deck_plate_albedo.png-648fce38e4caf3985965c97b8a478784.s3tc.ctex.
   at: _load_data (scene/resources/compressed_texture.cpp:41)
ERROR: Failed loading resource: res://.godot/imported/deck_plate_albedo.png-648fce38e4caf3985965c97b8a478784.s3tc.ctex. Make sure resources have been imported by opening the project in the editor at least once.
   at: _load (core/io/resource_loader.cpp:335)
ERROR: Failed loading resource: res://materials/textures/deck_plate_albedo.png. Make sure resources have been imported by opening the project in the editor at least once.
   at: _load (core/io/resource_loader.cpp:335)
ERROR: Unable to open file: res://.godot/imported/deck_plate_normal.png-75e780d92fc496d5a4fe3bb1de5d25ba.s3tc.ctex.
   at: _load_data (scene/resources/compressed_texture.cpp:41)
ERROR: Failed loading resource: res://.godot/imported/deck_plate_normal.png-75e780d92fc496d5a4fe3bb1de5d25ba.s3tc.ctex. Make sure resources have been imported by opening the project in the editor at least once.
   at: _load (core/io/resource_loader.cpp:335)
ERROR: Failed loading resource: res://materials/textures/deck_plate_normal.png. Make sure resources have been imported by opening the project in the editor at least once.
   at: _load (core/io/resource_loader.cpp:335)
ERROR: Unable to open file: res://.godot/imported/deck_plate_orm.png-a43b1cdd5b0cacf1d50db6787f9906f3.s3tc.ctex.
   at: _load_data (scene/resources/compressed_texture.cpp:41)
ERROR: Failed loading resource: res://.godot/imported/deck_plate_orm.png-a43b1cdd5b0cacf1d50db6787f9906f3.s3tc.ctex. Make sure resources have been imported by opening the project in the editor at least once.
   at: _load (core/io/resource_loader.cpp:335)
ERROR: Failed loading resource: res://materials/textures/deck_plate_orm.png. Make sure resources have been imported by opening the project in the editor at least once.
   at: _load (core/io/resource_loader.cpp:335)
ERROR: res://materials/shell_deck_stone.tres:17 - Parse Error: [ext_resource] referenced non-existent resource at: res://materials/textures/deck_plate_albedo.png.
   at: _printerr (scene/resources/resource_format_text.cpp:39)
ERROR: res://materials/shell_deck_stone.tres:17 - Parse Error: [ext_resource] referenced non-existent resource at: res://materials/textures/deck_plate_albedo.png.
   at: _printerr (scene/resources/resource_format_text.cpp:39)
ERROR: Failed loading resource: res://materials/shell_deck_stone.tres. Make sure resources have been imported by opening the project in the editor at least once.
   at: _load (core/io/resource_loader.cpp:335)
ERROR: Unable to open file: res://.godot/imported/truss_steel_albedo.png-310f2d722fb90361931bad676b6e954d.s3tc.ctex.
   at: _load_data (scene/resources/compressed_texture.cpp:41)
ERROR: Failed loading resource: res://.godot/imported/truss_steel_albedo.png-310f2d722fb90361931bad676b6e954d.s3tc.ctex. Make sure resources have been imported by opening the project in the editor at least once.
   at: _load (core/io/resource_loader.cpp:335)
ERROR: Failed loading resource: res://materials/textures/truss_steel_albedo.png. Make sure resources have been imported by opening the project in the editor at least once.
   at: _load (core/io/resource_loader.cpp:335)
ERROR: Unable to open file: res://.godot/imported/truss_steel_normal.png-874cd669c6039e6ab115715ac233e34b.s3tc.ctex.
   at: _load_data (scene/resources/compressed_texture.cpp:41)
ERROR: Failed loading resource: res://.godot/imported/truss_steel_normal.png-874cd669c6039e6ab115715ac233e34b.s3tc.ctex. Make sure resources have been imported by opening the project in the editor at least once.
   at: _load (core/io/resource_loader.cpp:335)
ERROR: Failed loading resource: res://materials/textures/truss_steel_normal.png. Make sure resources have been imported by opening the project in the editor at least once.
   at: _load (core/io/resource_loader.cpp:335)
ERROR: Unable to open file: res://.godot/imported/truss_steel_orm.png-d6e73b0735d2d71505e595d6e925d08d.s3tc.ctex.
   at: _load_data (scene/resources/compressed_texture.cpp:41)
ERROR: Failed loading resource: res://.godot/imported/truss_steel_orm.png-d6e73b0735d2d71505e595d6e925d08d.s3tc.ctex. Make sure resources have been imported by opening the project in the editor at least once.
   at: _load (core/io/resource_loader.cpp:335)
ERROR: Failed loading resource: res://materials/textures/truss_steel_orm.png. Make sure resources have been imported by opening the project in the editor at least once.
   at: _load (core/io/resource_loader.cpp:335)
ERROR: res://materials/shell_rib_oxide.tres:17 - Parse Error: [ext_resource] referenced non-existent resource at: res://materials/textures/truss_steel_albedo.png.
   at: _printerr (scene/resources/resource_format_text.cpp:39)
ERROR: res://materials/shell_rib_oxide.tres:17 - Parse Error: [ext_resource] referenced non-existent resource at: res://materials/textures/truss_steel_albedo.png.
   at: _printerr (scene/resources/resource_format_text.cpp:39)
ERROR: Failed loading resource: res://materials/shell_rib_oxide.tres. Make sure resources have been imported by opening the project in the editor at least once.
   at: _load (core/io/resource_loader.cpp:335)
ERROR: Unable to open file: res://.godot/imported/paint_chip_albedo.png-866f368fbdd174d0849ff70d2952875f.s3tc.ctex.
   at: _load_data (scene/resources/compressed_texture.cpp:41)
ERROR: Failed loading resource: res://.godot/imported/paint_chip_albedo.png-866f368fbdd174d0849ff70d2952875f.s3tc.ctex. Make sure resources have been imported by opening the project in the editor at least once.
   at: _load (core/io/resource_loader.cpp:335)
ERROR: Failed loading resource: res://materials/textures/paint_chip_albedo.png. Make sure resources have been imported by opening the project in the editor at least once.
   at: _load (core/io/resource_loader.cpp:335)
ERROR: Unable to open file: res://.godot/imported/paint_chip_normal.png-6c8e87f98a98bd78df79b8658a61b28c.s3tc.ctex.
   at: _load_data (scene/resources/compressed_texture.cpp:41)
ERROR: Failed loading resource: res://.godot/imported/paint_chip_normal.png-6c8e87f98a98bd78df79b8658a61b28c.s3tc.ctex. Make sure resources have been imported by opening the project in the editor at least once.
   at: _load (core/io/resource_loader.cpp:335)
ERROR: Failed loading resource: res://materials/textures/paint_chip_normal.png. Make sure resources have been imported by opening the project in the editor at least once.
   at: _load (core/io/resource_loader.cpp:335)
ERROR: Unable to open file: res://.godot/imported/paint_chip_orm.png-e155643f75730f95662035bbf5d8fd41.s3tc.ctex.
   at: _load_data (scene/resources/compressed_texture.cpp:41)
ERROR: Failed loading resource: res://.godot/imported/paint_chip_orm.png-e155643f75730f95662035bbf5d8fd41.s3tc.ctex. Make sure resources have been imported by opening the project in the editor at least once.
   at: _load (core/io/resource_loader.cpp:335)
ERROR: Failed loading resource: res://materials/textures/paint_chip_orm.png. Make sure resources have been imported by opening the project in the editor at least once.
   at: _load (core/io/resource_loader.cpp:335)
ERROR: res://materials/shell_rib_painted.tres:17 - Parse Error: [ext_resource] referenced non-existent resource at: res://materials/textures/paint_chip_albedo.png.
   at: _printerr (scene/resources/resource_format_text.cpp:39)
ERROR: res://materials/shell_rib_painted.tres:17 - Parse Error: [ext_resource] referenced non-existent resource at: res://materials/textures/paint_chip_albedo.png.
   at: _printerr (scene/resources/resource_format_text.cpp:39)
ERROR: Failed loading resource: res://materials/shell_rib_painted.tres. Make sure resources have been imported by opening the project in the editor at least once.
   at: _load (core/io/resource_loader.cpp:335)
ERROR: Unable to open file: res://.godot/imported/wall_plate_albedo.png-4b86a67befa70cc5800a6bb65aa67734.s3tc.ctex.
   at: _load_data (scene/resources/compressed_texture.cpp:41)
ERROR: Failed loading resource: res://.godot/imported/wall_plate_albedo.png-4b86a67befa70cc5800a6bb65aa67734.s3tc.ctex. Make sure resources have been imported by opening the project in the editor at least once.
   at: _load (core/io/resource_loader.cpp:335)
ERROR: Failed loading resource: res://materials/textures/wall_plate_albedo.png. Make sure resources have been imported by opening the project in the editor at least once.
   at: _load (core/io/resource_loader.cpp:335)
ERROR: Unable to open file: res://.godot/imported/wall_plate_normal.png-265e4bd21235ce195c72ab572b5d1f73.s3tc.ctex.
   at: _load_data (scene/resources/compressed_texture.cpp:41)
ERROR: Failed loading resource: res://.godot/imported/wall_plate_normal.png-265e4bd21235ce195c72ab572b5d1f73.s3tc.ctex. Make sure resources have been imported by opening the project in the editor at least once.
   at: _load (core/io/resource_loader.cpp:335)
ERROR: Failed loading resource: res://materials/textures/wall_plate_normal.png. Make sure resources have been imported by opening the project in the editor at least once.
   at: _load (core/io/resource_loader.cpp:335)
ERROR: Unable to open file: res://.godot/imported/wall_plate_orm.png-f3acf4fecbb9023465cee39638f161c1.s3tc.ctex.
   at: _load_data (scene/resources/compressed_texture.cpp:41)
ERROR: Failed loading resource: res://.godot/imported/wall_plate_orm.png-f3acf4fecbb9023465cee39638f161c1.s3tc.ctex. Make sure resources have been imported by opening the project in the editor at least once.
   at: _load (core/io/resource_loader.cpp:335)
ERROR: Failed loading resource: res://materials/textures/wall_plate_orm.png. Make sure resources have been imported by opening the project in the editor at least once.
   at: _load (core/io/resource_loader.cpp:335)
ERROR: res://materials/shell_wall_clinical.tres:17 - Parse Error: [ext_resource] referenced non-existent resource at: res://materials/textures/wall_plate_albedo.png.
   at: _printerr (scene/resources/resource_format_text.cpp:39)
ERROR: res://materials/shell_wall_clinical.tres:17 - Parse Error: [ext_resource] referenced non-existent resource at: res://materials/textures/wall_plate_albedo.png.
   at: _printerr (scene/resources/resource_format_text.cpp:39)
ERROR: Failed loading resource: res://materials/shell_wall_clinical.tres. Make sure resources have been imported by opening the project in the editor at least once.
   at: _load (core/io/resource_loader.cpp:335)
ERROR: Unable to open file: res://.godot/imported/hull_plate_albedo.png-4b4693e8da52b6ce495f1f3efa9fd6e2.s3tc.ctex.
   at: _load_data (scene/resources/compressed_texture.cpp:41)
ERROR: Failed loading resource: res://.godot/imported/hull_plate_albedo.png-4b4693e8da52b6ce495f1f3efa9fd6e2.s3tc.ctex. Make sure resources have been imported by opening the project in the editor at least once.
   at: _load (core/io/resource_loader.cpp:335)
ERROR: Failed loading resource: res://materials/textures/hull_plate_albedo.png. Make sure resources have been imported by opening the project in the editor at least once.
   at: _load (core/io/resource_loader.cpp:335)
ERROR: Unable to open file: res://.godot/imported/hull_plate_normal.png-a4d526d4b860e31e22be36ac158ef1a7.s3tc.ctex.
   at: _load_data (scene/resources/compressed_texture.cpp:41)
ERROR: Failed loading resource: res://.godot/imported/hull_plate_normal.png-a4d526d4b860e31e22be36ac158ef1a7.s3tc.ctex. Make sure resources have been imported by opening the project in the editor at least once.
   at: _load (core/io/resource_loader.cpp:335)
ERROR: Failed loading resource: res://materials/textures/hull_plate_normal.png. Make sure resources have been imported by opening the project in the editor at least once.
   at: _load (core/io/resource_loader.cpp:335)
ERROR: Unable to open file: res://.godot/imported/hull_plate_orm.png-27c282a6f336eb6d197c29a699b1e2be.s3tc.ctex.
   at: _load_data (scene/resources/compressed_texture.cpp:41)
ERROR: Failed loading resource: res://.godot/imported/hull_plate_orm.png-27c282a6f336eb6d197c29a699b1e2be.s3tc.ctex. Make sure resources have been imported by opening the project in the editor at least once.
   at: _load (core/io/resource_loader.cpp:335)
ERROR: Failed loading resource: res://materials/textures/hull_plate_orm.png. Make sure resources have been imported by opening the project in the editor at least once.
   at: _load (core/io/resource_loader.cpp:335)
ERROR: res://materials/shell_wall_industrial.tres:17 - Parse Error: [ext_resource] referenced non-existent resource at: res://materials/textures/hull_plate_albedo.png.
   at: _printerr (scene/resources/resource_format_text.cpp:39)
ERROR: res://materials/shell_wall_industrial.tres:17 - Parse Error: [ext_resource] referenced non-existent resource at: res://materials/textures/hull_plate_albedo.png.
   at: _printerr (scene/resources/resource_format_text.cpp:39)
ERROR: Failed loading resource: res://materials/shell_wall_industrial.tres. Make sure resources have been imported by opening the project in the editor at least once.
   at: _load (core/io/resource_loader.cpp:335)
ERROR: Unable to open file: res://.godot/imported/wall_plate_albedo.png-4b86a67befa70cc5800a6bb65aa67734.s3tc.ctex.
   at: _load_data (scene/resources/compressed_texture.cpp:41)
ERROR: Failed loading resource: res://.godot/imported/wall_plate_albedo.png-4b86a67befa70cc5800a6bb65aa67734.s3tc.ctex. Make sure resources have been imported by opening the project in the editor at least once.
   at: _load (core/io/resource_loader.cpp:335)
ERROR: Failed loading resource: res://materials/textures/wall_plate_albedo.png. Make sure resources have been imported by opening the project in the editor at least once.
   at: _load (core/io/resource_loader.cpp:335)
ERROR: Unable to open file: res://.godot/imported/wall_plate_normal.png-265e4bd21235ce195c72ab572b5d1f73.s3tc.ctex.
   at: _load_data (scene/resources/compressed_texture.cpp:41)
ERROR: Failed loading resource: res://.godot/imported/wall_plate_normal.png-265e4bd21235ce195c72ab572b5d1f73.s3tc.ctex. Make sure resources have been imported by opening the project in the editor at least once.
   at: _load (core/io/resource_loader.cpp:335)
ERROR: Failed loading resource: res://materials/textures/wall_plate_normal.png. Make sure resources have been imported by opening the project in the editor at least once.
   at: _load (core/io/resource_loader.cpp:335)
ERROR: Unable to open file: res://.godot/imported/wall_plate_orm.png-f3acf4fecbb9023465cee39638f161c1.s3tc.ctex.
   at: _load_data (scene/resources/compressed_texture.cpp:41)
ERROR: Failed loading resource: res://.godot/imported/wall_plate_orm.png-f3acf4fecbb9023465cee39638f161c1.s3tc.ctex. Make sure resources have been imported by opening the project in the editor at least once.
   at: _load (core/io/resource_loader.cpp:335)
ERROR: Failed loading resource: res://materials/textures/wall_plate_orm.png. Make sure resources have been imported by opening the project in the editor at least once.
   at: _load (core/io/resource_loader.cpp:335)
ERROR: res://materials/shell_wall_panel.tres:17 - Parse Error: [ext_resource] referenced non-existent resource at: res://materials/textures/wall_plate_albedo.png.
   at: _printerr (scene/resources/resource_format_text.cpp:39)
ERROR: res://materials/shell_wall_panel.tres:17 - Parse Error: [ext_resource] referenced non-existent resource at: res://materials/textures/wall_plate_albedo.png.
   at: _printerr (scene/resources/resource_format_text.cpp:39)
ERROR: Failed loading resource: res://materials/shell_wall_panel.tres. Make sure resources have been imported by opening the project in the editor at least once.
   at: _load (core/io/resource_loader.cpp:335)
ERROR: Unable to open file: res://.godot/imported/metal_grain_albedo.png-2f86e4a72894d47fe42d0bb15318f74f.s3tc.ctex.
   at: _load_data (scene/resources/compressed_texture.cpp:41)
ERROR: Failed loading resource: res://.godot/imported/metal_grain_albedo.png-2f86e4a72894d47fe42d0bb15318f74f.s3tc.ctex. Make sure resources have been imported by opening the project in the editor at least once.
   at: _load (core/io/resource_loader.cpp:335)
ERROR: Failed loading resource: res://materials/textures/metal_grain_albedo.png. Make sure resources have been imported by opening the project in the editor at least once.
   at: _load (core/io/resource_loader.cpp:335)
ERROR: Unable to open file: res://.godot/imported/metal_grain_normal.png-59977962636d1ed3c49443a01e747690.s3tc.ctex.
   at: _load_data (scene/resources/compressed_texture.cpp:41)
ERROR: Failed loading resource: res://.godot/imported/metal_grain_normal.png-59977962636d1ed3c49443a01e747690.s3tc.ctex. Make sure resources have been imported by opening the project in the editor at least once.
   at: _load (core/io/resource_loader.cpp:335)
ERROR: Failed loading resource: res://materials/textures/metal_grain_normal.png. Make sure resources have been imported by opening the project in the editor at least once.
   at: _load (core/io/resource_loader.cpp:335)
ERROR: Unable to open file: res://.godot/imported/metal_grain_orm.png-5794fd69453028a83dd178ad8dea0aa8.s3tc.ctex.
   at: _load_data (scene/resources/compressed_texture.cpp:41)
ERROR: Failed loading resource: res://.godot/imported/metal_grain_orm.png-5794fd69453028a83dd178ad8dea0aa8.s3tc.ctex. Make sure resources have been imported by opening the project in the editor at least once.
   at: _load (core/io/resource_loader.cpp:335)
ERROR: Failed loading resource: res://materials/textures/metal_grain_orm.png. Make sure resources have been imported by opening the project in the editor at least once.
   at: _load (core/io/resource_loader.cpp:335)
ERROR: res://materials/sign_deck_plaque.tres:17 - Parse Error: [ext_resource] referenced non-existent resource at: res://materials/textures/metal_grain_albedo.png.
   at: _printerr (scene/resources/resource_format_text.cpp:39)
ERROR: res://materials/sign_deck_plaque.tres:17 - Parse Error: [ext_resource] referenced non-existent resource at: res://materials/textures/metal_grain_albedo.png.
   at: _printerr (scene/resources/resource_format_text.cpp:39)
ERROR: Failed loading resource: res://materials/sign_deck_plaque.tres. Make sure resources have been imported by opening the project in the editor at least once.
   at: _load (core/io/resource_loader.cpp:335)
ERROR: Unable to open file: res://.godot/imported/composite_matte_albedo.png-31f7b654b2213e8aff6c6b47b8c508b5.s3tc.ctex.
   at: _load_data (scene/resources/compressed_texture.cpp:41)
ERROR: Failed loading resource: res://.godot/imported/composite_matte_albedo.png-31f7b654b2213e8aff6c6b47b8c508b5.s3tc.ctex. Make sure resources have been imported by opening the project in the editor at least once.
   at: _load (core/io/resource_loader.cpp:335)
ERROR: Failed loading resource: res://materials/textures/composite_matte_albedo.png. Make sure resources have been imported by opening the project in the editor at least once.
   at: _load (core/io/resource_loader.cpp:335)
ERROR: Unable to open file: res://.godot/imported/composite_matte_normal.png-73f36fc7d51238f03ee203339ee5592e.s3tc.ctex.
   at: _load_data (scene/resources/compressed_texture.cpp:41)
ERROR: Failed loading resource: res://.godot/imported/composite_matte_normal.png-73f36fc7d51238f03ee203339ee5592e.s3tc.ctex. Make sure resources have been imported by opening the project in the editor at least once.
   at: _load (core/io/resource_loader.cpp:335)
ERROR: Failed loading resource: res://materials/textures/composite_matte_normal.png. Make sure resources have been imported by opening the project in the editor at least once.
   at: _load (core/io/resource_loader.cpp:335)
ERROR: Unable to open file: res://.godot/imported/composite_matte_orm.png-fa6105aeb9ad6c081e96d4440198cc68.s3tc.ctex.
   at: _load_data (scene/resources/compressed_texture.cpp:41)
ERROR: Failed loading resource: res://.godot/imported/composite_matte_orm.png-fa6105aeb9ad6c081e96d4440198cc68.s3tc.ctex. Make sure resources have been imported by opening the project in the editor at least once.
   at: _load (core/io/resource_loader.cpp:335)
ERROR: Failed loading resource: res://materials/textures/composite_matte_orm.png. Make sure resources have been imported by opening the project in the editor at least once.
   at: _load (core/io/resource_loader.cpp:335)
ERROR: res://materials/sign_mount_dark.tres:17 - Parse Error: [ext_resource] referenced non-existent resource at: res://materials/textures/composite_matte_albedo.png.
   at: _printerr (scene/resources/resource_format_text.cpp:39)
ERROR: res://materials/sign_mount_dark.tres:17 - Parse Error: [ext_resource] referenced non-existent resource at: res://materials/textures/composite_matte_albedo.png.
   at: _printerr (scene/resources/resource_format_text.cpp:39)
ERROR: Failed loading resource: res://materials/sign_mount_dark.tres. Make sure resources have been imported by opening the project in the editor at least once.
   at: _load (core/io/resource_loader.cpp:335)
ERROR: Unable to open file: res://.godot/imported/signage_panel_albedo.png-d3e8d5d8f1328a19f4dbb1b10fa7d106.s3tc.ctex.
   at: _load_data (scene/resources/compressed_texture.cpp:41)
ERROR: Failed loading resource: res://.godot/imported/signage_panel_albedo.png-d3e8d5d8f1328a19f4dbb1b10fa7d106.s3tc.ctex. Make sure resources have been imported by opening the project in the editor at least once.
   at: _load (core/io/resource_loader.cpp:335)
ERROR: Failed loading resource: res://materials/textures/signage_panel_albedo.png. Make sure resources have been imported by opening the project in the editor at least once.
   at: _load (core/io/resource_loader.cpp:335)
ERROR: Unable to open file: res://.godot/imported/signage_panel_normal.png-791be5519f5f6f52f3aecbc16cf0f2c8.s3tc.ctex.
   at: _load_data (scene/resources/compressed_texture.cpp:41)
ERROR: Failed loading resource: res://.godot/imported/signage_panel_normal.png-791be5519f5f6f52f3aecbc16cf0f2c8.s3tc.ctex. Make sure resources have been imported by opening the project in the editor at least once.
   at: _load (core/io/resource_loader.cpp:335)
ERROR: Failed loading resource: res://materials/textures/signage_panel_normal.png. Make sure resources have been imported by opening the project in the editor at least once.
   at: _load (core/io/resource_loader.cpp:335)
ERROR: Unable to open file: res://.godot/imported/signage_panel_orm.png-0be21e3ae1a2594dd129e17bcef2d4a0.s3tc.ctex.
   at: _load_data (scene/resources/compressed_texture.cpp:41)
ERROR: Failed loading resource: res://.godot/imported/signage_panel_orm.png-0be21e3ae1a2594dd129e17bcef2d4a0.s3tc.ctex. Make sure resources have been imported by opening the project in the editor at least once.
   at: _load (core/io/resource_loader.cpp:335)
ERROR: Failed loading resource: res://materials/textures/signage_panel_orm.png. Make sure resources have been imported by opening the project in the editor at least once.
   at: _load (core/io/resource_loader.cpp:335)
ERROR: res://materials/signage_panel.tres:17 - Parse Error: [ext_resource] referenced non-existent resource at: res://materials/textures/signage_panel_albedo.png.
   at: _printerr (scene/resources/resource_format_text.cpp:39)
ERROR: res://materials/signage_panel.tres:17 - Parse Error: [ext_resource] referenced non-existent resource at: res://materials/textures/signage_panel_albedo.png.
   at: _printerr (scene/resources/resource_format_text.cpp:39)
ERROR: Failed loading resource: res://materials/signage_panel.tres. Make sure resources have been imported by opening the project in the editor at least once.
   at: _load (core/io/resource_loader.cpp:335)
ERROR: Unable to open file: res://.godot/imported/deck_stud_albedo.png-f723484e7e1e4f5a272ce0d6ffc2c6d5.s3tc.ctex.
   at: _load_data (scene/resources/compressed_texture.cpp:41)
ERROR: Failed loading resource: res://.godot/imported/deck_stud_albedo.png-f723484e7e1e4f5a272ce0d6ffc2c6d5.s3tc.ctex. Make sure resources have been imported by opening the project in the editor at least once.
   at: _load (core/io/resource_loader.cpp:335)
ERROR: Failed loading resource: res://materials/textures/deck_stud_albedo.png. Make sure resources have been imported by opening the project in the editor at least once.
   at: _load (core/io/resource_loader.cpp:335)
ERROR: Unable to open file: res://.godot/imported/deck_stud_normal.png-6cc92bbdf782d561d85ffae0cf2b2978.s3tc.ctex.
   at: _load_data (scene/resources/compressed_texture.cpp:41)
ERROR: Failed loading resource: res://.godot/imported/deck_stud_normal.png-6cc92bbdf782d561d85ffae0cf2b2978.s3tc.ctex. Make sure resources have been imported by opening the project in the editor at least once.
   at: _load (core/io/resource_loader.cpp:335)
ERROR: Failed loading resource: res://materials/textures/deck_stud_normal.png. Make sure resources have been imported by opening the project in the editor at least once.
   at: _load (core/io/resource_loader.cpp:335)
ERROR: Unable to open file: res://.godot/imported/deck_stud_orm.png-7f17bce8a7b3fed69da022c2edfa04cf.s3tc.ctex.
   at: _load_data (scene/resources/compressed_texture.cpp:41)
ERROR: Failed loading resource: res://.godot/imported/deck_stud_orm.png-7f17bce8a7b3fed69da022c2edfa04cf.s3tc.ctex. Make sure resources have been imported by opening the project in the editor at least once.
   at: _load (core/io/resource_loader.cpp:335)
ERROR: Failed loading resource: res://materials/textures/deck_stud_orm.png. Make sure resources have been imported by opening the project in the editor at least once.
   at: _load (core/io/resource_loader.cpp:335)
ERROR: res://materials/steel_catwalk_tread.tres:17 - Parse Error: [ext_resource] referenced non-existent resource at: res://materials/textures/deck_stud_albedo.png.
   at: _printerr (scene/resources/resource_format_text.cpp:39)
ERROR: res://materials/steel_catwalk_tread.tres:17 - Parse Error: [ext_resource] referenced non-existent resource at: res://materials/textures/deck_stud_albedo.png.
   at: _printerr (scene/resources/resource_format_text.cpp:39)
ERROR: Failed loading resource: res://materials/steel_catwalk_tread.tres. Make sure resources have been imported by opening the project in the editor at least once.
   at: _load (core/io/resource_loader.cpp:335)
ERROR: Unable to open file: res://.godot/imported/truss_steel_albedo.png-310f2d722fb90361931bad676b6e954d.s3tc.ctex.
   at: _load_data (scene/resources/compressed_texture.cpp:41)
ERROR: Failed loading resource: res://.godot/imported/truss_steel_albedo.png-310f2d722fb90361931bad676b6e954d.s3tc.ctex. Make sure resources have been imported by opening the project in the editor at least once.
   at: _load (core/io/resource_loader.cpp:335)
ERROR: Failed loading resource: res://materials/textures/truss_steel_albedo.png. Make sure resources have been imported by opening the project in the editor at least once.
   at: _load (core/io/resource_loader.cpp:335)
ERROR: Unable to open file: res://.godot/imported/truss_steel_normal.png-874cd669c6039e6ab115715ac233e34b.s3tc.ctex.
   at: _load_data (scene/resources/compressed_texture.cpp:41)
ERROR: Failed loading resource: res://.godot/imported/truss_steel_normal.png-874cd669c6039e6ab115715ac233e34b.s3tc.ctex. Make sure resources have been imported by opening the project in the editor at least once.
   at: _load (core/io/resource_loader.cpp:335)
ERROR: Failed loading resource: res://materials/textures/truss_steel_normal.png. Make sure resources have been imported by opening the project in the editor at least once.
   at: _load (core/io/resource_loader.cpp:335)
ERROR: Unable to open file: res://.godot/imported/truss_steel_orm.png-d6e73b0735d2d71505e595d6e925d08d.s3tc.ctex.
   at: _load_data (scene/resources/compressed_texture.cpp:41)
ERROR: Failed loading resource: res://.godot/imported/truss_steel_orm.png-d6e73b0735d2d71505e595d6e925d08d.s3tc.ctex. Make sure resources have been imported by opening the project in the editor at least once.
   at: _load (core/io/resource_loader.cpp:335)
ERROR: Failed loading resource: res://materials/textures/truss_steel_orm.png. Make sure resources have been imported by opening the project in the editor at least once.
   at: _load (core/io/resource_loader.cpp:335)
ERROR: res://materials/steel_furnace_scorched.tres:17 - Parse Error: [ext_resource] referenced non-existent resource at: res://materials/textures/truss_steel_albedo.png.
   at: _printerr (scene/resources/resource_format_text.cpp:39)
ERROR: res://materials/steel_furnace_scorched.tres:17 - Parse Error: [ext_resource] referenced non-existent resource at: res://materials/textures/truss_steel_albedo.png.
   at: _printerr (scene/resources/resource_format_text.cpp:39)
ERROR: Failed loading resource: res://materials/steel_furnace_scorched.tres. Make sure resources have been imported by opening the project in the editor at least once.
   at: _load (core/io/resource_loader.cpp:335)
ERROR: Unable to open file: res://.godot/imported/truss_steel_albedo.png-310f2d722fb90361931bad676b6e954d.s3tc.ctex.
   at: _load_data (scene/resources/compressed_texture.cpp:41)
ERROR: Failed loading resource: res://.godot/imported/truss_steel_albedo.png-310f2d722fb90361931bad676b6e954d.s3tc.ctex. Make sure resources have been imported by opening the project in the editor at least once.
   at: _load (core/io/resource_loader.cpp:335)
ERROR: Failed loading resource: res://materials/textures/truss_steel_albedo.png. Make sure resources have been imported by opening the project in the editor at least once.
   at: _load (core/io/resource_loader.cpp:335)
ERROR: Unable to open file: res://.godot/imported/truss_steel_normal.png-874cd669c6039e6ab115715ac233e34b.s3tc.ctex.
   at: _load_data (scene/resources/compressed_texture.cpp:41)
ERROR: Failed loading resource: res://.godot/imported/truss_steel_normal.png-874cd669c6039e6ab115715ac233e34b.s3tc.ctex. Make sure resources have been imported by opening the project in the editor at least once.
   at: _load (core/io/resource_loader.cpp:335)
ERROR: Failed loading resource: res://materials/textures/truss_steel_normal.png. Make sure resources have been imported by opening the project in the editor at least once.
   at: _load (core/io/resource_loader.cpp:335)
ERROR: Unable to open file: res://.godot/imported/truss_steel_orm.png-d6e73b0735d2d71505e595d6e925d08d.s3tc.ctex.
   at: _load_data (scene/resources/compressed_texture.cpp:41)
ERROR: Failed loading resource: res://.godot/imported/truss_steel_orm.png-d6e73b0735d2d71505e595d6e925d08d.s3tc.ctex. Make sure resources have been imported by opening the project in the editor at least once.
   at: _load (core/io/resource_loader.cpp:335)
ERROR: Failed loading resource: res://materials/textures/truss_steel_orm.png. Make sure resources have been imported by opening the project in the editor at least once.
   at: _load (core/io/resource_loader.cpp:335)
ERROR: res://materials/steel_gantry_oxide.tres:17 - Parse Error: [ext_resource] referenced non-existent resource at: res://materials/textures/truss_steel_albedo.png.
   at: _printerr (scene/resources/resource_format_text.cpp:39)
ERROR: res://materials/steel_gantry_oxide.tres:17 - Parse Error: [ext_resource] referenced non-existent resource at: res://materials/textures/truss_steel_albedo.png.
   at: _printerr (scene/resources/resource_format_text.cpp:39)
ERROR: Failed loading resource: res://materials/steel_gantry_oxide.tres. Make sure resources have been imported by opening the project in the editor at least once.
   at: _load (core/io/resource_loader.cpp:335)
ERROR: Unable to open file: res://.godot/imported/paint_chip_albedo.png-866f368fbdd174d0849ff70d2952875f.s3tc.ctex.
   at: _load_data (scene/resources/compressed_texture.cpp:41)
ERROR: Failed loading resource: res://.godot/imported/paint_chip_albedo.png-866f368fbdd174d0849ff70d2952875f.s3tc.ctex. Make sure resources have been imported by opening the project in the editor at least once.
   at: _load (core/io/resource_loader.cpp:335)
ERROR: Failed loading resource: res://materials/textures/paint_chip_albedo.png. Make sure resources have been imported by opening the project in the editor at least once.
   at: _load (core/io/resource_loader.cpp:335)
ERROR: Unable to open file: res://.godot/imported/paint_chip_normal.png-6c8e87f98a98bd78df79b8658a61b28c.s3tc.ctex.
   at: _load_data (scene/resources/compressed_texture.cpp:41)
ERROR: Failed loading resource: res://.godot/imported/paint_chip_normal.png-6c8e87f98a98bd78df79b8658a61b28c.s3tc.ctex. Make sure resources have been imported by opening the project in the editor at least once.
   at: _load (core/io/resource_loader.cpp:335)
ERROR: Failed loading resource: res://materials/textures/paint_chip_normal.png. Make sure resources have been imported by opening the project in the editor at least once.
   at: _load (core/io/resource_loader.cpp:335)
ERROR: Unable to open file: res://.godot/imported/paint_chip_orm.png-e155643f75730f95662035bbf5d8fd41.s3tc.ctex.
   at: _load_data (scene/resources/compressed_texture.cpp:41)
ERROR: Failed loading resource: res://.godot/imported/paint_chip_orm.png-e155643f75730f95662035bbf5d8fd41.s3tc.ctex. Make sure resources have been imported by opening the project in the editor at least once.
   at: _load (core/io/resource_loader.cpp:335)
ERROR: Failed loading resource: res://materials/textures/paint_chip_orm.png. Make sure resources have been imported by opening the project in the editor at least once.
   at: _load (core/io/resource_loader.cpp:335)
ERROR: res://materials/zoc_armature.tres:17 - Parse Error: [ext_resource] referenced non-existent resource at: res://materials/textures/paint_chip_albedo.png.
   at: _printerr (scene/resources/resource_format_text.cpp:39)
ERROR: res://materials/zoc_armature.tres:17 - Parse Error: [ext_resource] referenced non-existent resource at: res://materials/textures/paint_chip_albedo.png.
   at: _printerr (scene/resources/resource_format_text.cpp:39)
ERROR: Failed loading resource: res://materials/zoc_armature.tres. Make sure resources have been imported by opening the project in the editor at least once.
   at: _load (core/io/resource_loader.cpp:335)
ERROR: Unable to open file: res://.godot/imported/composite_matte_albedo.png-31f7b654b2213e8aff6c6b47b8c508b5.s3tc.ctex.
   at: _load_data (scene/resources/compressed_texture.cpp:41)
ERROR: Failed loading resource: res://.godot/imported/composite_matte_albedo.png-31f7b654b2213e8aff6c6b47b8c508b5.s3tc.ctex. Make sure resources have been imported by opening the project in the editor at least once.
   at: _load (core/io/resource_loader.cpp:335)
ERROR: Failed loading resource: res://materials/textures/composite_matte_albedo.png. Make sure resources have been imported by opening the project in the editor at least once.
   at: _load (core/io/resource_loader.cpp:335)
ERROR: Unable to open file: res://.godot/imported/composite_matte_normal.png-73f36fc7d51238f03ee203339ee5592e.s3tc.ctex.
   at: _load_data (scene/resources/compressed_texture.cpp:41)
ERROR: Failed loading resource: res://.godot/imported/composite_matte_normal.png-73f36fc7d51238f03ee203339ee5592e.s3tc.ctex. Make sure resources have been imported by opening the project in the editor at least once.
   at: _load (core/io/resource_loader.cpp:335)
ERROR: Failed loading resource: res://materials/textures/composite_matte_normal.png. Make sure resources have been imported by opening the project in the editor at least once.
   at: _load (core/io/resource_loader.cpp:335)
ERROR: Unable to open file: res://.godot/imported/composite_matte_orm.png-fa6105aeb9ad6c081e96d4440198cc68.s3tc.ctex.
   at: _load_data (scene/resources/compressed_texture.cpp:41)
ERROR: Failed loading resource: res://.godot/imported/composite_matte_orm.png-fa6105aeb9ad6c081e96d4440198cc68.s3tc.ctex. Make sure resources have been imported by opening the project in the editor at least once.
   at: _load (core/io/resource_loader.cpp:335)
ERROR: Failed loading resource: res://materials/textures/composite_matte_orm.png. Make sure resources have been imported by opening the project in the editor at least once.
   at: _load (core/io/resource_loader.cpp:335)
ERROR: res://materials/zoc_cafe_table.tres:17 - Parse Error: [ext_resource] referenced non-existent resource at: res://materials/textures/composite_matte_albedo.png.
   at: _printerr (scene/resources/resource_format_text.cpp:39)
ERROR: res://materials/zoc_cafe_table.tres:17 - Parse Error: [ext_resource] referenced non-existent resource at: res://materials/textures/composite_matte_albedo.png.
   at: _printerr (scene/resources/resource_format_text.cpp:39)
ERROR: Failed loading resource: res://materials/zoc_cafe_table.tres. Make sure resources have been imported by opening the project in the editor at least once.
   at: _load (core/io/resource_loader.cpp:335)
ERROR: Unable to open file: res://.godot/imported/composite_matte_albedo.png-31f7b654b2213e8aff6c6b47b8c508b5.s3tc.ctex.
   at: _load_data (scene/resources/compressed_texture.cpp:41)
ERROR: Failed loading resource: res://.godot/imported/composite_matte_albedo.png-31f7b654b2213e8aff6c6b47b8c508b5.s3tc.ctex. Make sure resources have been imported by opening the project in the editor at least once.
   at: _load (core/io/resource_loader.cpp:335)
ERROR: Failed loading resource: res://materials/textures/composite_matte_albedo.png. Make sure resources have been imported by opening the project in the editor at least once.
   at: _load (core/io/resource_loader.cpp:335)
ERROR: Unable to open file: res://.godot/imported/composite_matte_normal.png-73f36fc7d51238f03ee203339ee5592e.s3tc.ctex.
   at: _load_data (scene/resources/compressed_texture.cpp:41)
ERROR: Failed loading resource: res://.godot/imported/composite_matte_normal.png-73f36fc7d51238f03ee203339ee5592e.s3tc.ctex. Make sure resources have been imported by opening the project in the editor at least once.
   at: _load (core/io/resource_loader.cpp:335)
ERROR: Failed loading resource: res://materials/textures/composite_matte_normal.png. Make sure resources have been imported by opening the project in the editor at least once.
   at: _load (core/io/resource_loader.cpp:335)
ERROR: Unable to open file: res://.godot/imported/composite_matte_orm.png-fa6105aeb9ad6c081e96d4440198cc68.s3tc.ctex.
   at: _load_data (scene/resources/compressed_texture.cpp:41)
ERROR: Failed loading resource: res://.godot/imported/composite_matte_orm.png-fa6105aeb9ad6c081e96d4440198cc68.s3tc.ctex. Make sure resources have been imported by opening the project in the editor at least once.
   at: _load (core/io/resource_loader.cpp:335)
ERROR: Failed loading resource: res://materials/textures/composite_matte_orm.png. Make sure resources have been imported by opening the project in the editor at least once.
   at: _load (core/io/resource_loader.cpp:335)
ERROR: res://materials/zoc_chair_seat.tres:17 - Parse Error: [ext_resource] referenced non-existent resource at: res://materials/textures/composite_matte_albedo.png.
   at: _printerr (scene/resources/resource_format_text.cpp:39)
ERROR: res://materials/zoc_chair_seat.tres:17 - Parse Error: [ext_resource] referenced non-existent resource at: res://materials/textures/composite_matte_albedo.png.
   at: _printerr (scene/resources/resource_format_text.cpp:39)
ERROR: Failed loading resource: res://materials/zoc_chair_seat.tres. Make sure resources have been imported by opening the project in the editor at least once.
   at: _load (core/io/resource_loader.cpp:335)
ERROR: Unable to open file: res://.godot/imported/deck_plate_albedo.png-648fce38e4caf3985965c97b8a478784.s3tc.ctex.
   at: _load_data (scene/resources/compressed_texture.cpp:41)
ERROR: Failed loading resource: res://.godot/imported/deck_plate_albedo.png-648fce38e4caf3985965c97b8a478784.s3tc.ctex. Make sure resources have been imported by opening the project in the editor at least once.
   at: _load (core/io/resource_loader.cpp:335)
ERROR: Failed loading resource: res://materials/textures/deck_plate_albedo.png. Make sure resources have been imported by opening the project in the editor at least once.
   at: _load (core/io/resource_loader.cpp:335)
ERROR: Unable to open file: res://.godot/imported/deck_plate_normal.png-75e780d92fc496d5a4fe3bb1de5d25ba.s3tc.ctex.
   at: _load_data (scene/resources/compressed_texture.cpp:41)
ERROR: Failed loading resource: res://.godot/imported/deck_plate_normal.png-75e780d92fc496d5a4fe3bb1de5d25ba.s3tc.ctex. Make sure resources have been imported by opening the project in the editor at least once.
   at: _load (core/io/resource_loader.cpp:335)
ERROR: Failed loading resource: res://materials/textures/deck_plate_normal.png. Make sure resources have been imported by opening the project in the editor at least once.
   at: _load (core/io/resource_loader.cpp:335)
ERROR: Unable to open file: res://.godot/imported/deck_plate_orm.png-a43b1cdd5b0cacf1d50db6787f9906f3.s3tc.ctex.
   at: _load_data (scene/resources/compressed_texture.cpp:41)
ERROR: Failed loading resource: res://.godot/imported/deck_plate_orm.png-a43b1cdd5b0cacf1d50db6787f9906f3.s3tc.ctex. Make sure resources have been imported by opening the project in the editor at least once.
   at: _load (core/io/resource_loader.cpp:335)
ERROR: Failed loading resource: res://materials/textures/deck_plate_orm.png. Make sure resources have been imported by opening the project in the editor at least once.
   at: _load (core/io/resource_loader.cpp:335)
ERROR: res://materials/zoc_deck_chevron.tres:17 - Parse Error: [ext_resource] referenced non-existent resource at: res://materials/textures/deck_plate_albedo.png.
   at: _printerr (scene/resources/resource_format_text.cpp:39)
ERROR: res://materials/zoc_deck_chevron.tres:17 - Parse Error: [ext_resource] referenced non-existent resource at: res://materials/textures/deck_plate_albedo.png.
   at: _printerr (scene/resources/resource_format_text.cpp:39)
ERROR: Failed loading resource: res://materials/zoc_deck_chevron.tres. Make sure resources have been imported by opening the project in the editor at least once.
   at: _load (core/io/resource_loader.cpp:335)
ERROR: Unable to open file: res://.godot/imported/deck_plate_albedo.png-648fce38e4caf3985965c97b8a478784.s3tc.ctex.
   at: _load_data (scene/resources/compressed_texture.cpp:41)
ERROR: Failed loading resource: res://.godot/imported/deck_plate_albedo.png-648fce38e4caf3985965c97b8a478784.s3tc.ctex. Make sure resources have been imported by opening the project in the editor at least once.
   at: _load (core/io/resource_loader.cpp:335)
ERROR: Failed loading resource: res://materials/textures/deck_plate_albedo.png. Make sure resources have been imported by opening the project in the editor at least once.
   at: _load (core/io/resource_loader.cpp:335)
ERROR: Unable to open file: res://.godot/imported/deck_plate_normal.png-75e780d92fc496d5a4fe3bb1de5d25ba.s3tc.ctex.
   at: _load_data (scene/resources/compressed_texture.cpp:41)
ERROR: Failed loading resource: res://.godot/imported/deck_plate_normal.png-75e780d92fc496d5a4fe3bb1de5d25ba.s3tc.ctex. Make sure resources have been imported by opening the project in the editor at least once.
   at: _load (core/io/resource_loader.cpp:335)
ERROR: Failed loading resource: res://materials/textures/deck_plate_normal.png. Make sure resources have been imported by opening the project in the editor at least once.
   at: _load (core/io/resource_loader.cpp:335)
ERROR: Unable to open file: res://.godot/imported/deck_plate_orm.png-a43b1cdd5b0cacf1d50db6787f9906f3.s3tc.ctex.
   at: _load_data (scene/resources/compressed_texture.cpp:41)
ERROR: Failed loading resource: res://.godot/imported/deck_plate_orm.png-a43b1cdd5b0cacf1d50db6787f9906f3.s3tc.ctex. Make sure resources have been imported by opening the project in the editor at least once.
   at: _load (core/io/resource_loader.cpp:335)
ERROR: Failed loading resource: res://materials/textures/deck_plate_orm.png. Make sure resources have been imported by opening the project in the editor at least once.
   at: _load (core/io/resource_loader.cpp:335)
ERROR: res://materials/zoc_deck_tile.tres:17 - Parse Error: [ext_resource] referenced non-existent resource at: res://materials/textures/deck_plate_albedo.png.
   at: _printerr (scene/resources/resource_format_text.cpp:39)
ERROR: res://materials/zoc_deck_tile.tres:17 - Parse Error: [ext_resource] referenced non-existent resource at: res://materials/textures/deck_plate_albedo.png.
   at: _printerr (scene/resources/resource_format_text.cpp:39)
ERROR: Failed loading resource: res://materials/zoc_deck_tile.tres. Make sure resources have been imported by opening the project in the editor at least once.
   at: _load (core/io/resource_loader.cpp:335)
ERROR: Unable to open file: res://.godot/imported/deck_plate_albedo.png-648fce38e4caf3985965c97b8a478784.s3tc.ctex.
   at: _load_data (scene/resources/compressed_texture.cpp:41)
ERROR: Failed loading resource: res://.godot/imported/deck_plate_albedo.png-648fce38e4caf3985965c97b8a478784.s3tc.ctex. Make sure resources have been imported by opening the project in the editor at least once.
   at: _load (core/io/resource_loader.cpp:335)
ERROR: Failed loading resource: res://materials/textures/deck_plate_albedo.png. Make sure resources have been imported by opening the project in the editor at least once.
   at: _load (core/io/resource_loader.cpp:335)
ERROR: Unable to open file: res://.godot/imported/deck_plate_normal.png-75e780d92fc496d5a4fe3bb1de5d25ba.s3tc.ctex.
   at: _load_data (scene/resources/compressed_texture.cpp:41)
ERROR: Failed loading resource: res://.godot/imported/deck_plate_normal.png-75e780d92fc496d5a4fe3bb1de5d25ba.s3tc.ctex. Make sure resources have been imported by opening the project in the editor at least once.
   at: _load (core/io/resource_loader.cpp:335)
ERROR: Failed loading resource: res://materials/textures/deck_plate_normal.png. Make sure resources have been imported by opening the project in the editor at least once.
   at: _load (core/io/resource_loader.cpp:335)
ERROR: Unable to open file: res://.godot/imported/deck_plate_orm.png-a43b1cdd5b0cacf1d50db6787f9906f3.s3tc.ctex.
   at: _load_data (scene/resources/compressed_texture.cpp:41)
ERROR: Failed loading resource: res://.godot/imported/deck_plate_orm.png-a43b1cdd5b0cacf1d50db6787f9906f3.s3tc.ctex. Make sure resources have been imported by opening the project in the editor at least once.
   at: _load (core/io/resource_loader.cpp:335)
ERROR: Failed loading resource: res://materials/textures/deck_plate_orm.png. Make sure resources have been imported by opening the project in the editor at least once.
   at: _load (core/io/resource_loader.cpp:335)
ERROR: res://materials/zoc_deck_worn.tres:17 - Parse Error: [ext_resource] referenced non-existent resource at: res://materials/textures/deck_plate_albedo.png.
   at: _printerr (scene/resources/resource_format_text.cpp:39)
ERROR: res://materials/zoc_deck_worn.tres:17 - Parse Error: [ext_resource] referenced non-existent resource at: res://materials/textures/deck_plate_albedo.png.
   at: _printerr (scene/resources/resource_format_text.cpp:39)
ERROR: Failed loading resource: res://materials/zoc_deck_worn.tres. Make sure resources have been imported by opening the project in the editor at least once.
   at: _load (core/io/resource_loader.cpp:335)
ERROR: Unable to open file: res://.godot/imported/composite_matte_albedo.png-31f7b654b2213e8aff6c6b47b8c508b5.s3tc.ctex.
   at: _load_data (scene/resources/compressed_texture.cpp:41)
ERROR: Failed loading resource: res://.godot/imported/composite_matte_albedo.png-31f7b654b2213e8aff6c6b47b8c508b5.s3tc.ctex. Make sure resources have been imported by opening the project in the editor at least once.
   at: _load (core/io/resource_loader.cpp:335)
ERROR: Failed loading resource: res://materials/textures/composite_matte_albedo.png. Make sure resources have been imported by opening the project in the editor at least once.
   at: _load (core/io/resource_loader.cpp:335)
ERROR: Unable to open file: res://.godot/imported/composite_matte_normal.png-73f36fc7d51238f03ee203339ee5592e.s3tc.ctex.
   at: _load_data (scene/resources/compressed_texture.cpp:41)
ERROR: Failed loading resource: res://.godot/imported/composite_matte_normal.png-73f36fc7d51238f03ee203339ee5592e.s3tc.ctex. Make sure resources have been imported by opening the project in the editor at least once.
   at: _load (core/io/resource_loader.cpp:335)
ERROR: Failed loading resource: res://materials/textures/composite_matte_normal.png. Make sure resources have been imported by opening the project in the editor at least once.
   at: _load (core/io/resource_loader.cpp:335)
ERROR: Unable to open file: res://.godot/imported/composite_matte_orm.png-fa6105aeb9ad6c081e96d4440198cc68.s3tc.ctex.
   at: _load_data (scene/resources/compressed_texture.cpp:41)
ERROR: Failed loading resource: res://.godot/imported/composite_matte_orm.png-fa6105aeb9ad6c081e96d4440198cc68.s3tc.ctex. Make sure resources have been imported by opening the project in the editor at least once.
   at: _load (core/io/resource_loader.cpp:335)
ERROR: Failed loading resource: res://materials/textures/composite_matte_orm.png. Make sure resources have been imported by opening the project in the editor at least once.
   at: _load (core/io/resource_loader.cpp:335)
ERROR: res://materials/zoc_five_panel.tres:17 - Parse Error: [ext_resource] referenced non-existent resource at: res://materials/textures/composite_matte_albedo.png.
   at: _printerr (scene/resources/resource_format_text.cpp:39)
ERROR: res://materials/zoc_five_panel.tres:17 - Parse Error: [ext_resource] referenced non-existent resource at: res://materials/textures/composite_matte_albedo.png.
   at: _printerr (scene/resources/resource_format_text.cpp:39)
ERROR: Failed loading resource: res://materials/zoc_five_panel.tres. Make sure resources have been imported by opening the project in the editor at least once.
   at: _load (core/io/resource_loader.cpp:335)
ERROR: Unable to open file: res://.godot/imported/deck_plate_albedo.png-648fce38e4caf3985965c97b8a478784.s3tc.ctex.
   at: _load_data (scene/resources/compressed_texture.cpp:41)
ERROR: Failed loading resource: res://.godot/imported/deck_plate_albedo.png-648fce38e4caf3985965c97b8a478784.s3tc.ctex. Make sure resources have been imported by opening the project in the editor at least once.
   at: _load (core/io/resource_loader.cpp:335)
ERROR: Failed loading resource: res://materials/textures/deck_plate_albedo.png. Make sure resources have been imported by opening the project in the editor at least once.
   at: _load (core/io/resource_loader.cpp:335)
ERROR: Unable to open file: res://.godot/imported/deck_plate_normal.png-75e780d92fc496d5a4fe3bb1de5d25ba.s3tc.ctex.
   at: _load_data (scene/resources/compressed_texture.cpp:41)
ERROR: Failed loading resource: res://.godot/imported/deck_plate_normal.png-75e780d92fc496d5a4fe3bb1de5d25ba.s3tc.ctex. Make sure resources have been imported by opening the project in the editor at least once.
   at: _load (core/io/resource_loader.cpp:335)
ERROR: Failed loading resource: res://materials/textures/deck_plate_normal.png. Make sure resources have been imported by opening the project in the editor at least once.
   at: _load (core/io/resource_loader.cpp:335)
ERROR: Unable to open file: res://.godot/imported/deck_plate_orm.png-a43b1cdd5b0cacf1d50db6787f9906f3.s3tc.ctex.
   at: _load_data (scene/resources/compressed_texture.cpp:41)
ERROR: Failed loading resource: res://.godot/imported/deck_plate_orm.png-a43b1cdd5b0cacf1d50db6787f9906f3.s3tc.ctex. Make sure resources have been imported by opening the project in the editor at least once.
   at: _load (core/io/resource_loader.cpp:335)
ERROR: Failed loading resource: res://materials/textures/deck_plate_orm.png. Make sure resources have been imported by opening the project in the editor at least once.
   at: _load (core/io/resource_loader.cpp:335)
ERROR: res://materials/zoc_gallery_slab.tres:17 - Parse Error: [ext_resource] referenced non-existent resource at: res://materials/textures/deck_plate_albedo.png.
   at: _printerr (scene/resources/resource_format_text.cpp:39)
ERROR: res://materials/zoc_gallery_slab.tres:17 - Parse Error: [ext_resource] referenced non-existent resource at: res://materials/textures/deck_plate_albedo.png.
   at: _printerr (scene/resources/resource_format_text.cpp:39)
ERROR: Failed loading resource: res://materials/zoc_gallery_slab.tres. Make sure resources have been imported by opening the project in the editor at least once.
   at: _load (core/io/resource_loader.cpp:335)
ERROR: Unable to open file: res://.godot/imported/metal_grain_albedo.png-2f86e4a72894d47fe42d0bb15318f74f.s3tc.ctex.
   at: _load_data (scene/resources/compressed_texture.cpp:41)
ERROR: Failed loading resource: res://.godot/imported/metal_grain_albedo.png-2f86e4a72894d47fe42d0bb15318f74f.s3tc.ctex. Make sure resources have been imported by opening the project in the editor at least once.
   at: _load (core/io/resource_loader.cpp:335)
ERROR: Failed loading resource: res://materials/textures/metal_grain_albedo.png. Make sure resources have been imported by opening the project in the editor at least once.
   at: _load (core/io/resource_loader.cpp:335)
ERROR: Unable to open file: res://.godot/imported/metal_grain_normal.png-59977962636d1ed3c49443a01e747690.s3tc.ctex.
   at: _load_data (scene/resources/compressed_texture.cpp:41)
ERROR: Failed loading resource: res://.godot/imported/metal_grain_normal.png-59977962636d1ed3c49443a01e747690.s3tc.ctex. Make sure resources have been imported by opening the project in the editor at least once.
   at: _load (core/io/resource_loader.cpp:335)
ERROR: Failed loading resource: res://materials/textures/metal_grain_normal.png. Make sure resources have been imported by opening the project in the editor at least once.
   at: _load (core/io/resource_loader.cpp:335)
ERROR: Unable to open file: res://.godot/imported/metal_grain_orm.png-5794fd69453028a83dd178ad8dea0aa8.s3tc.ctex.
   at: _load_data (scene/resources/compressed_texture.cpp:41)
ERROR: Failed loading resource: res://.godot/imported/metal_grain_orm.png-5794fd69453028a83dd178ad8dea0aa8.s3tc.ctex. Make sure resources have been imported by opening the project in the editor at least once.
   at: _load (core/io/resource_loader.cpp:335)
ERROR: Failed loading resource: res://materials/textures/metal_grain_orm.png. Make sure resources have been imported by opening the project in the editor at least once.
   at: _load (core/io/resource_loader.cpp:335)
ERROR: res://materials/zoc_rail.tres:17 - Parse Error: [ext_resource] referenced non-existent resource at: res://materials/textures/metal_grain_albedo.png.
   at: _printerr (scene/resources/resource_format_text.cpp:39)
ERROR: res://materials/zoc_rail.tres:17 - Parse Error: [ext_resource] referenced non-existent resource at: res://materials/textures/metal_grain_albedo.png.
   at: _printerr (scene/resources/resource_format_text.cpp:39)
ERROR: Failed loading resource: res://materials/zoc_rail.tres. Make sure resources have been imported by opening the project in the editor at least once.
   at: _load (core/io/resource_loader.cpp:335)
ERROR: Unable to open file: res://.godot/imported/composite_matte_albedo.png-31f7b654b2213e8aff6c6b47b8c508b5.s3tc.ctex.
   at: _load_data (scene/resources/compressed_texture.cpp:41)
ERROR: Failed loading resource: res://.godot/imported/composite_matte_albedo.png-31f7b654b2213e8aff6c6b47b8c508b5.s3tc.ctex. Make sure resources have been imported by opening the project in the editor at least once.
   at: _load (core/io/resource_loader.cpp:335)
ERROR: Failed loading resource: res://materials/textures/composite_matte_albedo.png. Make sure resources have been imported by opening the project in the editor at least once.
   at: _load (core/io/resource_loader.cpp:335)
ERROR: Unable to open file: res://.godot/imported/composite_matte_normal.png-73f36fc7d51238f03ee203339ee5592e.s3tc.ctex.
   at: _load_data (scene/resources/compressed_texture.cpp:41)
ERROR: Failed loading resource: res://.godot/imported/composite_matte_normal.png-73f36fc7d51238f03ee203339ee5592e.s3tc.ctex. Make sure resources have been imported by opening the project in the editor at least once.
   at: _load (core/io/resource_loader.cpp:335)
ERROR: Failed loading resource: res://materials/textures/composite_matte_normal.png. Make sure resources have been imported by opening the project in the editor at least once.
   at: _load (core/io/resource_loader.cpp:335)
ERROR: Unable to open file: res://.godot/imported/composite_matte_orm.png-fa6105aeb9ad6c081e96d4440198cc68.s3tc.ctex.
   at: _load_data (scene/resources/compressed_texture.cpp:41)
ERROR: Failed loading resource: res://.godot/imported/composite_matte_orm.png-fa6105aeb9ad6c081e96d4440198cc68.s3tc.ctex. Make sure resources have been imported by opening the project in the editor at least once.
   at: _load (core/io/resource_loader.cpp:335)
ERROR: Failed loading resource: res://materials/textures/composite_matte_orm.png. Make sure resources have been imported by opening the project in the editor at least once.
   at: _load (core/io/resource_loader.cpp:335)
ERROR: res://materials/zoc_screen.tres:17 - Parse Error: [ext_resource] referenced non-existent resource at: res://materials/textures/composite_matte_albedo.png.
   at: _printerr (scene/resources/resource_format_text.cpp:39)
ERROR: res://materials/zoc_screen.tres:17 - Parse Error: [ext_resource] referenced non-existent resource at: res://materials/textures/composite_matte_albedo.png.
   at: _printerr (scene/resources/resource_format_text.cpp:39)
ERROR: Failed loading resource: res://materials/zoc_screen.tres. Make sure resources have been imported by opening the project in the editor at least once.
   at: _load (core/io/resource_loader.cpp:335)
ERROR: Unable to open file: res://.godot/imported/metal_grain_albedo.png-2f86e4a72894d47fe42d0bb15318f74f.s3tc.ctex.
   at: _load_data (scene/resources/compressed_texture.cpp:41)
ERROR: Failed loading resource: res://.godot/imported/metal_grain_albedo.png-2f86e4a72894d47fe42d0bb15318f74f.s3tc.ctex. Make sure resources have been imported by opening the project in the editor at least once.
   at: _load (core/io/resource_loader.cpp:335)
ERROR: Failed loading resource: res://materials/textures/metal_grain_albedo.png. Make sure resources have been imported by opening the project in the editor at least once.
   at: _load (core/io/resource_loader.cpp:335)
ERROR: Unable to open file: res://.godot/imported/metal_grain_normal.png-59977962636d1ed3c49443a01e747690.s3tc.ctex.
   at: _load_data (scene/resources/compressed_texture.cpp:41)
ERROR: Failed loading resource: res://.godot/imported/metal_grain_normal.png-59977962636d1ed3c49443a01e747690.s3tc.ctex. Make sure resources have been imported by opening the project in the editor at least once.
   at: _load (core/io/resource_loader.cpp:335)
ERROR: Failed loading resource: res://materials/textures/metal_grain_normal.png. Make sure resources have been imported by opening the project in the editor at least once.
   at: _load (core/io/resource_loader.cpp:335)
ERROR: Unable to open file: res://.godot/imported/metal_grain_orm.png-5794fd69453028a83dd178ad8dea0aa8.s3tc.ctex.
   at: _load_data (scene/resources/compressed_texture.cpp:41)
ERROR: Failed loading resource: res://.godot/imported/metal_grain_orm.png-5794fd69453028a83dd178ad8dea0aa8.s3tc.ctex. Make sure resources have been imported by opening the project in the editor at least once.
   at: _load (core/io/resource_loader.cpp:335)
ERROR: Failed loading resource: res://materials/textures/metal_grain_orm.png. Make sure resources have been imported by opening the project in the editor at least once.
   at: _load (core/io/resource_loader.cpp:335)
ERROR: res://materials/zoc_service_chrome.tres:17 - Parse Error: [ext_resource] referenced non-existent resource at: res://materials/textures/metal_grain_albedo.png.
   at: _printerr (scene/resources/resource_format_text.cpp:39)
ERROR: res://materials/zoc_service_chrome.tres:17 - Parse Error: [ext_resource] referenced non-existent resource at: res://materials/textures/metal_grain_albedo.png.
   at: _printerr (scene/resources/resource_format_text.cpp:39)
ERROR: Failed loading resource: res://materials/zoc_service_chrome.tres. Make sure resources have been imported by opening the project in the editor at least once.
   at: _load (core/io/resource_loader.cpp:335)
ERROR: Unable to open file: res://.godot/imported/deck_plate_albedo.png-648fce38e4caf3985965c97b8a478784.s3tc.ctex.
   at: _load_data (scene/resources/compressed_texture.cpp:41)
ERROR: Failed loading resource: res://.godot/imported/deck_plate_albedo.png-648fce38e4caf3985965c97b8a478784.s3tc.ctex. Make sure resources have been imported by opening the project in the editor at least once.
   at: _load (core/io/resource_loader.cpp:335)
ERROR: Failed loading resource: res://materials/textures/deck_plate_albedo.png. Make sure resources have been imported by opening the project in the editor at least once.
   at: _load (core/io/resource_loader.cpp:335)
ERROR: Unable to open file: res://.godot/imported/deck_plate_normal.png-75e780d92fc496d5a4fe3bb1de5d25ba.s3tc.ctex.
   at: _load_data (scene/resources/compressed_texture.cpp:41)
ERROR: Failed loading resource: res://.godot/imported/deck_plate_normal.png-75e780d92fc496d5a4fe3bb1de5d25ba.s3tc.ctex. Make sure resources have been imported by opening the project in the editor at least once.
   at: _load (core/io/resource_loader.cpp:335)
ERROR: Failed loading resource: res://materials/textures/deck_plate_normal.png. Make sure resources have been imported by opening the project in the editor at least once.
   at: _load (core/io/resource_loader.cpp:335)
ERROR: Unable to open file: res://.godot/imported/deck_plate_orm.png-a43b1cdd5b0cacf1d50db6787f9906f3.s3tc.ctex.
   at: _load_data (scene/resources/compressed_texture.cpp:41)
ERROR: Failed loading resource: res://.godot/imported/deck_plate_orm.png-a43b1cdd5b0cacf1d50db6787f9906f3.s3tc.ctex. Make sure resources have been imported by opening the project in the editor at least once.
   at: _load (core/io/resource_loader.cpp:335)
ERROR: Failed loading resource: res://materials/textures/deck_plate_orm.png. Make sure resources have been imported by opening the project in the editor at least once.
   at: _load (core/io/resource_loader.cpp:335)
ERROR: res://materials/zoc_stair.tres:17 - Parse Error: [ext_resource] referenced non-existent resource at: res://materials/textures/deck_plate_albedo.png.
   at: _printerr (scene/resources/resource_format_text.cpp:39)
ERROR: res://materials/zoc_stair.tres:17 - Parse Error: [ext_resource] referenced non-existent resource at: res://materials/textures/deck_plate_albedo.png.
   at: _printerr (scene/resources/resource_format_text.cpp:39)
ERROR: Failed loading resource: res://materials/zoc_stair.tres. Make sure resources have been imported by opening the project in the editor at least once.
   at: _load (core/io/resource_loader.cpp:335)
ERROR: Unable to open file: res://.godot/imported/cloth_weave_albedo.png-4e67a9aa361c0cbbadb395c54bcafaac.s3tc.ctex.
   at: _load_data (scene/resources/compressed_texture.cpp:41)
ERROR: Failed loading resource: res://.godot/imported/cloth_weave_albedo.png-4e67a9aa361c0cbbadb395c54bcafaac.s3tc.ctex. Make sure resources have been imported by opening the project in the editor at least once.
   at: _load (core/io/resource_loader.cpp:335)
ERROR: Failed loading resource: res://materials/textures/cloth_weave_albedo.png. Make sure resources have been imported by opening the project in the editor at least once.
   at: _load (core/io/resource_loader.cpp:335)
ERROR: Unable to open file: res://.godot/imported/cloth_weave_normal.png-99f5872fcd5758cdfbfe6a52cd58fb8d.s3tc.ctex.
   at: _load_data (scene/resources/compressed_texture.cpp:41)
ERROR: Failed loading resource: res://.godot/imported/cloth_weave_normal.png-99f5872fcd5758cdfbfe6a52cd58fb8d.s3tc.ctex. Make sure resources have been imported by opening the project in the editor at least once.
   at: _load (core/io/resource_loader.cpp:335)
ERROR: Failed loading resource: res://materials/textures/cloth_weave_normal.png. Make sure resources have been imported by opening the project in the editor at least once.
   at: _load (core/io/resource_loader.cpp:335)
ERROR: Unable to open file: res://.godot/imported/cloth_weave_orm.png-909887806547e6305d6001871d1b81f9.s3tc.ctex.
   at: _load_data (scene/resources/compressed_texture.cpp:41)
ERROR: Failed loading resource: res://.godot/imported/cloth_weave_orm.png-909887806547e6305d6001871d1b81f9.s3tc.ctex. Make sure resources have been imported by opening the project in the editor at least once.
   at: _load (core/io/resource_loader.cpp:335)
ERROR: Failed loading resource: res://materials/textures/cloth_weave_orm.png. Make sure resources have been imported by opening the project in the editor at least once.
   at: _load (core/io/resource_loader.cpp:335)
ERROR: res://materials/zoc_stall_canvas.tres:17 - Parse Error: [ext_resource] referenced non-existent resource at: res://materials/textures/cloth_weave_albedo.png.
   at: _printerr (scene/resources/resource_format_text.cpp:39)
ERROR: res://materials/zoc_stall_canvas.tres:17 - Parse Error: [ext_resource] referenced non-existent resource at: res://materials/textures/cloth_weave_albedo.png.
   at: _printerr (scene/resources/resource_format_text.cpp:39)
ERROR: Failed loading resource: res://materials/zoc_stall_canvas.tres. Make sure resources have been imported by opening the project in the editor at least once.
   at: _load (core/io/resource_loader.cpp:335)
ERROR: Unable to open file: res://.godot/imported/paint_chip_albedo.png-866f368fbdd174d0849ff70d2952875f.s3tc.ctex.
   at: _load_data (scene/resources/compressed_texture.cpp:41)
ERROR: Failed loading resource: res://.godot/imported/paint_chip_albedo.png-866f368fbdd174d0849ff70d2952875f.s3tc.ctex. Make sure resources have been imported by opening the project in the editor at least once.
   at: _load (core/io/resource_loader.cpp:335)
ERROR: Failed loading resource: res://materials/textures/paint_chip_albedo.png. Make sure resources have been imported by opening the project in the editor at least once.
   at: _load (core/io/resource_loader.cpp:335)
ERROR: Unable to open file: res://.godot/imported/paint_chip_normal.png-6c8e87f98a98bd78df79b8658a61b28c.s3tc.ctex.
   at: _load_data (scene/resources/compressed_texture.cpp:41)
ERROR: Failed loading resource: res://.godot/imported/paint_chip_normal.png-6c8e87f98a98bd78df79b8658a61b28c.s3tc.ctex. Make sure resources have been imported by opening the project in the editor at least once.
   at: _load (core/io/resource_loader.cpp:335)
ERROR: Failed loading resource: res://materials/textures/paint_chip_normal.png. Make sure resources have been imported by opening the project in the editor at least once.
   at: _load (core/io/resource_loader.cpp:335)
ERROR: Unable to open file: res://.godot/imported/paint_chip_orm.png-e155643f75730f95662035bbf5d8fd41.s3tc.ctex.
   at: _load_data (scene/resources/compressed_texture.cpp:41)
ERROR: Failed loading resource: res://.godot/imported/paint_chip_orm.png-e155643f75730f95662035bbf5d8fd41.s3tc.ctex. Make sure resources have been imported by opening the project in the editor at least once.
   at: _load (core/io/resource_loader.cpp:335)
ERROR: Failed loading resource: res://materials/textures/paint_chip_orm.png. Make sure resources have been imported by opening the project in the editor at least once.
   at: _load (core/io/resource_loader.cpp:335)
ERROR: res://materials/zoc_stall_counter.tres:17 - Parse Error: [ext_resource] referenced non-existent resource at: res://materials/textures/paint_chip_albedo.png.
   at: _printerr (scene/resources/resource_format_text.cpp:39)
ERROR: res://materials/zoc_stall_counter.tres:17 - Parse Error: [ext_resource] referenced non-existent resource at: res://materials/textures/paint_chip_albedo.png.
   at: _printerr (scene/resources/resource_format_text.cpp:39)
ERROR: Failed loading resource: res://materials/zoc_stall_counter.tres. Make sure resources have been imported by opening the project in the editor at least once.
   at: _load (core/io/resource_loader.cpp:335)
ERROR: Unable to open file: res://.godot/imported/paint_chip_albedo.png-866f368fbdd174d0849ff70d2952875f.s3tc.ctex.
   at: _load_data (scene/resources/compressed_texture.cpp:41)
ERROR: Failed loading resource: res://.godot/imported/paint_chip_albedo.png-866f368fbdd174d0849ff70d2952875f.s3tc.ctex. Make sure resources have been imported by opening the project in the editor at least once.
   at: _load (core/io/resource_loader.cpp:335)
ERROR: Failed loading resource: res://materials/textures/paint_chip_albedo.png. Make sure resources have been imported by opening the project in the editor at least once.
   at: _load (core/io/resource_loader.cpp:335)
ERROR: Unable to open file: res://.godot/imported/paint_chip_normal.png-6c8e87f98a98bd78df79b8658a61b28c.s3tc.ctex.
   at: _load_data (scene/resources/compressed_texture.cpp:41)
ERROR: Failed loading resource: res://.godot/imported/paint_chip_normal.png-6c8e87f98a98bd78df79b8658a61b28c.s3tc.ctex. Make sure resources have been imported by opening the project in the editor at least once.
   at: _load (core/io/resource_loader.cpp:335)
ERROR: Failed loading resource: res://materials/textures/paint_chip_normal.png. Make sure resources have been imported by opening the project in the editor at least once.
   at: _load (core/io/resource_loader.cpp:335)
ERROR: Unable to open file: res://.godot/imported/paint_chip_orm.png-e155643f75730f95662035bbf5d8fd41.s3tc.ctex.
   at: _load_data (scene/resources/compressed_texture.cpp:41)
ERROR: Failed loading resource: res://.godot/imported/paint_chip_orm.png-e155643f75730f95662035bbf5d8fd41.s3tc.ctex. Make sure resources have been imported by opening the project in the editor at least once.
   at: _load (core/io/resource_loader.cpp:335)
ERROR: Failed loading resource: res://materials/textures/paint_chip_orm.png. Make sure resources have been imported by opening the project in the editor at least once.
   at: _load (core/io/resource_loader.cpp:335)
ERROR: res://materials/zoc_stall_post.tres:17 - Parse Error: [ext_resource] referenced non-existent resource at: res://materials/textures/paint_chip_albedo.png.
   at: _printerr (scene/resources/resource_format_text.cpp:39)
ERROR: res://materials/zoc_stall_post.tres:17 - Parse Error: [ext_resource] referenced non-existent resource at: res://materials/textures/paint_chip_albedo.png.
   at: _printerr (scene/resources/resource_format_text.cpp:39)
ERROR: Failed loading resource: res://materials/zoc_stall_post.tres. Make sure resources have been imported by opening the project in the editor at least once.
   at: _load (core/io/resource_loader.cpp:335)
ERROR: Unable to open file: res://.godot/imported/paint_chip_albedo.png-866f368fbdd174d0849ff70d2952875f.s3tc.ctex.
   at: _load_data (scene/resources/compressed_texture.cpp:41)
ERROR: Failed loading resource: res://.godot/imported/paint_chip_albedo.png-866f368fbdd174d0849ff70d2952875f.s3tc.ctex. Make sure resources have been imported by opening the project in the editor at least once.
   at: _load (core/io/resource_loader.cpp:335)
ERROR: Failed loading resource: res://materials/textures/paint_chip_albedo.png. Make sure resources have been imported by opening the project in the editor at least once.
   at: _load (core/io/resource_loader.cpp:335)
ERROR: Unable to open file: res://.godot/imported/paint_chip_normal.png-6c8e87f98a98bd78df79b8658a61b28c.s3tc.ctex.
   at: _load_data (scene/resources/compressed_texture.cpp:41)
ERROR: Failed loading resource: res://.godot/imported/paint_chip_normal.png-6c8e87f98a98bd78df79b8658a61b28c.s3tc.ctex. Make sure resources have been imported by opening the project in the editor at least once.
   at: _load (core/io/resource_loader.cpp:335)
ERROR: Failed loading resource: res://materials/textures/paint_chip_normal.png. Make sure resources have been imported by opening the project in the editor at least once.
   at: _load (core/io/resource_loader.cpp:335)
ERROR: Unable to open file: res://.godot/imported/paint_chip_orm.png-e155643f75730f95662035bbf5d8fd41.s3tc.ctex.
   at: _load_data (scene/resources/compressed_texture.cpp:41)
ERROR: Failed loading resource: res://.godot/imported/paint_chip_orm.png-e155643f75730f95662035bbf5d8fd41.s3tc.ctex. Make sure resources have been imported by opening the project in the editor at least once.
   at: _load (core/io/resource_loader.cpp:335)
ERROR: Failed loading resource: res://materials/textures/paint_chip_orm.png. Make sure resources have been imported by opening the project in the editor at least once.
   at: _load (core/io/resource_loader.cpp:335)
ERROR: res://materials/zoc_structure.tres:17 - Parse Error: [ext_resource] referenced non-existent resource at: res://materials/textures/paint_chip_albedo.png.
   at: _printerr (scene/resources/resource_format_text.cpp:39)
ERROR: res://materials/zoc_structure.tres:17 - Parse Error: [ext_resource] referenced non-existent resource at: res://materials/textures/paint_chip_albedo.png.
   at: _printerr (scene/resources/resource_format_text.cpp:39)
ERROR: Failed loading resource: res://materials/zoc_structure.tres. Make sure resources have been imported by opening the project in the editor at least once.
   at: _load (core/io/resource_loader.cpp:335)
ERROR: Unable to open file: res://.godot/imported/composite_matte_albedo.png-31f7b654b2213e8aff6c6b47b8c508b5.s3tc.ctex.
   at: _load_data (scene/resources/compressed_texture.cpp:41)
ERROR: Failed loading resource: res://.godot/imported/composite_matte_albedo.png-31f7b654b2213e8aff6c6b47b8c508b5.s3tc.ctex. Make sure resources have been imported by opening the project in the editor at least once.
   at: _load (core/io/resource_loader.cpp:335)
ERROR: Failed loading resource: res://materials/textures/composite_matte_albedo.png. Make sure resources have been imported by opening the project in the editor at least once.
   at: _load (core/io/resource_loader.cpp:335)
ERROR: Unable to open file: res://.godot/imported/composite_matte_normal.png-73f36fc7d51238f03ee203339ee5592e.s3tc.ctex.
   at: _load_data (scene/resources/compressed_texture.cpp:41)
ERROR: Failed loading resource: res://.godot/imported/composite_matte_normal.png-73f36fc7d51238f03ee203339ee5592e.s3tc.ctex. Make sure resources have been imported by opening the project in the editor at least once.
   at: _load (core/io/resource_loader.cpp:335)
ERROR: Failed loading resource: res://materials/textures/composite_matte_normal.png. Make sure resources have been imported by opening the project in the editor at least once.
   at: _load (core/io/resource_loader.cpp:335)
ERROR: Unable to open file: res://.godot/imported/composite_matte_orm.png-fa6105aeb9ad6c081e96d4440198cc68.s3tc.ctex.
   at: _load_data (scene/resources/compressed_texture.cpp:41)
ERROR: Failed loading resource: res://.godot/imported/composite_matte_orm.png-fa6105aeb9ad6c081e96d4440198cc68.s3tc.ctex. Make sure resources have been imported by opening the project in the editor at least once.
   at: _load (core/io/resource_loader.cpp:335)
ERROR: Failed loading resource: res://materials/textures/composite_matte_orm.png. Make sure resources have been imported by opening the project in the editor at least once.
   at: _load (core/io/resource_loader.cpp:335)
ERROR: res://materials/zoc_table_edge.tres:17 - Parse Error: [ext_resource] referenced non-existent resource at: res://materials/textures/composite_matte_albedo.png.
   at: _printerr (scene/resources/resource_format_text.cpp:39)
ERROR: res://materials/zoc_table_edge.tres:17 - Parse Error: [ext_resource] referenced non-existent resource at: res://materials/textures/composite_matte_albedo.png.
   at: _printerr (scene/resources/resource_format_text.cpp:39)
ERROR: Failed loading resource: res://materials/zoc_table_edge.tres. Make sure resources have been imported by opening the project in the editor at least once.
   at: _load (core/io/resource_loader.cpp:335)
ERROR: Unable to open file: res://.godot/imported/wall_plate_albedo.png-4b86a67befa70cc5800a6bb65aa67734.s3tc.ctex.
   at: _load_data (scene/resources/compressed_texture.cpp:41)
ERROR: Failed loading resource: res://.godot/imported/wall_plate_albedo.png-4b86a67befa70cc5800a6bb65aa67734.s3tc.ctex. Make sure resources have been imported by opening the project in the editor at least once.
   at: _load (core/io/resource_loader.cpp:335)
ERROR: Failed loading resource: res://materials/textures/wall_plate_albedo.png. Make sure resources have been imported by opening the project in the editor at least once.
   at: _load (core/io/resource_loader.cpp:335)
ERROR: Unable to open file: res://.godot/imported/wall_plate_normal.png-265e4bd21235ce195c72ab572b5d1f73.s3tc.ctex.
   at: _load_data (scene/resources/compressed_texture.cpp:41)
ERROR: Failed loading resource: res://.godot/imported/wall_plate_normal.png-265e4bd21235ce195c72ab572b5d1f73.s3tc.ctex. Make sure resources have been imported by opening the project in the editor at least once.
   at: _load (core/io/resource_loader.cpp:335)
ERROR: Failed loading resource: res://materials/textures/wall_plate_normal.png. Make sure resources have been imported by opening the project in the editor at least once.
   at: _load (core/io/resource_loader.cpp:335)
ERROR: Unable to open file: res://.godot/imported/wall_plate_orm.png-f3acf4fecbb9023465cee39638f161c1.s3tc.ctex.
   at: _load_data (scene/resources/compressed_texture.cpp:41)
ERROR: Failed loading resource: res://.godot/imported/wall_plate_orm.png-f3acf4fecbb9023465cee39638f161c1.s3tc.ctex. Make sure resources have been imported by opening the project in the editor at least once.
   at: _load (core/io/resource_loader.cpp:335)
ERROR: Failed loading resource: res://materials/textures/wall_plate_orm.png. Make sure resources have been imported by opening the project in the editor at least once.
   at: _load (core/io/resource_loader.cpp:335)
ERROR: res://materials/zoc_wall_plate.tres:17 - Parse Error: [ext_resource] referenced non-existent resource at: res://materials/textures/wall_plate_albedo.png.
   at: _printerr (scene/resources/resource_format_text.cpp:39)
ERROR: res://materials/zoc_wall_plate.tres:17 - Parse Error: [ext_resource] referenced non-existent resource at: res://materials/textures/wall_plate_albedo.png.
   at: _printerr (scene/resources/resource_format_text.cpp:39)
ERROR: Failed loading resource: res://materials/zoc_wall_plate.tres. Make sure resources have been imported by opening the project in the editor at least once.
   at: _load (core/io/resource_loader.cpp:335)
ERROR: Unable to open file: res://.godot/imported/cloth_weave_albedo.png-4e67a9aa361c0cbbadb395c54bcafaac.s3tc.ctex.
   at: _load_data (scene/resources/compressed_texture.cpp:41)
ERROR: Failed loading resource: res://.godot/imported/cloth_weave_albedo.png-4e67a9aa361c0cbbadb395c54bcafaac.s3tc.ctex. Make sure resources have been imported by opening the project in the editor at least once.
   at: _load (core/io/resource_loader.cpp:335)
ERROR: Failed loading resource: res://materials/textures/cloth_weave_albedo.png. Make sure resources have been imported by opening the project in the editor at least once.
   at: _load (core/io/resource_loader.cpp:335)
ERROR: Unable to open file: res://.godot/imported/cloth_weave_normal.png-99f5872fcd5758cdfbfe6a52cd58fb8d.s3tc.ctex.
   at: _load_data (scene/resources/compressed_texture.cpp:41)
ERROR: Failed loading resource: res://.godot/imported/cloth_weave_normal.png-99f5872fcd5758cdfbfe6a52cd58fb8d.s3tc.ctex. Make sure resources have been imported by opening the project in the editor at least once.
   at: _load (core/io/resource_loader.cpp:335)
ERROR: Failed loading resource: res://materials/textures/cloth_weave_normal.png. Make sure resources have been imported by opening the project in the editor at least once.
   at: _load (core/io/resource_loader.cpp:335)
ERROR: Unable to open file: res://.godot/imported/cloth_weave_orm.png-909887806547e6305d6001871d1b81f9.s3tc.ctex.
   at: _load_data (scene/resources/compressed_texture.cpp:41)
ERROR: Failed loading resource: res://.godot/imported/cloth_weave_orm.png-909887806547e6305d6001871d1b81f9.s3tc.ctex. Make sure resources have been imported by opening the project in the editor at least once.
   at: _load (core/io/resource_loader.cpp:335)
ERROR: Failed loading resource: res://materials/textures/cloth_weave_orm.png. Make sure resources have been imported by opening the project in the editor at least once.
   at: _load (core/io/resource_loader.cpp:335)
ERROR: res://materials/npc_hair.tres:17 - Parse Error: [ext_resource] referenced non-existent resource at: res://materials/textures/cloth_weave_albedo.png.
   at: _printerr (scene/resources/resource_format_text.cpp:39)
ERROR: res://materials/npc_hair.tres:17 - Parse Error: [ext_resource] referenced non-existent resource at: res://materials/textures/cloth_weave_albedo.png.
   at: _printerr (scene/resources/resource_format_text.cpp:39)
ERROR: Failed loading resource: res://materials/npc_hair.tres. Make sure resources have been imported by opening the project in the editor at least once.
   at: _load (core/io/resource_loader.cpp:335)
ERROR: Unable to open file: res://.godot/imported/skin_albedo.png-e04db43eb915960e98dc731326a6b7c0.s3tc.ctex.
   at: _load_data (scene/resources/compressed_texture.cpp:41)
ERROR: Failed loading resource: res://.godot/imported/skin_albedo.png-e04db43eb915960e98dc731326a6b7c0.s3tc.ctex. Make sure resources have been imported by opening the project in the editor at least once.
   at: _load (core/io/resource_loader.cpp:335)
ERROR: Failed loading resource: res://materials/textures/skin_albedo.png. Make sure resources have been imported by opening the project in the editor at least once.
   at: _load (core/io/resource_loader.cpp:335)
ERROR: Unable to open file: res://.godot/imported/skin_normal.png-0d9e886048bcbfd8101ed8b27b50b85f.s3tc.ctex.
   at: _load_data (scene/resources/compressed_texture.cpp:41)
ERROR: Failed loading resource: res://.godot/imported/skin_normal.png-0d9e886048bcbfd8101ed8b27b50b85f.s3tc.ctex. Make sure resources have been imported by opening the project in the editor at least once.
   at: _load (core/io/resource_loader.cpp:335)
ERROR: Failed loading resource: res://materials/textures/skin_normal.png. Make sure resources have been imported by opening the project in the editor at least once.
   at: _load (core/io/resource_loader.cpp:335)
ERROR: Unable to open file: res://.godot/imported/skin_orm.png-528e584f36e020892e639fb432b6e575.s3tc.ctex.
   at: _load_data (scene/resources/compressed_texture.cpp:41)
ERROR: Failed loading resource: res://.godot/imported/skin_orm.png-528e584f36e020892e639fb432b6e575.s3tc.ctex. Make sure resources have been imported by opening the project in the editor at least once.
   at: _load (core/io/resource_loader.cpp:335)
ERROR: Failed loading resource: res://materials/textures/skin_orm.png. Make sure resources have been imported by opening the project in the editor at least once.
   at: _load (core/io/resource_loader.cpp:335)
ERROR: res://materials/npc_skin.tres:17 - Parse Error: [ext_resource] referenced non-existent resource at: res://materials/textures/skin_albedo.png.
   at: _printerr (scene/resources/resource_format_text.cpp:39)
ERROR: res://materials/npc_skin.tres:17 - Parse Error: [ext_resource] referenced non-existent resource at: res://materials/textures/skin_albedo.png.
   at: _printerr (scene/resources/resource_format_text.cpp:39)
ERROR: Failed loading resource: res://materials/npc_skin.tres. Make sure resources have been imported by opening the project in the editor at least once.
   at: _load (core/io/resource_loader.cpp:335)
ERROR: Unable to open file: res://.godot/imported/paint_chip_albedo.png-866f368fbdd174d0849ff70d2952875f.s3tc.ctex.
   at: _load_data (scene/resources/compressed_texture.cpp:41)
ERROR: Failed loading resource: res://.godot/imported/paint_chip_albedo.png-866f368fbdd174d0849ff70d2952875f.s3tc.ctex. Make sure resources have been imported by opening the project in the editor at least once.
   at: _load (core/io/resource_loader.cpp:335)
ERROR: Failed loading resource: res://materials/textures/paint_chip_albedo.png. Make sure resources have been imported by opening the project in the editor at least once.
   at: _load (core/io/resource_loader.cpp:335)
ERROR: Unable to open file: res://.godot/imported/paint_chip_normal.png-6c8e87f98a98bd78df79b8658a61b28c.s3tc.ctex.
   at: _load_data (scene/resources/compressed_texture.cpp:41)
ERROR: Failed loading resource: res://.godot/imported/paint_chip_normal.png-6c8e87f98a98bd78df79b8658a61b28c.s3tc.ctex. Make sure resources have been imported by opening the project in the editor at least once.
   at: _load (core/io/resource_loader.cpp:335)
ERROR: Failed loading resource: res://materials/textures/paint_chip_normal.png. Make sure resources have been imported by opening the project in the editor at least once.
   at: _load (core/io/resource_loader.cpp:335)
ERROR: Unable to open file: res://.godot/imported/paint_chip_orm.png-e155643f75730f95662035bbf5d8fd41.s3tc.ctex.
   at: _load_data (scene/resources/compressed_texture.cpp:41)
ERROR: Failed loading resource: res://.godot/imported/paint_chip_orm.png-e155643f75730f95662035bbf5d8fd41.s3tc.ctex. Make sure resources have been imported by opening the project in the editor at least once.
   at: _load (core/io/resource_loader.cpp:335)
ERROR: Failed loading resource: res://materials/textures/paint_chip_orm.png. Make sure resources have been imported by opening the project in the editor at least once.
   at: _load (core/io/resource_loader.cpp:335)
ERROR: res://materials/kit_soffit.tres:17 - Parse Error: [ext_resource] referenced non-existent resource at: res://materials/textures/paint_chip_albedo.png.
   at: _printerr (scene/resources/resource_format_text.cpp:39)
ERROR: res://materials/kit_soffit.tres:17 - Parse Error: [ext_resource] referenced non-existent resource at: res://materials/textures/paint_chip_albedo.png.
   at: _printerr (scene/resources/resource_format_text.cpp:39)
ERROR: Failed loading resource: res://materials/kit_soffit.tres. Make sure resources have been imported by opening the project in the editor at least once.
   at: _load (core/io/resource_loader.cpp:335)
ERROR: Unable to open file: res://.godot/imported/metal_grain_albedo.png-2f86e4a72894d47fe42d0bb15318f74f.s3tc.ctex.
   at: _load_data (scene/resources/compressed_texture.cpp:41)
ERROR: Failed loading resource: res://.godot/imported/metal_grain_albedo.png-2f86e4a72894d47fe42d0bb15318f74f.s3tc.ctex. Make sure resources have been imported by opening the project in the editor at least once.
   at: _load (core/io/resource_loader.cpp:335)
ERROR: Failed loading resource: res://materials/textures/metal_grain_albedo.png. Make sure resources have been imported by opening the project in the editor at least once.
   at: _load (core/io/resource_loader.cpp:335)
ERROR: Unable to open file: res://.godot/imported/metal_grain_normal.png-59977962636d1ed3c49443a01e747690.s3tc.ctex.
   at: _load_data (scene/resources/compressed_texture.cpp:41)
ERROR: Failed loading resource: res://.godot/imported/metal_grain_normal.png-59977962636d1ed3c49443a01e747690.s3tc.ctex. Make sure resources have been imported by opening the project in the editor at least once.
   at: _load (core/io/resource_loader.cpp:335)
ERROR: Failed loading resource: res://materials/textures/metal_grain_normal.png. Make sure resources have been imported by opening the project in the editor at least once.
   at: _load (core/io/resource_loader.cpp:335)
ERROR: Unable to open file: res://.godot/imported/metal_grain_orm.png-5794fd69453028a83dd178ad8dea0aa8.s3tc.ctex.
   at: _load_data (scene/resources/compressed_texture.cpp:41)
ERROR: Failed loading resource: res://.godot/imported/metal_grain_orm.png-5794fd69453028a83dd178ad8dea0aa8.s3tc.ctex. Make sure resources have been imported by opening the project in the editor at least once.
   at: _load (core/io/resource_loader.cpp:335)
ERROR: Failed loading resource: res://materials/textures/metal_grain_orm.png. Make sure resources have been imported by opening the project in the editor at least once.
   at: _load (core/io/resource_loader.cpp:335)
ERROR: res://materials/npc_suit_lacquer.tres:17 - Parse Error: [ext_resource] referenced non-existent resource at: res://materials/textures/metal_grain_albedo.png.
   at: _printerr (scene/resources/resource_format_text.cpp:39)
ERROR: res://materials/npc_suit_lacquer.tres:17 - Parse Error: [ext_resource] referenced non-existent resource at: res://materials/textures/metal_grain_albedo.png.
   at: _printerr (scene/resources/resource_format_text.cpp:39)
ERROR: Failed loading resource: res://materials/npc_suit_lacquer.tres. Make sure resources have been imported by opening the project in the editor at least once.
   at: _load (core/io/resource_loader.cpp:335)
ERROR: Unable to open file: res://.godot/imported/cloth_weave_albedo.png-4e67a9aa361c0cbbadb395c54bcafaac.s3tc.ctex.
   at: _load_data (scene/resources/compressed_texture.cpp:41)
ERROR: Failed loading resource: res://.godot/imported/cloth_weave_albedo.png-4e67a9aa361c0cbbadb395c54bcafaac.s3tc.ctex. Make sure resources have been imported by opening the project in the editor at least once.
   at: _load (core/io/resource_loader.cpp:335)
ERROR: Failed loading resource: res://materials/textures/cloth_weave_albedo.png. Make sure resources have been imported by opening the project in the editor at least once.
   at: _load (core/io/resource_loader.cpp:335)
ERROR: Unable to open file: res://.godot/imported/cloth_weave_normal.png-99f5872fcd5758cdfbfe6a52cd58fb8d.s3tc.ctex.
   at: _load_data (scene/resources/compressed_texture.cpp:41)
ERROR: Failed loading resource: res://.godot/imported/cloth_weave_normal.png-99f5872fcd5758cdfbfe6a52cd58fb8d.s3tc.ctex. Make sure resources have been imported by opening the project in the editor at least once.
   at: _load (core/io/resource_loader.cpp:335)
ERROR: Failed loading resource: res://materials/textures/cloth_weave_normal.png. Make sure resources have been imported by opening the project in the editor at least once.
   at: _load (core/io/resource_loader.cpp:335)
ERROR: Unable to open file: res://.godot/imported/cloth_weave_orm.png-909887806547e6305d6001871d1b81f9.s3tc.ctex.
   at: _load_data (scene/resources/compressed_texture.cpp:41)
ERROR: Failed loading resource: res://.godot/imported/cloth_weave_orm.png-909887806547e6305d6001871d1b81f9.s3tc.ctex. Make sure resources have been imported by opening the project in the editor at least once.
   at: _load (core/io/resource_loader.cpp:335)
ERROR: Failed loading resource: res://materials/textures/cloth_weave_orm.png. Make sure resources have been imported by opening the project in the editor at least once.
   at: _load (core/io/resource_loader.cpp:335)
ERROR: res://materials/npc_cloth__centauri_brocade.tres:17 - Parse Error: [ext_resource] referenced non-existent resource at: res://materials/textures/cloth_weave_albedo.png.
   at: _printerr (scene/resources/resource_format_text.cpp:39)
ERROR: res://materials/npc_cloth__centauri_brocade.tres:17 - Parse Error: [ext_resource] referenced non-existent resource at: res://materials/textures/cloth_weave_albedo.png.
   at: _printerr (scene/resources/resource_format_text.cpp:39)
ERROR: Failed loading resource: res://materials/npc_cloth__centauri_brocade.tres. Make sure resources have been imported by opening the project in the editor at least once.
   at: _load (core/io/resource_loader.cpp:335)
ERROR: Unable to open file: res://.godot/imported/cloth_weave_albedo.png-4e67a9aa361c0cbbadb395c54bcafaac.s3tc.ctex.
   at: _load_data (scene/resources/compressed_texture.cpp:41)
ERROR: Failed loading resource: res://.godot/imported/cloth_weave_albedo.png-4e67a9aa361c0cbbadb395c54bcafaac.s3tc.ctex. Make sure resources have been imported by opening the project in the editor at least once.
   at: _load (core/io/resource_loader.cpp:335)
ERROR: Failed loading resource: res://materials/textures/cloth_weave_albedo.png. Make sure resources have been imported by opening the project in the editor at least once.
   at: _load (core/io/resource_loader.cpp:335)
ERROR: Unable to open file: res://.godot/imported/cloth_weave_normal.png-99f5872fcd5758cdfbfe6a52cd58fb8d.s3tc.ctex.
   at: _load_data (scene/resources/compressed_texture.cpp:41)
ERROR: Failed loading resource: res://.godot/imported/cloth_weave_normal.png-99f5872fcd5758cdfbfe6a52cd58fb8d.s3tc.ctex. Make sure resources have been imported by opening the project in the editor at least once.
   at: _load (core/io/resource_loader.cpp:335)
ERROR: Failed loading resource: res://materials/textures/cloth_weave_normal.png. Make sure resources have been imported by opening the project in the editor at least once.
   at: _load (core/io/resource_loader.cpp:335)
ERROR: Unable to open file: res://.godot/imported/cloth_weave_orm.png-909887806547e6305d6001871d1b81f9.s3tc.ctex.
   at: _load_data (scene/resources/compressed_texture.cpp:41)
ERROR: Failed loading resource: res://.godot/imported/cloth_weave_orm.png-909887806547e6305d6001871d1b81f9.s3tc.ctex. Make sure resources have been imported by opening the project in the editor at least once.
   at: _load (core/io/resource_loader.cpp:335)
ERROR: Failed loading resource: res://materials/textures/cloth_weave_orm.png. Make sure resources have been imported by opening the project in the editor at least once.
   at: _load (core/io/resource_loader.cpp:335)
ERROR: res://materials/npc_cloth__civ_collar_yoke.tres:17 - Parse Error: [ext_resource] referenced non-existent resource at: res://materials/textures/cloth_weave_albedo.png.
   at: _printerr (scene/resources/resource_format_text.cpp:39)
ERROR: res://materials/npc_cloth__civ_collar_yoke.tres:17 - Parse Error: [ext_resource] referenced non-existent resource at: res://materials/textures/cloth_weave_albedo.png.
   at: _printerr (scene/resources/resource_format_text.cpp:39)
ERROR: Failed loading resource: res://materials/npc_cloth__civ_collar_yoke.tres. Make sure resources have been imported by opening the project in the editor at least once.
   at: _load (core/io/resource_loader.cpp:335)
ERROR: Unable to open file: res://.godot/imported/cloth_weave_albedo.png-4e67a9aa361c0cbbadb395c54bcafaac.s3tc.ctex.
   at: _load_data (scene/resources/compressed_texture.cpp:41)
ERROR: Failed loading resource: res://.godot/imported/cloth_weave_albedo.png-4e67a9aa361c0cbbadb395c54bcafaac.s3tc.ctex. Make sure resources have been imported by opening the project in the editor at least once.
   at: _load (core/io/resource_loader.cpp:335)
ERROR: Failed loading resource: res://materials/textures/cloth_weave_albedo.png. Make sure resources have been imported by opening the project in the editor at least once.
   at: _load (core/io/resource_loader.cpp:335)
ERROR: Unable to open file: res://.godot/imported/cloth_weave_normal.png-99f5872fcd5758cdfbfe6a52cd58fb8d.s3tc.ctex.
   at: _load_data (scene/resources/compressed_texture.cpp:41)
ERROR: Failed loading resource: res://.godot/imported/cloth_weave_normal.png-99f5872fcd5758cdfbfe6a52cd58fb8d.s3tc.ctex. Make sure resources have been imported by opening the project in the editor at least once.
   at: _load (core/io/resource_loader.cpp:335)
ERROR: Failed loading resource: res://materials/textures/cloth_weave_normal.png. Make sure resources have been imported by opening the project in the editor at least once.
   at: _load (core/io/resource_loader.cpp:335)
ERROR: Unable to open file: res://.godot/imported/cloth_weave_orm.png-909887806547e6305d6001871d1b81f9.s3tc.ctex.
   at: _load_data (scene/resources/compressed_texture.cpp:41)
ERROR: Failed loading resource: res://.godot/imported/cloth_weave_orm.png-909887806547e6305d6001871d1b81f9.s3tc.ctex. Make sure resources have been imported by opening the project in the editor at least once.
   at: _load (core/io/resource_loader.cpp:335)
ERROR: Failed loading resource: res://materials/textures/cloth_weave_orm.png. Make sure resources have been imported by opening the project in the editor at least once.
   at: _load (core/io/resource_loader.cpp:335)
ERROR: res://materials/npc_cloth__civ_cool_dark.tres:17 - Parse Error: [ext_resource] referenced non-existent resource at: res://materials/textures/cloth_weave_albedo.png.
   at: _printerr (scene/resources/resource_format_text.cpp:39)
ERROR: res://materials/npc_cloth__civ_cool_dark.tres:17 - Parse Error: [ext_resource] referenced non-existent resource at: res://materials/textures/cloth_weave_albedo.png.
   at: _printerr (scene/resources/resource_format_text.cpp:39)
ERROR: Failed loading resource: res://materials/npc_cloth__civ_cool_dark.tres. Make sure resources have been imported by opening the project in the editor at least once.
   at: _load (core/io/resource_loader.cpp:335)
ERROR: Unable to open file: res://.godot/imported/cloth_weave_albedo.png-4e67a9aa361c0cbbadb395c54bcafaac.s3tc.ctex.
   at: _load_data (scene/resources/compressed_texture.cpp:41)
ERROR: Failed loading resource: res://.godot/imported/cloth_weave_albedo.png-4e67a9aa361c0cbbadb395c54bcafaac.s3tc.ctex. Make sure resources have been imported by opening the project in the editor at least once.
   at: _load (core/io/resource_loader.cpp:335)
ERROR: Failed loading resource: res://materials/textures/cloth_weave_albedo.png. Make sure resources have been imported by opening the project in the editor at least once.
   at: _load (core/io/resource_loader.cpp:335)
ERROR: Unable to open file: res://.godot/imported/cloth_weave_normal.png-99f5872fcd5758cdfbfe6a52cd58fb8d.s3tc.ctex.
   at: _load_data (scene/resources/compressed_texture.cpp:41)
ERROR: Failed loading resource: res://.godot/imported/cloth_weave_normal.png-99f5872fcd5758cdfbfe6a52cd58fb8d.s3tc.ctex. Make sure resources have been imported by opening the project in the editor at least once.
   at: _load (core/io/resource_loader.cpp:335)
ERROR: Failed loading resource: res://materials/textures/cloth_weave_normal.png. Make sure resources have been imported by opening the project in the editor at least once.
   at: _load (core/io/resource_loader.cpp:335)
ERROR: Unable to open file: res://.godot/imported/cloth_weave_orm.png-909887806547e6305d6001871d1b81f9.s3tc.ctex.
   at: _load_data (scene/resources/compressed_texture.cpp:41)
ERROR: Failed loading resource: res://.godot/imported/cloth_weave_orm.png-909887806547e6305d6001871d1b81f9.s3tc.ctex. Make sure resources have been imported by opening the project in the editor at least once.
   at: _load (core/io/resource_loader.cpp:335)
ERROR: Failed loading resource: res://materials/textures/cloth_weave_orm.png. Make sure resources have been imported by opening the project in the editor at least once.
   at: _load (core/io/resource_loader.cpp:335)
ERROR: res://materials/npc_cloth__civ_dark_warm.tres:17 - Parse Error: [ext_resource] referenced non-existent resource at: res://materials/textures/cloth_weave_albedo.png.
   at: _printerr (scene/resources/resource_format_text.cpp:39)
ERROR: res://materials/npc_cloth__civ_dark_warm.tres:17 - Parse Error: [ext_resource] referenced non-existent resource at: res://materials/textures/cloth_weave_albedo.png.
   at: _printerr (scene/resources/resource_format_text.cpp:39)
ERROR: Failed loading resource: res://materials/npc_cloth__civ_dark_warm.tres. Make sure resources have been imported by opening the project in the editor at least once.
   at: _load (core/io/resource_loader.cpp:335)
ERROR: Unable to open file: res://.godot/imported/cloth_weave_albedo.png-4e67a9aa361c0cbbadb395c54bcafaac.s3tc.ctex.
   at: _load_data (scene/resources/compressed_texture.cpp:41)
ERROR: Failed loading resource: res://.godot/imported/cloth_weave_albedo.png-4e67a9aa361c0cbbadb395c54bcafaac.s3tc.ctex. Make sure resources have been imported by opening the project in the editor at least once.
   at: _load (core/io/resource_loader.cpp:335)
ERROR: Failed loading resource: res://materials/textures/cloth_weave_albedo.png. Make sure resources have been imported by opening the project in the editor at least once.
   at: _load (core/io/resource_loader.cpp:335)
ERROR: Unable to open file: res://.godot/imported/cloth_weave_normal.png-99f5872fcd5758cdfbfe6a52cd58fb8d.s3tc.ctex.
   at: _load_data (scene/resources/compressed_texture.cpp:41)
ERROR: Failed loading resource: res://.godot/imported/cloth_weave_normal.png-99f5872fcd5758cdfbfe6a52cd58fb8d.s3tc.ctex. Make sure resources have been imported by opening the project in the editor at least once.
   at: _load (core/io/resource_loader.cpp:335)
ERROR: Failed loading resource: res://materials/textures/cloth_weave_normal.png. Make sure resources have been imported by opening the project in the editor at least once.
   at: _load (core/io/resource_loader.cpp:335)
ERROR: Unable to open file: res://.godot/imported/cloth_weave_orm.png-909887806547e6305d6001871d1b81f9.s3tc.ctex.
   at: _load_data (scene/resources/compressed_texture.cpp:41)
ERROR: Failed loading resource: res://.godot/imported/cloth_weave_orm.png-909887806547e6305d6001871d1b81f9.s3tc.ctex. Make sure resources have been imported by opening the project in the editor at least once.
   at: _load (core/io/resource_loader.cpp:335)
ERROR: Failed loading resource: res://materials/textures/cloth_weave_orm.png. Make sure resources have been imported by opening the project in the editor at least once.
   at: _load (core/io/resource_loader.cpp:335)
ERROR: res://materials/npc_cloth__civ_light_shirt.tres:17 - Parse Error: [ext_resource] referenced non-existent resource at: res://materials/textures/cloth_weave_albedo.png.
   at: _printerr (scene/resources/resource_format_text.cpp:39)
ERROR: res://materials/npc_cloth__civ_light_shirt.tres:17 - Parse Error: [ext_resource] referenced non-existent resource at: res://materials/textures/cloth_weave_albedo.png.
   at: _printerr (scene/resources/resource_format_text.cpp:39)
ERROR: Failed loading resource: res://materials/npc_cloth__civ_light_shirt.tres. Make sure resources have been imported by opening the project in the editor at least once.
   at: _load (core/io/resource_loader.cpp:335)
ERROR: Unable to open file: res://.godot/imported/cloth_weave_albedo.png-4e67a9aa361c0cbbadb395c54bcafaac.s3tc.ctex.
   at: _load_data (scene/resources/compressed_texture.cpp:41)
ERROR: Failed loading resource: res://.godot/imported/cloth_weave_albedo.png-4e67a9aa361c0cbbadb395c54bcafaac.s3tc.ctex. Make sure resources have been imported by opening the project in the editor at least once.
   at: _load (core/io/resource_loader.cpp:335)
ERROR: Failed loading resource: res://materials/textures/cloth_weave_albedo.png. Make sure resources have been imported by opening the project in the editor at least once.
   at: _load (core/io/resource_loader.cpp:335)
ERROR: Unable to open file: res://.godot/imported/cloth_weave_normal.png-99f5872fcd5758cdfbfe6a52cd58fb8d.s3tc.ctex.
   at: _load_data (scene/resources/compressed_texture.cpp:41)
ERROR: Failed loading resource: res://.godot/imported/cloth_weave_normal.png-99f5872fcd5758cdfbfe6a52cd58fb8d.s3tc.ctex. Make sure resources have been imported by opening the project in the editor at least once.
   at: _load (core/io/resource_loader.cpp:335)
ERROR: Failed loading resource: res://materials/textures/cloth_weave_normal.png. Make sure resources have been imported by opening the project in the editor at least once.
   at: _load (core/io/resource_loader.cpp:335)
ERROR: Unable to open file: res://.godot/imported/cloth_weave_orm.png-909887806547e6305d6001871d1b81f9.s3tc.ctex.
   at: _load_data (scene/resources/compressed_texture.cpp:41)
ERROR: Failed loading resource: res://.godot/imported/cloth_weave_orm.png-909887806547e6305d6001871d1b81f9.s3tc.ctex. Make sure resources have been imported by opening the project in the editor at least once.
   at: _load (core/io/resource_loader.cpp:335)
ERROR: Failed loading resource: res://materials/textures/cloth_weave_orm.png. Make sure resources have been imported by opening the project in the editor at least once.
   at: _load (core/io/resource_loader.cpp:335)
ERROR: res://materials/npc_cloth__civ_lurker.tres:17 - Parse Error: [ext_resource] referenced non-existent resource at: res://materials/textures/cloth_weave_albedo.png.
   at: _printerr (scene/resources/resource_format_text.cpp:39)
ERROR: res://materials/npc_cloth__civ_lurker.tres:17 - Parse Error: [ext_resource] referenced non-existent resource at: res://materials/textures/cloth_weave_albedo.png.
   at: _printerr (scene/resources/resource_format_text.cpp:39)
ERROR: Failed loading resource: res://materials/npc_cloth__civ_lurker.tres. Make sure resources have been imported by opening the project in the editor at least once.
   at: _load (core/io/resource_loader.cpp:335)
ERROR: Unable to open file: res://.godot/imported/cloth_weave_albedo.png-4e67a9aa361c0cbbadb395c54bcafaac.s3tc.ctex.
   at: _load_data (scene/resources/compressed_texture.cpp:41)
ERROR: Failed loading resource: res://.godot/imported/cloth_weave_albedo.png-4e67a9aa361c0cbbadb395c54bcafaac.s3tc.ctex. Make sure resources have been imported by opening the project in the editor at least once.
   at: _load (core/io/resource_loader.cpp:335)
ERROR: Failed loading resource: res://materials/textures/cloth_weave_albedo.png. Make sure resources have been imported by opening the project in the editor at least once.
   at: _load (core/io/resource_loader.cpp:335)
ERROR: Unable to open file: res://.godot/imported/cloth_weave_normal.png-99f5872fcd5758cdfbfe6a52cd58fb8d.s3tc.ctex.
   at: _load_data (scene/resources/compressed_texture.cpp:41)
ERROR: Failed loading resource: res://.godot/imported/cloth_weave_normal.png-99f5872fcd5758cdfbfe6a52cd58fb8d.s3tc.ctex. Make sure resources have been imported by opening the project in the editor at least once.
   at: _load (core/io/resource_loader.cpp:335)
ERROR: Failed loading resource: res://materials/textures/cloth_weave_normal.png. Make sure resources have been imported by opening the project in the editor at least once.
   at: _load (core/io/resource_loader.cpp:335)
ERROR: Unable to open file: res://.godot/imported/cloth_weave_orm.png-909887806547e6305d6001871d1b81f9.s3tc.ctex.
   at: _load_data (scene/resources/compressed_texture.cpp:41)
ERROR: Failed loading resource: res://.godot/imported/cloth_weave_orm.png-909887806547e6305d6001871d1b81f9.s3tc.ctex. Make sure resources have been imported by opening the project in the editor at least once.
   at: _load (core/io/resource_loader.cpp:335)
ERROR: Failed loading resource: res://materials/textures/cloth_weave_orm.png. Make sure resources have been imported by opening the project in the editor at least once.
   at: _load (core/io/resource_loader.cpp:335)
ERROR: res://materials/npc_cloth__civ_mid_warm.tres:17 - Parse Error: [ext_resource] referenced non-existent resource at: res://materials/textures/cloth_weave_albedo.png.
   at: _printerr (scene/resources/resource_format_text.cpp:39)
ERROR: res://materials/npc_cloth__civ_mid_warm.tres:17 - Parse Error: [ext_resource] referenced non-existent resource at: res://materials/textures/cloth_weave_albedo.png.
   at: _printerr (scene/resources/resource_format_text.cpp:39)
ERROR: Failed loading resource: res://materials/npc_cloth__civ_mid_warm.tres. Make sure resources have been imported by opening the project in the editor at least once.
   at: _load (core/io/resource_loader.cpp:335)
ERROR: Unable to open file: res://.godot/imported/cloth_weave_albedo.png-4e67a9aa361c0cbbadb395c54bcafaac.s3tc.ctex.
   at: _load_data (scene/resources/compressed_texture.cpp:41)
ERROR: Failed loading resource: res://.godot/imported/cloth_weave_albedo.png-4e67a9aa361c0cbbadb395c54bcafaac.s3tc.ctex. Make sure resources have been imported by opening the project in the editor at least once.
   at: _load (core/io/resource_loader.cpp:335)
ERROR: Failed loading resource: res://materials/textures/cloth_weave_albedo.png. Make sure resources have been imported by opening the project in the editor at least once.
   at: _load (core/io/resource_loader.cpp:335)
ERROR: Unable to open file: res://.godot/imported/cloth_weave_normal.png-99f5872fcd5758cdfbfe6a52cd58fb8d.s3tc.ctex.
   at: _load_data (scene/resources/compressed_texture.cpp:41)
ERROR: Failed loading resource: res://.godot/imported/cloth_weave_normal.png-99f5872fcd5758cdfbfe6a52cd58fb8d.s3tc.ctex. Make sure resources have been imported by opening the project in the editor at least once.
   at: _load (core/io/resource_loader.cpp:335)
ERROR: Failed loading resource: res://materials/textures/cloth_weave_normal.png. Make sure resources have been imported by opening the project in the editor at least once.
   at: _load (core/io/resource_loader.cpp:335)
ERROR: Unable to open file: res://.godot/imported/cloth_weave_orm.png-909887806547e6305d6001871d1b81f9.s3tc.ctex.
   at: _load_data (scene/resources/compressed_texture.cpp:41)
ERROR: Failed loading resource: res://.godot/imported/cloth_weave_orm.png-909887806547e6305d6001871d1b81f9.s3tc.ctex. Make sure resources have been imported by opening the project in the editor at least once.
   at: _load (core/io/resource_loader.cpp:335)
ERROR: Failed loading resource: res://materials/textures/cloth_weave_orm.png. Make sure resources have been imported by opening the project in the editor at least once.
   at: _load (core/io/resource_loader.cpp:335)
ERROR: res://materials/npc_cloth__civ_worker_drab.tres:17 - Parse Error: [ext_resource] referenced non-existent resource at: res://materials/textures/cloth_weave_albedo.png.
   at: _printerr (scene/resources/resource_format_text.cpp:39)
ERROR: res://materials/npc_cloth__civ_worker_drab.tres:17 - Parse Error: [ext_resource] referenced non-existent resource at: res://materials/textures/cloth_weave_albedo.png.
   at: _printerr (scene/resources/resource_format_text.cpp:39)
ERROR: Failed loading resource: res://materials/npc_cloth__civ_worker_drab.tres. Make sure resources have been imported by opening the project in the editor at least once.
   at: _load (core/io/resource_loader.cpp:335)
ERROR: Unable to open file: res://.godot/imported/cloth_weave_albedo.png-4e67a9aa361c0cbbadb395c54bcafaac.s3tc.ctex.
   at: _load_data (scene/resources/compressed_texture.cpp:41)
ERROR: Failed loading resource: res://.godot/imported/cloth_weave_albedo.png-4e67a9aa361c0cbbadb395c54bcafaac.s3tc.ctex. Make sure resources have been imported by opening the project in the editor at least once.
   at: _load (core/io/resource_loader.cpp:335)
ERROR: Failed loading resource: res://materials/textures/cloth_weave_albedo.png. Make sure resources have been imported by opening the project in the editor at least once.
   at: _load (core/io/resource_loader.cpp:335)
ERROR: Unable to open file: res://.godot/imported/cloth_weave_normal.png-99f5872fcd5758cdfbfe6a52cd58fb8d.s3tc.ctex.
   at: _load_data (scene/resources/compressed_texture.cpp:41)
ERROR: Failed loading resource: res://.godot/imported/cloth_weave_normal.png-99f5872fcd5758cdfbfe6a52cd58fb8d.s3tc.ctex. Make sure resources have been imported by opening the project in the editor at least once.
   at: _load (core/io/resource_loader.cpp:335)
ERROR: Failed loading resource: res://materials/textures/cloth_weave_normal.png. Make sure resources have been imported by opening the project in the editor at least once.
   at: _load (core/io/resource_loader.cpp:335)
ERROR: Unable to open file: res://.godot/imported/cloth_weave_orm.png-909887806547e6305d6001871d1b81f9.s3tc.ctex.
   at: _load_data (scene/resources/compressed_texture.cpp:41)
ERROR: Failed loading resource: res://.godot/imported/cloth_weave_orm.png-909887806547e6305d6001871d1b81f9.s3tc.ctex. Make sure resources have been imported by opening the project in the editor at least once.
   at: _load (core/io/resource_loader.cpp:335)
ERROR: Failed loading resource: res://materials/textures/cloth_weave_orm.png. Make sure resources have been imported by opening the project in the editor at least once.
   at: _load (core/io/resource_loader.cpp:335)
ERROR: res://materials/npc_cloth__ef_command_wool.tres:17 - Parse Error: [ext_resource] referenced non-existent resource at: res://materials/textures/cloth_weave_albedo.png.
   at: _printerr (scene/resources/resource_format_text.cpp:39)
ERROR: res://materials/npc_cloth__ef_command_wool.tres:17 - Parse Error: [ext_resource] referenced non-existent resource at: res://materials/textures/cloth_weave_albedo.png.
   at: _printerr (scene/resources/resource_format_text.cpp:39)
ERROR: Failed loading resource: res://materials/npc_cloth__ef_command_wool.tres. Make sure resources have been imported by opening the project in the editor at least once.
   at: _load (core/io/resource_loader.cpp:335)
ERROR: Unable to open file: res://.godot/imported/cloth_weave_albedo.png-4e67a9aa361c0cbbadb395c54bcafaac.s3tc.ctex.
   at: _load_data (scene/resources/compressed_texture.cpp:41)
ERROR: Failed loading resource: res://.godot/imported/cloth_weave_albedo.png-4e67a9aa361c0cbbadb395c54bcafaac.s3tc.ctex. Make sure resources have been imported by opening the project in the editor at least once.
   at: _load (core/io/resource_loader.cpp:335)
ERROR: Failed loading resource: res://materials/textures/cloth_weave_albedo.png. Make sure resources have been imported by opening the project in the editor at least once.
   at: _load (core/io/resource_loader.cpp:335)
ERROR: Unable to open file: res://.godot/imported/cloth_weave_normal.png-99f5872fcd5758cdfbfe6a52cd58fb8d.s3tc.ctex.
   at: _load_data (scene/resources/compressed_texture.cpp:41)
ERROR: Failed loading resource: res://.godot/imported/cloth_weave_normal.png-99f5872fcd5758cdfbfe6a52cd58fb8d.s3tc.ctex. Make sure resources have been imported by opening the project in the editor at least once.
   at: _load (core/io/resource_loader.cpp:335)
ERROR: Failed loading resource: res://materials/textures/cloth_weave_normal.png. Make sure resources have been imported by opening the project in the editor at least once.
   at: _load (core/io/resource_loader.cpp:335)
ERROR: Unable to open file: res://.godot/imported/cloth_weave_orm.png-909887806547e6305d6001871d1b81f9.s3tc.ctex.
   at: _load_data (scene/resources/compressed_texture.cpp:41)
ERROR: Failed loading resource: res://.godot/imported/cloth_weave_orm.png-909887806547e6305d6001871d1b81f9.s3tc.ctex. Make sure resources have been imported by opening the project in the editor at least once.
   at: _load (core/io/resource_loader.cpp:335)
ERROR: Failed loading resource: res://materials/textures/cloth_weave_orm.png. Make sure resources have been imported by opening the project in the editor at least once.
   at: _load (core/io/resource_loader.cpp:335)
ERROR: res://materials/npc_cloth__ef_coverall.tres:17 - Parse Error: [ext_resource] referenced non-existent resource at: res://materials/textures/cloth_weave_albedo.png.
   at: _printerr (scene/resources/resource_format_text.cpp:39)
ERROR: res://materials/npc_cloth__ef_coverall.tres:17 - Parse Error: [ext_resource] referenced non-existent resource at: res://materials/textures/cloth_weave_albedo.png.
   at: _printerr (scene/resources/resource_format_text.cpp:39)
ERROR: Failed loading resource: res://materials/npc_cloth__ef_coverall.tres. Make sure resources have been imported by opening the project in the editor at least once.
   at: _load (core/io/resource_loader.cpp:335)
ERROR: Unable to open file: res://.godot/imported/cloth_weave_albedo.png-4e67a9aa361c0cbbadb395c54bcafaac.s3tc.ctex.
   at: _load_data (scene/resources/compressed_texture.cpp:41)
ERROR: Failed loading resource: res://.godot/imported/cloth_weave_albedo.png-4e67a9aa361c0cbbadb395c54bcafaac.s3tc.ctex. Make sure resources have been imported by opening the project in the editor at least once.
   at: _load (core/io/resource_loader.cpp:335)
ERROR: Failed loading resource: res://materials/textures/cloth_weave_albedo.png. Make sure resources have been imported by opening the project in the editor at least once.
   at: _load (core/io/resource_loader.cpp:335)
ERROR: Unable to open file: res://.godot/imported/cloth_weave_normal.png-99f5872fcd5758cdfbfe6a52cd58fb8d.s3tc.ctex.
   at: _load_data (scene/resources/compressed_texture.cpp:41)
ERROR: Failed loading resource: res://.godot/imported/cloth_weave_normal.png-99f5872fcd5758cdfbfe6a52cd58fb8d.s3tc.ctex. Make sure resources have been imported by opening the project in the editor at least once.
   at: _load (core/io/resource_loader.cpp:335)
ERROR: Failed loading resource: res://materials/textures/cloth_weave_normal.png. Make sure resources have been imported by opening the project in the editor at least once.
   at: _load (core/io/resource_loader.cpp:335)
ERROR: Unable to open file: res://.godot/imported/cloth_weave_orm.png-909887806547e6305d6001871d1b81f9.s3tc.ctex.
   at: _load_data (scene/resources/compressed_texture.cpp:41)
ERROR: Failed loading resource: res://.godot/imported/cloth_weave_orm.png-909887806547e6305d6001871d1b81f9.s3tc.ctex. Make sure resources have been imported by opening the project in the editor at least once.
   at: _load (core/io/resource_loader.cpp:335)
ERROR: Failed loading resource: res://materials/textures/cloth_weave_orm.png. Make sure resources have been imported by opening the project in the editor at least once.
   at: _load (core/io/resource_loader.cpp:335)
ERROR: res://materials/npc_cloth__ef_security_twill.tres:17 - Parse Error: [ext_resource] referenced non-existent resource at: res://materials/textures/cloth_weave_albedo.png.
   at: _printerr (scene/resources/resource_format_text.cpp:39)
ERROR: res://materials/npc_cloth__ef_security_twill.tres:17 - Parse Error: [ext_resource] referenced non-existent resource at: res://materials/textures/cloth_weave_albedo.png.
   at: _printerr (scene/resources/resource_format_text.cpp:39)
ERROR: Failed loading resource: res://materials/npc_cloth__ef_security_twill.tres. Make sure resources have been imported by opening the project in the editor at least once.
   at: _load (core/io/resource_loader.cpp:335)
ERROR: Unable to open file: res://.godot/imported/cloth_weave_albedo.png-4e67a9aa361c0cbbadb395c54bcafaac.s3tc.ctex.
   at: _load_data (scene/resources/compressed_texture.cpp:41)
ERROR: Failed loading resource: res://.godot/imported/cloth_weave_albedo.png-4e67a9aa361c0cbbadb395c54bcafaac.s3tc.ctex. Make sure resources have been imported by opening the project in the editor at least once.
   at: _load (core/io/resource_loader.cpp:335)
ERROR: Failed loading resource: res://materials/textures/cloth_weave_albedo.png. Make sure resources have been imported by opening the project in the editor at least once.
   at: _load (core/io/resource_loader.cpp:335)
ERROR: Unable to open file: res://.godot/imported/cloth_weave_normal.png-99f5872fcd5758cdfbfe6a52cd58fb8d.s3tc.ctex.
   at: _load_data (scene/resources/compressed_texture.cpp:41)
ERROR: Failed loading resource: res://.godot/imported/cloth_weave_normal.png-99f5872fcd5758cdfbfe6a52cd58fb8d.s3tc.ctex. Make sure resources have been imported by opening the project in the editor at least once.
   at: _load (core/io/resource_loader.cpp:335)
ERROR: Failed loading resource: res://materials/textures/cloth_weave_normal.png. Make sure resources have been imported by opening the project in the editor at least once.
   at: _load (core/io/resource_loader.cpp:335)
ERROR: Unable to open file: res://.godot/imported/cloth_weave_orm.png-909887806547e6305d6001871d1b81f9.s3tc.ctex.
   at: _load_data (scene/resources/compressed_texture.cpp:41)
ERROR: Failed loading resource: res://.godot/imported/cloth_weave_orm.png-909887806547e6305d6001871d1b81f9.s3tc.ctex. Make sure resources have been imported by opening the project in the editor at least once.
   at: _load (core/io/resource_loader.cpp:335)
ERROR: Failed loading resource: res://materials/textures/cloth_weave_orm.png. Make sure resources have been imported by opening the project in the editor at least once.
   at: _load (core/io/resource_loader.cpp:335)
ERROR: res://materials/npc_cloth__league_bone.tres:17 - Parse Error: [ext_resource] referenced non-existent resource at: res://materials/textures/cloth_weave_albedo.png.
   at: _printerr (scene/resources/resource_format_text.cpp:39)
ERROR: res://materials/npc_cloth__league_bone.tres:17 - Parse Error: [ext_resource] referenced non-existent resource at: res://materials/textures/cloth_weave_albedo.png.
   at: _printerr (scene/resources/resource_format_text.cpp:39)
ERROR: Failed loading resource: res://materials/npc_cloth__league_bone.tres. Make sure resources have been imported by opening the project in the editor at least once.
   at: _load (core/io/resource_loader.cpp:335)
ERROR: Unable to open file: res://.godot/imported/cloth_weave_albedo.png-4e67a9aa361c0cbbadb395c54bcafaac.s3tc.ctex.
   at: _load_data (scene/resources/compressed_texture.cpp:41)
ERROR: Failed loading resource: res://.godot/imported/cloth_weave_albedo.png-4e67a9aa361c0cbbadb395c54bcafaac.s3tc.ctex. Make sure resources have been imported by opening the project in the editor at least once.
   at: _load (core/io/resource_loader.cpp:335)
ERROR: Failed loading resource: res://materials/textures/cloth_weave_albedo.png. Make sure resources have been imported by opening the project in the editor at least once.
   at: _load (core/io/resource_loader.cpp:335)
ERROR: Unable to open file: res://.godot/imported/cloth_weave_normal.png-99f5872fcd5758cdfbfe6a52cd58fb8d.s3tc.ctex.
   at: _load_data (scene/resources/compressed_texture.cpp:41)
ERROR: Failed loading resource: res://.godot/imported/cloth_weave_normal.png-99f5872fcd5758cdfbfe6a52cd58fb8d.s3tc.ctex. Make sure resources have been imported by opening the project in the editor at least once.
   at: _load (core/io/resource_loader.cpp:335)
ERROR: Failed loading resource: res://materials/textures/cloth_weave_normal.png. Make sure resources have been imported by opening the project in the editor at least once.
   at: _load (core/io/resource_loader.cpp:335)
ERROR: Unable to open file: res://.godot/imported/cloth_weave_orm.png-909887806547e6305d6001871d1b81f9.s3tc.ctex.
   at: _load_data (scene/resources/compressed_texture.cpp:41)
ERROR: Failed loading resource: res://.godot/imported/cloth_weave_orm.png-909887806547e6305d6001871d1b81f9.s3tc.ctex. Make sure resources have been imported by opening the project in the editor at least once.
   at: _load (core/io/resource_loader.cpp:335)
ERROR: Failed loading resource: res://materials/textures/cloth_weave_orm.png. Make sure resources have been imported by opening the project in the editor at least once.
   at: _load (core/io/resource_loader.cpp:335)
ERROR: res://materials/npc_cloth__league_dark.tres:17 - Parse Error: [ext_resource] referenced non-existent resource at: res://materials/textures/cloth_weave_albedo.png.
   at: _printerr (scene/resources/resource_format_text.cpp:39)
ERROR: res://materials/npc_cloth__league_dark.tres:17 - Parse Error: [ext_resource] referenced non-existent resource at: res://materials/textures/cloth_weave_albedo.png.
   at: _printerr (scene/resources/resource_format_text.cpp:39)
ERROR: Failed loading resource: res://materials/npc_cloth__league_dark.tres. Make sure resources have been imported by opening the project in the editor at least once.
   at: _load (core/io/resource_loader.cpp:335)
ERROR: Unable to open file: res://.godot/imported/cloth_weave_albedo.png-4e67a9aa361c0cbbadb395c54bcafaac.s3tc.ctex.
   at: _load_data (scene/resources/compressed_texture.cpp:41)
ERROR: Failed loading resource: res://.godot/imported/cloth_weave_albedo.png-4e67a9aa361c0cbbadb395c54bcafaac.s3tc.ctex. Make sure resources have been imported by opening the project in the editor at least once.
   at: _load (core/io/resource_loader.cpp:335)
ERROR: Failed loading resource: res://materials/textures/cloth_weave_albedo.png. Make sure resources have been imported by opening the project in the editor at least once.
   at: _load (core/io/resource_loader.cpp:335)
ERROR: Unable to open file: res://.godot/imported/cloth_weave_normal.png-99f5872fcd5758cdfbfe6a52cd58fb8d.s3tc.ctex.
   at: _load_data (scene/resources/compressed_texture.cpp:41)
ERROR: Failed loading resource: res://.godot/imported/cloth_weave_normal.png-99f5872fcd5758cdfbfe6a52cd58fb8d.s3tc.ctex. Make sure resources have been imported by opening the project in the editor at least once.
   at: _load (core/io/resource_loader.cpp:335)
ERROR: Failed loading resource: res://materials/textures/cloth_weave_normal.png. Make sure resources have been imported by opening the project in the editor at least once.
   at: _load (core/io/resource_loader.cpp:335)
ERROR: Unable to open file: res://.godot/imported/cloth_weave_orm.png-909887806547e6305d6001871d1b81f9.s3tc.ctex.
   at: _load_data (scene/resources/compressed_texture.cpp:41)
ERROR: Failed loading resource: res://.godot/imported/cloth_weave_orm.png-909887806547e6305d6001871d1b81f9.s3tc.ctex. Make sure resources have been imported by opening the project in the editor at least once.
   at: _load (core/io/resource_loader.cpp:335)
ERROR: Failed loading resource: res://materials/textures/cloth_weave_orm.png. Make sure resources have been imported by opening the project in the editor at least once.
   at: _load (core/io/resource_loader.cpp:335)
ERROR: res://materials/npc_cloth__minbari_black.tres:17 - Parse Error: [ext_resource] referenced non-existent resource at: res://materials/textures/cloth_weave_albedo.png.
   at: _printerr (scene/resources/resource_format_text.cpp:39)
ERROR: res://materials/npc_cloth__minbari_black.tres:17 - Parse Error: [ext_resource] referenced non-existent resource at: res://materials/textures/cloth_weave_albedo.png.
   at: _printerr (scene/resources/resource_format_text.cpp:39)
ERROR: Failed loading resource: res://materials/npc_cloth__minbari_black.tres. Make sure resources have been imported by opening the project in the editor at least once.
   at: _load (core/io/resource_loader.cpp:335)
ERROR: Unable to open file: res://.godot/imported/cloth_weave_albedo.png-4e67a9aa361c0cbbadb395c54bcafaac.s3tc.ctex.
   at: _load_data (scene/resources/compressed_texture.cpp:41)
ERROR: Failed loading resource: res://.godot/imported/cloth_weave_albedo.png-4e67a9aa361c0cbbadb395c54bcafaac.s3tc.ctex. Make sure resources have been imported by opening the project in the editor at least once.
   at: _load (core/io/resource_loader.cpp:335)
ERROR: Failed loading resource: res://materials/textures/cloth_weave_albedo.png. Make sure resources have been imported by opening the project in the editor at least once.
   at: _load (core/io/resource_loader.cpp:335)
ERROR: Unable to open file: res://.godot/imported/cloth_weave_normal.png-99f5872fcd5758cdfbfe6a52cd58fb8d.s3tc.ctex.
   at: _load_data (scene/resources/compressed_texture.cpp:41)
ERROR: Failed loading resource: res://.godot/imported/cloth_weave_normal.png-99f5872fcd5758cdfbfe6a52cd58fb8d.s3tc.ctex. Make sure resources have been imported by opening the project in the editor at least once.
   at: _load (core/io/resource_loader.cpp:335)
ERROR: Failed loading resource: res://materials/textures/cloth_weave_normal.png. Make sure resources have been imported by opening the project in the editor at least once.
   at: _load (core/io/resource_loader.cpp:335)
ERROR: Unable to open file: res://.godot/imported/cloth_weave_orm.png-909887806547e6305d6001871d1b81f9.s3tc.ctex.
   at: _load_data (scene/resources/compressed_texture.cpp:41)
ERROR: Failed loading resource: res://.godot/imported/cloth_weave_orm.png-909887806547e6305d6001871d1b81f9.s3tc.ctex. Make sure resources have been imported by opening the project in the editor at least once.
   at: _load (core/io/resource_loader.cpp:335)
ERROR: Failed loading resource: res://materials/textures/cloth_weave_orm.png. Make sure resources have been imported by opening the project in the editor at least once.
   at: _load (core/io/resource_loader.cpp:335)
ERROR: res://materials/npc_cloth__minbari_cream.tres:17 - Parse Error: [ext_resource] referenced non-existent resource at: res://materials/textures/cloth_weave_albedo.png.
   at: _printerr (scene/resources/resource_format_text.cpp:39)
ERROR: res://materials/npc_cloth__minbari_cream.tres:17 - Parse Error: [ext_resource] referenced non-existent resource at: res://materials/textures/cloth_weave_albedo.png.
   at: _printerr (scene/resources/resource_format_text.cpp:39)
ERROR: Failed loading resource: res://materials/npc_cloth__minbari_cream.tres. Make sure resources have been imported by opening the project in the editor at least once.
   at: _load (core/io/resource_loader.cpp:335)
ERROR: Unable to open file: res://.godot/imported/cloth_weave_albedo.png-4e67a9aa361c0cbbadb395c54bcafaac.s3tc.ctex.
   at: _load_data (scene/resources/compressed_texture.cpp:41)
ERROR: Failed loading resource: res://.godot/imported/cloth_weave_albedo.png-4e67a9aa361c0cbbadb395c54bcafaac.s3tc.ctex. Make sure resources have been imported by opening the project in the editor at least once.
   at: _load (core/io/resource_loader.cpp:335)
ERROR: Failed loading resource: res://materials/textures/cloth_weave_albedo.png. Make sure resources have been imported by opening the project in the editor at least once.
   at: _load (core/io/resource_loader.cpp:335)
ERROR: Unable to open file: res://.godot/imported/cloth_weave_normal.png-99f5872fcd5758cdfbfe6a52cd58fb8d.s3tc.ctex.
   at: _load_data (scene/resources/compressed_texture.cpp:41)
ERROR: Failed loading resource: res://.godot/imported/cloth_weave_normal.png-99f5872fcd5758cdfbfe6a52cd58fb8d.s3tc.ctex. Make sure resources have been imported by opening the project in the editor at least once.
   at: _load (core/io/resource_loader.cpp:335)
ERROR: Failed loading resource: res://materials/textures/cloth_weave_normal.png. Make sure resources have been imported by opening the project in the editor at least once.
   at: _load (core/io/resource_loader.cpp:335)
ERROR: Unable to open file: res://.godot/imported/cloth_weave_orm.png-909887806547e6305d6001871d1b81f9.s3tc.ctex.
   at: _load_data (scene/resources/compressed_texture.cpp:41)
ERROR: Failed loading resource: res://.godot/imported/cloth_weave_orm.png-909887806547e6305d6001871d1b81f9.s3tc.ctex. Make sure resources have been imported by opening the project in the editor at least once.
   at: _load (core/io/resource_loader.cpp:335)
ERROR: Failed loading resource: res://materials/textures/cloth_weave_orm.png. Make sure resources have been imported by opening the project in the editor at least once.
   at: _load (core/io/resource_loader.cpp:335)
ERROR: res://materials/npc_cloth__minbari_worker.tres:17 - Parse Error: [ext_resource] referenced non-existent resource at: res://materials/textures/cloth_weave_albedo.png.
   at: _printerr (scene/resources/resource_format_text.cpp:39)
ERROR: res://materials/npc_cloth__minbari_worker.tres:17 - Parse Error: [ext_resource] referenced non-existent resource at: res://materials/textures/cloth_weave_albedo.png.
   at: _printerr (scene/resources/resource_format_text.cpp:39)
ERROR: Failed loading resource: res://materials/npc_cloth__minbari_worker.tres. Make sure resources have been imported by opening the project in the editor at least once.
   at: _load (core/io/resource_loader.cpp:335)
ERROR: Unable to open file: res://.godot/imported/cloth_weave_albedo.png-4e67a9aa361c0cbbadb395c54bcafaac.s3tc.ctex.
   at: _load_data (scene/resources/compressed_texture.cpp:41)
ERROR: Failed loading resource: res://.godot/imported/cloth_weave_albedo.png-4e67a9aa361c0cbbadb395c54bcafaac.s3tc.ctex. Make sure resources have been imported by opening the project in the editor at least once.
   at: _load (core/io/resource_loader.cpp:335)
ERROR: Failed loading resource: res://materials/textures/cloth_weave_albedo.png. Make sure resources have been imported by opening the project in the editor at least once.
   at: _load (core/io/resource_loader.cpp:335)
ERROR: Unable to open file: res://.godot/imported/cloth_weave_normal.png-99f5872fcd5758cdfbfe6a52cd58fb8d.s3tc.ctex.
   at: _load_data (scene/resources/compressed_texture.cpp:41)
ERROR: Failed loading resource: res://.godot/imported/cloth_weave_normal.png-99f5872fcd5758cdfbfe6a52cd58fb8d.s3tc.ctex. Make sure resources have been imported by opening the project in the editor at least once.
   at: _load (core/io/resource_loader.cpp:335)
ERROR: Failed loading resource: res://materials/textures/cloth_weave_normal.png. Make sure resources have been imported by opening the project in the editor at least once.
   at: _load (core/io/resource_loader.cpp:335)
ERROR: Unable to open file: res://.godot/imported/cloth_weave_orm.png-909887806547e6305d6001871d1b81f9.s3tc.ctex.
   at: _load_data (scene/resources/compressed_texture.cpp:41)
ERROR: Failed loading resource: res://.godot/imported/cloth_weave_orm.png-909887806547e6305d6001871d1b81f9.s3tc.ctex. Make sure resources have been imported by opening the project in the editor at least once.
   at: _load (core/io/resource_loader.cpp:335)
ERROR: Failed loading resource: res://materials/textures/cloth_weave_orm.png. Make sure resources have been imported by opening the project in the editor at least once.
   at: _load (core/io/resource_loader.cpp:335)
ERROR: res://materials/npc_cloth__monastic_habit.tres:17 - Parse Error: [ext_resource] referenced non-existent resource at: res://materials/textures/cloth_weave_albedo.png.
   at: _printerr (scene/resources/resource_format_text.cpp:39)
ERROR: res://materials/npc_cloth__monastic_habit.tres:17 - Parse Error: [ext_resource] referenced non-existent resource at: res://materials/textures/cloth_weave_albedo.png.
   at: _printerr (scene/resources/resource_format_text.cpp:39)
ERROR: Failed loading resource: res://materials/npc_cloth__monastic_habit.tres. Make sure resources have been imported by opening the project in the editor at least once.
   at: _load (core/io/resource_loader.cpp:335)
ERROR: Unable to open file: res://.godot/imported/cloth_weave_albedo.png-4e67a9aa361c0cbbadb395c54bcafaac.s3tc.ctex.
   at: _load_data (scene/resources/compressed_texture.cpp:41)
ERROR: Failed loading resource: res://.godot/imported/cloth_weave_albedo.png-4e67a9aa361c0cbbadb395c54bcafaac.s3tc.ctex. Make sure resources have been imported by opening the project in the editor at least once.
   at: _load (core/io/resource_loader.cpp:335)
ERROR: Failed loading resource: res://materials/textures/cloth_weave_albedo.png. Make sure resources have been imported by opening the project in the editor at least once.
   at: _load (core/io/resource_loader.cpp:335)
ERROR: Unable to open file: res://.godot/imported/cloth_weave_normal.png-99f5872fcd5758cdfbfe6a52cd58fb8d.s3tc.ctex.
   at: _load_data (scene/resources/compressed_texture.cpp:41)
ERROR: Failed loading resource: res://.godot/imported/cloth_weave_normal.png-99f5872fcd5758cdfbfe6a52cd58fb8d.s3tc.ctex. Make sure resources have been imported by opening the project in the editor at least once.
   at: _load (core/io/resource_loader.cpp:335)
ERROR: Failed loading resource: res://materials/textures/cloth_weave_normal.png. Make sure resources have been imported by opening the project in the editor at least once.
   at: _load (core/io/resource_loader.cpp:335)
ERROR: Unable to open file: res://.godot/imported/cloth_weave_orm.png-909887806547e6305d6001871d1b81f9.s3tc.ctex.
   at: _load_data (scene/resources/compressed_texture.cpp:41)
ERROR: Failed loading resource: res://.godot/imported/cloth_weave_orm.png-909887806547e6305d6001871d1b81f9.s3tc.ctex. Make sure resources have been imported by opening the project in the editor at least once.
   at: _load (core/io/resource_loader.cpp:335)
ERROR: Failed loading resource: res://materials/textures/cloth_weave_orm.png. Make sure resources have been imported by opening the project in the editor at least once.
   at: _load (core/io/resource_loader.cpp:335)
ERROR: res://materials/npc_cloth__narn_salvage.tres:17 - Parse Error: [ext_resource] referenced non-existent resource at: res://materials/textures/cloth_weave_albedo.png.
   at: _printerr (scene/resources/resource_format_text.cpp:39)
ERROR: res://materials/npc_cloth__narn_salvage.tres:17 - Parse Error: [ext_resource] referenced non-existent resource at: res://materials/textures/cloth_weave_albedo.png.
   at: _printerr (scene/resources/resource_format_text.cpp:39)
ERROR: Failed loading resource: res://materials/npc_cloth__narn_salvage.tres. Make sure resources have been imported by opening the project in the editor at least once.
   at: _load (core/io/resource_loader.cpp:335)
ERROR: Unable to open file: res://.godot/imported/cloth_weave_albedo.png-4e67a9aa361c0cbbadb395c54bcafaac.s3tc.ctex.
   at: _load_data (scene/resources/compressed_texture.cpp:41)
ERROR: Failed loading resource: res://.godot/imported/cloth_weave_albedo.png-4e67a9aa361c0cbbadb395c54bcafaac.s3tc.ctex. Make sure resources have been imported by opening the project in the editor at least once.
   at: _load (core/io/resource_loader.cpp:335)
ERROR: Failed loading resource: res://materials/textures/cloth_weave_albedo.png. Make sure resources have been imported by opening the project in the editor at least once.
   at: _load (core/io/resource_loader.cpp:335)
ERROR: Unable to open file: res://.godot/imported/cloth_weave_normal.png-99f5872fcd5758cdfbfe6a52cd58fb8d.s3tc.ctex.
   at: _load_data (scene/resources/compressed_texture.cpp:41)
ERROR: Failed loading resource: res://.godot/imported/cloth_weave_normal.png-99f5872fcd5758cdfbfe6a52cd58fb8d.s3tc.ctex. Make sure resources have been imported by opening the project in the editor at least once.
   at: _load (core/io/resource_loader.cpp:335)
ERROR: Failed loading resource: res://materials/textures/cloth_weave_normal.png. Make sure resources have been imported by opening the project in the editor at least once.
   at: _load (core/io/resource_loader.cpp:335)
ERROR: Unable to open file: res://.godot/imported/cloth_weave_orm.png-909887806547e6305d6001871d1b81f9.s3tc.ctex.
   at: _load_data (scene/resources/compressed_texture.cpp:41)
ERROR: Failed loading resource: res://.godot/imported/cloth_weave_orm.png-909887806547e6305d6001871d1b81f9.s3tc.ctex. Make sure resources have been imported by opening the project in the editor at least once.
   at: _load (core/io/resource_loader.cpp:335)
ERROR: Failed loading resource: res://materials/textures/cloth_weave_orm.png. Make sure resources have been imported by opening the project in the editor at least once.
   at: _load (core/io/resource_loader.cpp:335)
ERROR: res://materials/npc_cloth__narn_suede.tres:17 - Parse Error: [ext_resource] referenced non-existent resource at: res://materials/textures/cloth_weave_albedo.png.
   at: _printerr (scene/resources/resource_format_text.cpp:39)
ERROR: res://materials/npc_cloth__narn_suede.tres:17 - Parse Error: [ext_resource] referenced non-existent resource at: res://materials/textures/cloth_weave_albedo.png.
   at: _printerr (scene/resources/resource_format_text.cpp:39)
ERROR: Failed loading resource: res://materials/npc_cloth__narn_suede.tres. Make sure resources have been imported by opening the project in the editor at least once.
   at: _load (core/io/resource_loader.cpp:335)
ERROR: Unable to open file: res://.godot/imported/cloth_weave_albedo.png-4e67a9aa361c0cbbadb395c54bcafaac.s3tc.ctex.
   at: _load_data (scene/resources/compressed_texture.cpp:41)
ERROR: Failed loading resource: res://.godot/imported/cloth_weave_albedo.png-4e67a9aa361c0cbbadb395c54bcafaac.s3tc.ctex. Make sure resources have been imported by opening the project in the editor at least once.
   at: _load (core/io/resource_loader.cpp:335)
ERROR: Failed loading resource: res://materials/textures/cloth_weave_albedo.png. Make sure resources have been imported by opening the project in the editor at least once.
   at: _load (core/io/resource_loader.cpp:335)
ERROR: Unable to open file: res://.godot/imported/cloth_weave_normal.png-99f5872fcd5758cdfbfe6a52cd58fb8d.s3tc.ctex.
   at: _load_data (scene/resources/compressed_texture.cpp:41)
ERROR: Failed loading resource: res://.godot/imported/cloth_weave_normal.png-99f5872fcd5758cdfbfe6a52cd58fb8d.s3tc.ctex. Make sure resources have been imported by opening the project in the editor at least once.
   at: _load (core/io/resource_loader.cpp:335)
ERROR: Failed loading resource: res://materials/textures/cloth_weave_normal.png. Make sure resources have been imported by opening the project in the editor at least once.
   at: _load (core/io/resource_loader.cpp:335)
ERROR: Unable to open file: res://.godot/imported/cloth_weave_orm.png-909887806547e6305d6001871d1b81f9.s3tc.ctex.
   at: _load_data (scene/resources/compressed_texture.cpp:41)
ERROR: Failed loading resource: res://.godot/imported/cloth_weave_orm.png-909887806547e6305d6001871d1b81f9.s3tc.ctex. Make sure resources have been imported by opening the project in the editor at least once.
   at: _load (core/io/resource_loader.cpp:335)
ERROR: Failed loading resource: res://materials/textures/cloth_weave_orm.png. Make sure resources have been imported by opening the project in the editor at least once.
   at: _load (core/io/resource_loader.cpp:335)
ERROR: res://materials/npc_cloth__psi_grey.tres:17 - Parse Error: [ext_resource] referenced non-existent resource at: res://materials/textures/cloth_weave_albedo.png.
   at: _printerr (scene/resources/resource_format_text.cpp:39)
ERROR: res://materials/npc_cloth__psi_grey.tres:17 - Parse Error: [ext_resource] referenced non-existent resource at: res://materials/textures/cloth_weave_albedo.png.
   at: _printerr (scene/resources/resource_format_text.cpp:39)
ERROR: Failed loading resource: res://materials/npc_cloth__psi_grey.tres. Make sure resources have been imported by opening the project in the editor at least once.
   at: _load (core/io/resource_loader.cpp:335)
ERROR: Unable to open file: res://.godot/imported/cloth_weave_albedo.png-4e67a9aa361c0cbbadb395c54bcafaac.s3tc.ctex.
   at: _load_data (scene/resources/compressed_texture.cpp:41)
ERROR: Failed loading resource: res://.godot/imported/cloth_weave_albedo.png-4e67a9aa361c0cbbadb395c54bcafaac.s3tc.ctex. Make sure resources have been imported by opening the project in the editor at least once.
   at: _load (core/io/resource_loader.cpp:335)
ERROR: Failed loading resource: res://materials/textures/cloth_weave_albedo.png. Make sure resources have been imported by opening the project in the editor at least once.
   at: _load (core/io/resource_loader.cpp:335)
ERROR: Unable to open file: res://.godot/imported/cloth_weave_normal.png-99f5872fcd5758cdfbfe6a52cd58fb8d.s3tc.ctex.
   at: _load_data (scene/resources/compressed_texture.cpp:41)
ERROR: Failed loading resource: res://.godot/imported/cloth_weave_normal.png-99f5872fcd5758cdfbfe6a52cd58fb8d.s3tc.ctex. Make sure resources have been imported by opening the project in the editor at least once.
   at: _load (core/io/resource_loader.cpp:335)
ERROR: Failed loading resource: res://materials/textures/cloth_weave_normal.png. Make sure resources have been imported by opening the project in the editor at least once.
   at: _load (core/io/resource_loader.cpp:335)
ERROR: Unable to open file: res://.godot/imported/cloth_weave_orm.png-909887806547e6305d6001871d1b81f9.s3tc.ctex.
   at: _load_data (scene/resources/compressed_texture.cpp:41)
ERROR: Failed loading resource: res://.godot/imported/cloth_weave_orm.png-909887806547e6305d6001871d1b81f9.s3tc.ctex. Make sure resources have been imported by opening the project in the editor at least once.
   at: _load (core/io/resource_loader.cpp:335)
ERROR: Failed loading resource: res://materials/textures/cloth_weave_orm.png. Make sure resources have been imported by opening the project in the editor at least once.
   at: _load (core/io/resource_loader.cpp:335)
ERROR: res://materials/npc_cloth__psi_ochre.tres:17 - Parse Error: [ext_resource] referenced non-existent resource at: res://materials/textures/cloth_weave_albedo.png.
   at: _printerr (scene/resources/resource_format_text.cpp:39)
ERROR: res://materials/npc_cloth__psi_ochre.tres:17 - Parse Error: [ext_resource] referenced non-existent resource at: res://materials/textures/cloth_weave_albedo.png.
   at: _printerr (scene/resources/resource_format_text.cpp:39)
ERROR: Failed loading resource: res://materials/npc_cloth__psi_ochre.tres. Make sure resources have been imported by opening the project in the editor at least once.
   at: _load (core/io/resource_loader.cpp:335)
ERROR: Unable to open file: res://.godot/imported/cloth_weave_albedo.png-4e67a9aa361c0cbbadb395c54bcafaac.s3tc.ctex.
   at: _load_data (scene/resources/compressed_texture.cpp:41)
ERROR: Failed loading resource: res://.godot/imported/cloth_weave_albedo.png-4e67a9aa361c0cbbadb395c54bcafaac.s3tc.ctex. Make sure resources have been imported by opening the project in the editor at least once.
   at: _load (core/io/resource_loader.cpp:335)
ERROR: Failed loading resource: res://materials/textures/cloth_weave_albedo.png. Make sure resources have been imported by opening the project in the editor at least once.
   at: _load (core/io/resource_loader.cpp:335)
ERROR: Unable to open file: res://.godot/imported/cloth_weave_normal.png-99f5872fcd5758cdfbfe6a52cd58fb8d.s3tc.ctex.
   at: _load_data (scene/resources/compressed_texture.cpp:41)
ERROR: Failed loading resource: res://.godot/imported/cloth_weave_normal.png-99f5872fcd5758cdfbfe6a52cd58fb8d.s3tc.ctex. Make sure resources have been imported by opening the project in the editor at least once.
   at: _load (core/io/resource_loader.cpp:335)
ERROR: Failed loading resource: res://materials/textures/cloth_weave_normal.png. Make sure resources have been imported by opening the project in the editor at least once.
   at: _load (core/io/resource_loader.cpp:335)
ERROR: Unable to open file: res://.godot/imported/cloth_weave_orm.png-909887806547e6305d6001871d1b81f9.s3tc.ctex.
   at: _load_data (scene/resources/compressed_texture.cpp:41)
ERROR: Failed loading resource: res://.godot/imported/cloth_weave_orm.png-909887806547e6305d6001871d1b81f9.s3tc.ctex. Make sure resources have been imported by opening the project in the editor at least once.
   at: _load (core/io/resource_loader.cpp:335)
ERROR: Failed loading resource: res://materials/textures/cloth_weave_orm.png. Make sure resources have been imported by opening the project in the editor at least once.
   at: _load (core/io/resource_loader.cpp:335)
ERROR: res://materials/npc_cloth__psi_olive.tres:17 - Parse Error: [ext_resource] referenced non-existent resource at: res://materials/textures/cloth_weave_albedo.png.
   at: _printerr (scene/resources/resource_format_text.cpp:39)
ERROR: res://materials/npc_cloth__psi_olive.tres:17 - Parse Error: [ext_resource] referenced non-existent resource at: res://materials/textures/cloth_weave_albedo.png.
   at: _printerr (scene/resources/resource_format_text.cpp:39)
ERROR: Failed loading resource: res://materials/npc_cloth__psi_olive.tres. Make sure resources have been imported by opening the project in the editor at least once.
   at: _load (core/io/resource_loader.cpp:335)
ERROR: Unable to open file: res://.godot/imported/cloth_weave_albedo.png-4e67a9aa361c0cbbadb395c54bcafaac.s3tc.ctex.
   at: _load_data (scene/resources/compressed_texture.cpp:41)
ERROR: Failed loading resource: res://.godot/imported/cloth_weave_albedo.png-4e67a9aa361c0cbbadb395c54bcafaac.s3tc.ctex. Make sure resources have been imported by opening the project in the editor at least once.
   at: _load (core/io/resource_loader.cpp:335)
ERROR: Failed loading resource: res://materials/textures/cloth_weave_albedo.png. Make sure resources have been imported by opening the project in the editor at least once.
   at: _load (core/io/resource_loader.cpp:335)
ERROR: Unable to open file: res://.godot/imported/cloth_weave_normal.png-99f5872fcd5758cdfbfe6a52cd58fb8d.s3tc.ctex.
   at: _load_data (scene/resources/compressed_texture.cpp:41)
ERROR: Failed loading resource: res://.godot/imported/cloth_weave_normal.png-99f5872fcd5758cdfbfe6a52cd58fb8d.s3tc.ctex. Make sure resources have been imported by opening the project in the editor at least once.
   at: _load (core/io/resource_loader.cpp:335)
ERROR: Failed loading resource: res://materials/textures/cloth_weave_normal.png. Make sure resources have been imported by opening the project in the editor at least once.
   at: _load (core/io/resource_loader.cpp:335)
ERROR: Unable to open file: res://.godot/imported/cloth_weave_orm.png-909887806547e6305d6001871d1b81f9.s3tc.ctex.
   at: _load_data (scene/resources/compressed_texture.cpp:41)
ERROR: Failed loading resource: res://.godot/imported/cloth_weave_orm.png-909887806547e6305d6001871d1b81f9.s3tc.ctex. Make sure resources have been imported by opening the project in the editor at least once.
   at: _load (core/io/resource_loader.cpp:335)
ERROR: Failed loading resource: res://materials/textures/cloth_weave_orm.png. Make sure resources have been imported by opening the project in the editor at least once.
   at: _load (core/io/resource_loader.cpp:335)
ERROR: res://materials/npc_cloth__ranger_tabard.tres:17 - Parse Error: [ext_resource] referenced non-existent resource at: res://materials/textures/cloth_weave_albedo.png.
   at: _printerr (scene/resources/resource_format_text.cpp:39)
ERROR: res://materials/npc_cloth__ranger_tabard.tres:17 - Parse Error: [ext_resource] referenced non-existent resource at: res://materials/textures/cloth_weave_albedo.png.
   at: _printerr (scene/resources/resource_format_text.cpp:39)
ERROR: Failed loading resource: res://materials/npc_cloth__ranger_tabard.tres. Make sure resources have been imported by opening the project in the editor at least once.
   at: _load (core/io/resource_loader.cpp:335)
ERROR: Unable to open file: res://.godot/imported/cloth_weave_albedo.png-4e67a9aa361c0cbbadb395c54bcafaac.s3tc.ctex.
   at: _load_data (scene/resources/compressed_texture.cpp:41)
ERROR: Failed loading resource: res://.godot/imported/cloth_weave_albedo.png-4e67a9aa361c0cbbadb395c54bcafaac.s3tc.ctex. Make sure resources have been imported by opening the project in the editor at least once.
   at: _load (core/io/resource_loader.cpp:335)
ERROR: Failed loading resource: res://materials/textures/cloth_weave_albedo.png. Make sure resources have been imported by opening the project in the editor at least once.
   at: _load (core/io/resource_loader.cpp:335)
ERROR: Unable to open file: res://.godot/imported/cloth_weave_normal.png-99f5872fcd5758cdfbfe6a52cd58fb8d.s3tc.ctex.
   at: _load_data (scene/resources/compressed_texture.cpp:41)
ERROR: Failed loading resource: res://.godot/imported/cloth_weave_normal.png-99f5872fcd5758cdfbfe6a52cd58fb8d.s3tc.ctex. Make sure resources have been imported by opening the project in the editor at least once.
   at: _load (core/io/resource_loader.cpp:335)
ERROR: Failed loading resource: res://materials/textures/cloth_weave_normal.png. Make sure resources have been imported by opening the project in the editor at least once.
   at: _load (core/io/resource_loader.cpp:335)
ERROR: Unable to open file: res://.godot/imported/cloth_weave_orm.png-909887806547e6305d6001871d1b81f9.s3tc.ctex.
   at: _load_data (scene/resources/compressed_texture.cpp:41)
ERROR: Failed loading resource: res://.godot/imported/cloth_weave_orm.png-909887806547e6305d6001871d1b81f9.s3tc.ctex. Make sure resources have been imported by opening the project in the editor at least once.
   at: _load (core/io/resource_loader.cpp:335)
ERROR: Failed loading resource: res://materials/textures/cloth_weave_orm.png. Make sure resources have been imported by opening the project in the editor at least once.
   at: _load (core/io/resource_loader.cpp:335)
ERROR: res://materials/npc_cloth_trim__centauri_stole.tres:17 - Parse Error: [ext_resource] referenced non-existent resource at: res://materials/textures/cloth_weave_albedo.png.
   at: _printerr (scene/resources/resource_format_text.cpp:39)
ERROR: res://materials/npc_cloth_trim__centauri_stole.tres:17 - Parse Error: [ext_resource] referenced non-existent resource at: res://materials/textures/cloth_weave_albedo.png.
   at: _printerr (scene/resources/resource_format_text.cpp:39)
ERROR: Failed loading resource: res://materials/npc_cloth_trim__centauri_stole.tres. Make sure resources have been imported by opening the project in the editor at least once.
   at: _load (core/io/resource_loader.cpp:335)
ERROR: Unable to open file: res://.godot/imported/cloth_weave_albedo.png-4e67a9aa361c0cbbadb395c54bcafaac.s3tc.ctex.
   at: _load_data (scene/resources/compressed_texture.cpp:41)
ERROR: Failed loading resource: res://.godot/imported/cloth_weave_albedo.png-4e67a9aa361c0cbbadb395c54bcafaac.s3tc.ctex. Make sure resources have been imported by opening the project in the editor at least once.
   at: _load (core/io/resource_loader.cpp:335)
ERROR: Failed loading resource: res://materials/textures/cloth_weave_albedo.png. Make sure resources have been imported by opening the project in the editor at least once.
   at: _load (core/io/resource_loader.cpp:335)
ERROR: Unable to open file: res://.godot/imported/cloth_weave_normal.png-99f5872fcd5758cdfbfe6a52cd58fb8d.s3tc.ctex.
   at: _load_data (scene/resources/compressed_texture.cpp:41)
ERROR: Failed loading resource: res://.godot/imported/cloth_weave_normal.png-99f5872fcd5758cdfbfe6a52cd58fb8d.s3tc.ctex. Make sure resources have been imported by opening the project in the editor at least once.
   at: _load (core/io/resource_loader.cpp:335)
ERROR: Failed loading resource: res://materials/textures/cloth_weave_normal.png. Make sure resources have been imported by opening the project in the editor at least once.
   at: _load (core/io/resource_loader.cpp:335)
ERROR: Unable to open file: res://.godot/imported/cloth_weave_orm.png-909887806547e6305d6001871d1b81f9.s3tc.ctex.
   at: _load_data (scene/resources/compressed_texture.cpp:41)
ERROR: Failed loading resource: res://.godot/imported/cloth_weave_orm.png-909887806547e6305d6001871d1b81f9.s3tc.ctex. Make sure resources have been imported by opening the project in the editor at least once.
   at: _load (core/io/resource_loader.cpp:335)
ERROR: Failed loading resource: res://materials/textures/cloth_weave_orm.png. Make sure resources have been imported by opening the project in the editor at least once.
   at: _load (core/io/resource_loader.cpp:335)
ERROR: res://materials/npc_cloth_trim__civ_collar_yoke.tres:17 - Parse Error: [ext_resource] referenced non-existent resource at: res://materials/textures/cloth_weave_albedo.png.
   at: _printerr (scene/resources/resource_format_text.cpp:39)
ERROR: res://materials/npc_cloth_trim__civ_collar_yoke.tres:17 - Parse Error: [ext_resource] referenced non-existent resource at: res://materials/textures/cloth_weave_albedo.png.
   at: _printerr (scene/resources/resource_format_text.cpp:39)
ERROR: Failed loading resource: res://materials/npc_cloth_trim__civ_collar_yoke.tres. Make sure resources have been imported by opening the project in the editor at least once.
   at: _load (core/io/resource_loader.cpp:335)
ERROR: Unable to open file: res://.godot/imported/cloth_weave_albedo.png-4e67a9aa361c0cbbadb395c54bcafaac.s3tc.ctex.
   at: _load_data (scene/resources/compressed_texture.cpp:41)
ERROR: Failed loading resource: res://.godot/imported/cloth_weave_albedo.png-4e67a9aa361c0cbbadb395c54bcafaac.s3tc.ctex. Make sure resources have been imported by opening the project in the editor at least once.
   at: _load (core/io/resource_loader.cpp:335)
ERROR: Failed loading resource: res://materials/textures/cloth_weave_albedo.png. Make sure resources have been imported by opening the project in the editor at least once.
   at: _load (core/io/resource_loader.cpp:335)
ERROR: Unable to open file: res://.godot/imported/cloth_weave_normal.png-99f5872fcd5758cdfbfe6a52cd58fb8d.s3tc.ctex.
   at: _load_data (scene/resources/compressed_texture.cpp:41)
ERROR: Failed loading resource: res://.godot/imported/cloth_weave_normal.png-99f5872fcd5758cdfbfe6a52cd58fb8d.s3tc.ctex. Make sure resources have been imported by opening the project in the editor at least once.
   at: _load (core/io/resource_loader.cpp:335)
ERROR: Failed loading resource: res://materials/textures/cloth_weave_normal.png. Make sure resources have been imported by opening the project in the editor at least once.
   at: _load (core/io/resource_loader.cpp:335)
ERROR: Unable to open file: res://.godot/imported/cloth_weave_orm.png-909887806547e6305d6001871d1b81f9.s3tc.ctex.
   at: _load_data (scene/resources/compressed_texture.cpp:41)
ERROR: Failed loading resource: res://.godot/imported/cloth_weave_orm.png-909887806547e6305d6001871d1b81f9.s3tc.ctex. Make sure resources have been imported by opening the project in the editor at least once.
   at: _load (core/io/resource_loader.cpp:335)
ERROR: Failed loading resource: res://materials/textures/cloth_weave_orm.png. Make sure resources have been imported by opening the project in the editor at least once.
   at: _load (core/io/resource_loader.cpp:335)
ERROR: res://materials/npc_cloth_trim__civ_cool_dark.tres:17 - Parse Error: [ext_resource] referenced non-existent resource at: res://materials/textures/cloth_weave_albedo.png.
   at: _printerr (scene/resources/resource_format_text.cpp:39)
ERROR: res://materials/npc_cloth_trim__civ_cool_dark.tres:17 - Parse Error: [ext_resource] referenced non-existent resource at: res://materials/textures/cloth_weave_albedo.png.
   at: _printerr (scene/resources/resource_format_text.cpp:39)
ERROR: Failed loading resource: res://materials/npc_cloth_trim__civ_cool_dark.tres. Make sure resources have been imported by opening the project in the editor at least once.
   at: _load (core/io/resource_loader.cpp:335)
ERROR: Unable to open file: res://.godot/imported/cloth_weave_albedo.png-4e67a9aa361c0cbbadb395c54bcafaac.s3tc.ctex.
   at: _load_data (scene/resources/compressed_texture.cpp:41)
ERROR: Failed loading resource: res://.godot/imported/cloth_weave_albedo.png-4e67a9aa361c0cbbadb395c54bcafaac.s3tc.ctex. Make sure resources have been imported by opening the project in the editor at least once.
   at: _load (core/io/resource_loader.cpp:335)
ERROR: Failed loading resource: res://materials/textures/cloth_weave_albedo.png. Make sure resources have been imported by opening the project in the editor at least once.
   at: _load (core/io/resource_loader.cpp:335)
ERROR: Unable to open file: res://.godot/imported/cloth_weave_normal.png-99f5872fcd5758cdfbfe6a52cd58fb8d.s3tc.ctex.
   at: _load_data (scene/resources/compressed_texture.cpp:41)
ERROR: Failed loading resource: res://.godot/imported/cloth_weave_normal.png-99f5872fcd5758cdfbfe6a52cd58fb8d.s3tc.ctex. Make sure resources have been imported by opening the project in the editor at least once.
   at: _load (core/io/resource_loader.cpp:335)
ERROR: Failed loading resource: res://materials/textures/cloth_weave_normal.png. Make sure resources have been imported by opening the project in the editor at least once.
   at: _load (core/io/resource_loader.cpp:335)
ERROR: Unable to open file: res://.godot/imported/cloth_weave_orm.png-909887806547e6305d6001871d1b81f9.s3tc.ctex.
   at: _load_data (scene/resources/compressed_texture.cpp:41)
ERROR: Failed loading resource: res://.godot/imported/cloth_weave_orm.png-909887806547e6305d6001871d1b81f9.s3tc.ctex. Make sure resources have been imported by opening the project in the editor at least once.
   at: _load (core/io/resource_loader.cpp:335)
ERROR: Failed loading resource: res://materials/textures/cloth_weave_orm.png. Make sure resources have been imported by opening the project in the editor at least once.
   at: _load (core/io/resource_loader.cpp:335)
ERROR: res://materials/npc_cloth_trim__civ_light_shirt.tres:17 - Parse Error: [ext_resource] referenced non-existent resource at: res://materials/textures/cloth_weave_albedo.png.
   at: _printerr (scene/resources/resource_format_text.cpp:39)
ERROR: res://materials/npc_cloth_trim__civ_light_shirt.tres:17 - Parse Error: [ext_resource] referenced non-existent resource at: res://materials/textures/cloth_weave_albedo.png.
   at: _printerr (scene/resources/resource_format_text.cpp:39)
ERROR: Failed loading resource: res://materials/npc_cloth_trim__civ_light_shirt.tres. Make sure resources have been imported by opening the project in the editor at least once.
   at: _load (core/io/resource_loader.cpp:335)
ERROR: Unable to open file: res://.godot/imported/cloth_weave_albedo.png-4e67a9aa361c0cbbadb395c54bcafaac.s3tc.ctex.
   at: _load_data (scene/resources/compressed_texture.cpp:41)
ERROR: Failed loading resource: res://.godot/imported/cloth_weave_albedo.png-4e67a9aa361c0cbbadb395c54bcafaac.s3tc.ctex. Make sure resources have been imported by opening the project in the editor at least once.
   at: _load (core/io/resource_loader.cpp:335)
ERROR: Failed loading resource: res://materials/textures/cloth_weave_albedo.png. Make sure resources have been imported by opening the project in the editor at least once.
   at: _load (core/io/resource_loader.cpp:335)
ERROR: Unable to open file: res://.godot/imported/cloth_weave_normal.png-99f5872fcd5758cdfbfe6a52cd58fb8d.s3tc.ctex.
   at: _load_data (scene/resources/compressed_texture.cpp:41)
ERROR: Failed loading resource: res://.godot/imported/cloth_weave_normal.png-99f5872fcd5758cdfbfe6a52cd58fb8d.s3tc.ctex. Make sure resources have been imported by opening the project in the editor at least once.
   at: _load (core/io/resource_loader.cpp:335)
ERROR: Failed loading resource: res://materials/textures/cloth_weave_normal.png. Make sure resources have been imported by opening the project in the editor at least once.
   at: _load (core/io/resource_loader.cpp:335)
ERROR: Unable to open file: res://.godot/imported/cloth_weave_orm.png-909887806547e6305d6001871d1b81f9.s3tc.ctex.
   at: _load_data (scene/resources/compressed_texture.cpp:41)
ERROR: Failed loading resource: res://.godot/imported/cloth_weave_orm.png-909887806547e6305d6001871d1b81f9.s3tc.ctex. Make sure resources have been imported by opening the project in the editor at least once.
   at: _load (core/io/resource_loader.cpp:335)
ERROR: Failed loading resource: res://materials/textures/cloth_weave_orm.png. Make sure resources have been imported by opening the project in the editor at least once.
   at: _load (core/io/resource_loader.cpp:335)
ERROR: res://materials/npc_cloth_trim__civ_lurker.tres:17 - Parse Error: [ext_resource] referenced non-existent resource at: res://materials/textures/cloth_weave_albedo.png.
   at: _printerr (scene/resources/resource_format_text.cpp:39)
ERROR: res://materials/npc_cloth_trim__civ_lurker.tres:17 - Parse Error: [ext_resource] referenced non-existent resource at: res://materials/textures/cloth_weave_albedo.png.
   at: _printerr (scene/resources/resource_format_text.cpp:39)
ERROR: Failed loading resource: res://materials/npc_cloth_trim__civ_lurker.tres. Make sure resources have been imported by opening the project in the editor at least once.
   at: _load (core/io/resource_loader.cpp:335)
ERROR: Unable to open file: res://.godot/imported/cloth_weave_albedo.png-4e67a9aa361c0cbbadb395c54bcafaac.s3tc.ctex.
   at: _load_data (scene/resources/compressed_texture.cpp:41)
ERROR: Failed loading resource: res://.godot/imported/cloth_weave_albedo.png-4e67a9aa361c0cbbadb395c54bcafaac.s3tc.ctex. Make sure resources have been imported by opening the project in the editor at least once.
   at: _load (core/io/resource_loader.cpp:335)
ERROR: Failed loading resource: res://materials/textures/cloth_weave_albedo.png. Make sure resources have been imported by opening the project in the editor at least once.
   at: _load (core/io/resource_loader.cpp:335)
ERROR: Unable to open file: res://.godot/imported/cloth_weave_normal.png-99f5872fcd5758cdfbfe6a52cd58fb8d.s3tc.ctex.
   at: _load_data (scene/resources/compressed_texture.cpp:41)
ERROR: Failed loading resource: res://.godot/imported/cloth_weave_normal.png-99f5872fcd5758cdfbfe6a52cd58fb8d.s3tc.ctex. Make sure resources have been imported by opening the project in the editor at least once.
   at: _load (core/io/resource_loader.cpp:335)
ERROR: Failed loading resource: res://materials/textures/cloth_weave_normal.png. Make sure resources have been imported by opening the project in the editor at least once.
   at: _load (core/io/resource_loader.cpp:335)
ERROR: Unable to open file: res://.godot/imported/cloth_weave_orm.png-909887806547e6305d6001871d1b81f9.s3tc.ctex.
   at: _load_data (scene/resources/compressed_texture.cpp:41)
ERROR: Failed loading resource: res://.godot/imported/cloth_weave_orm.png-909887806547e6305d6001871d1b81f9.s3tc.ctex. Make sure resources have been imported by opening the project in the editor at least once.
   at: _load (core/io/resource_loader.cpp:335)
ERROR: Failed loading resource: res://materials/textures/cloth_weave_orm.png. Make sure resources have been imported by opening the project in the editor at least once.
   at: _load (core/io/resource_loader.cpp:335)
ERROR: res://materials/npc_cloth_trim__civ_worker_drab.tres:17 - Parse Error: [ext_resource] referenced non-existent resource at: res://materials/textures/cloth_weave_albedo.png.
   at: _printerr (scene/resources/resource_format_text.cpp:39)
ERROR: res://materials/npc_cloth_trim__civ_worker_drab.tres:17 - Parse Error: [ext_resource] referenced non-existent resource at: res://materials/textures/cloth_weave_albedo.png.
   at: _printerr (scene/resources/resource_format_text.cpp:39)
ERROR: Failed loading resource: res://materials/npc_cloth_trim__civ_worker_drab.tres. Make sure resources have been imported by opening the project in the editor at least once.
   at: _load (core/io/resource_loader.cpp:335)
ERROR: Unable to open file: res://.godot/imported/composite_matte_albedo.png-31f7b654b2213e8aff6c6b47b8c508b5.s3tc.ctex.
   at: _load_data (scene/resources/compressed_texture.cpp:41)
ERROR: Failed loading resource: res://.godot/imported/composite_matte_albedo.png-31f7b654b2213e8aff6c6b47b8c508b5.s3tc.ctex. Make sure resources have been imported by opening the project in the editor at least once.
   at: _load (core/io/resource_loader.cpp:335)
ERROR: Failed loading resource: res://materials/textures/composite_matte_albedo.png. Make sure resources have been imported by opening the project in the editor at least once.
   at: _load (core/io/resource_loader.cpp:335)
ERROR: Unable to open file: res://.godot/imported/composite_matte_normal.png-73f36fc7d51238f03ee203339ee5592e.s3tc.ctex.
   at: _load_data (scene/resources/compressed_texture.cpp:41)
ERROR: Failed loading resource: res://.godot/imported/composite_matte_normal.png-73f36fc7d51238f03ee203339ee5592e.s3tc.ctex. Make sure resources have been imported by opening the project in the editor at least once.
   at: _load (core/io/resource_loader.cpp:335)
ERROR: Failed loading resource: res://materials/textures/composite_matte_normal.png. Make sure resources have been imported by opening the project in the editor at least once.
   at: _load (core/io/resource_loader.cpp:335)
ERROR: Unable to open file: res://.godot/imported/composite_matte_orm.png-fa6105aeb9ad6c081e96d4440198cc68.s3tc.ctex.
   at: _load_data (scene/resources/compressed_texture.cpp:41)
ERROR: Failed loading resource: res://.godot/imported/composite_matte_orm.png-fa6105aeb9ad6c081e96d4440198cc68.s3tc.ctex. Make sure resources have been imported by opening the project in the editor at least once.
   at: _load (core/io/resource_loader.cpp:335)
ERROR: Failed loading resource: res://materials/textures/composite_matte_orm.png. Make sure resources have been imported by opening the project in the editor at least once.
   at: _load (core/io/resource_loader.cpp:335)
ERROR: res://materials/npc_cloth_trim__ef_black_leather.tres:17 - Parse Error: [ext_resource] referenced non-existent resource at: res://materials/textures/composite_matte_albedo.png.
   at: _printerr (scene/resources/resource_format_text.cpp:39)
ERROR: res://materials/npc_cloth_trim__ef_black_leather.tres:17 - Parse Error: [ext_resource] referenced non-existent resource at: res://materials/textures/composite_matte_albedo.png.
   at: _printerr (scene/resources/resource_format_text.cpp:39)
ERROR: Failed loading resource: res://materials/npc_cloth_trim__ef_black_leather.tres. Make sure resources have been imported by opening the project in the editor at least once.
   at: _load (core/io/resource_loader.cpp:335)
ERROR: Unable to open file: res://.godot/imported/composite_matte_albedo.png-31f7b654b2213e8aff6c6b47b8c508b5.s3tc.ctex.
   at: _load_data (scene/resources/compressed_texture.cpp:41)
ERROR: Failed loading resource: res://.godot/imported/composite_matte_albedo.png-31f7b654b2213e8aff6c6b47b8c508b5.s3tc.ctex. Make sure resources have been imported by opening the project in the editor at least once.
   at: _load (core/io/resource_loader.cpp:335)
ERROR: Failed loading resource: res://materials/textures/composite_matte_albedo.png. Make sure resources have been imported by opening the project in the editor at least once.
   at: _load (core/io/resource_loader.cpp:335)
ERROR: Unable to open file: res://.godot/imported/composite_matte_normal.png-73f36fc7d51238f03ee203339ee5592e.s3tc.ctex.
   at: _load_data (scene/resources/compressed_texture.cpp:41)
ERROR: Failed loading resource: res://.godot/imported/composite_matte_normal.png-73f36fc7d51238f03ee203339ee5592e.s3tc.ctex. Make sure resources have been imported by opening the project in the editor at least once.
   at: _load (core/io/resource_loader.cpp:335)
ERROR: Failed loading resource: res://materials/textures/composite_matte_normal.png. Make sure resources have been imported by opening the project in the editor at least once.
   at: _load (core/io/resource_loader.cpp:335)
ERROR: Unable to open file: res://.godot/imported/composite_matte_orm.png-fa6105aeb9ad6c081e96d4440198cc68.s3tc.ctex.
   at: _load_data (scene/resources/compressed_texture.cpp:41)
ERROR: Failed loading resource: res://.godot/imported/composite_matte_orm.png-fa6105aeb9ad6c081e96d4440198cc68.s3tc.ctex. Make sure resources have been imported by opening the project in the editor at least once.
   at: _load (core/io/resource_loader.cpp:335)
ERROR: Failed loading resource: res://materials/textures/composite_matte_orm.png. Make sure resources have been imported by opening the project in the editor at least once.
   at: _load (core/io/resource_loader.cpp:335)
ERROR: res://materials/npc_cloth_trim__ef_command_leather.tres:17 - Parse Error: [ext_resource] referenced non-existent resource at: res://materials/textures/composite_matte_albedo.png.
   at: _printerr (scene/resources/resource_format_text.cpp:39)
ERROR: res://materials/npc_cloth_trim__ef_command_leather.tres:17 - Parse Error: [ext_resource] referenced non-existent resource at: res://materials/textures/composite_matte_albedo.png.
   at: _printerr (scene/resources/resource_format_text.cpp:39)
ERROR: Failed loading resource: res://materials/npc_cloth_trim__ef_command_leather.tres. Make sure resources have been imported by opening the project in the editor at least once.
   at: _load (core/io/resource_loader.cpp:335)
ERROR: Unable to open file: res://.godot/imported/cloth_weave_albedo.png-4e67a9aa361c0cbbadb395c54bcafaac.s3tc.ctex.
   at: _load_data (scene/resources/compressed_texture.cpp:41)
ERROR: Failed loading resource: res://.godot/imported/cloth_weave_albedo.png-4e67a9aa361c0cbbadb395c54bcafaac.s3tc.ctex. Make sure resources have been imported by opening the project in the editor at least once.
   at: _load (core/io/resource_loader.cpp:335)
ERROR: Failed loading resource: res://materials/textures/cloth_weave_albedo.png. Make sure resources have been imported by opening the project in the editor at least once.
   at: _load (core/io/resource_loader.cpp:335)
ERROR: Unable to open file: res://.godot/imported/cloth_weave_normal.png-99f5872fcd5758cdfbfe6a52cd58fb8d.s3tc.ctex.
   at: _load_data (scene/resources/compressed_texture.cpp:41)
ERROR: Failed loading resource: res://.godot/imported/cloth_weave_normal.png-99f5872fcd5758cdfbfe6a52cd58fb8d.s3tc.ctex. Make sure resources have been imported by opening the project in the editor at least once.
   at: _load (core/io/resource_loader.cpp:335)
ERROR: Failed loading resource: res://materials/textures/cloth_weave_normal.png. Make sure resources have been imported by opening the project in the editor at least once.
   at: _load (core/io/resource_loader.cpp:335)
ERROR: Unable to open file: res://.godot/imported/cloth_weave_orm.png-909887806547e6305d6001871d1b81f9.s3tc.ctex.
   at: _load_data (scene/resources/compressed_texture.cpp:41)
ERROR: Failed loading resource: res://.godot/imported/cloth_weave_orm.png-909887806547e6305d6001871d1b81f9.s3tc.ctex. Make sure resources have been imported by opening the project in the editor at least once.
   at: _load (core/io/resource_loader.cpp:335)
ERROR: Failed loading resource: res://materials/textures/cloth_weave_orm.png. Make sure resources have been imported by opening the project in the editor at least once.
   at: _load (core/io/resource_loader.cpp:335)
ERROR: res://materials/npc_cloth_trim__league_dark.tres:17 - Parse Error: [ext_resource] referenced non-existent resource at: res://materials/textures/cloth_weave_albedo.png.
   at: _printerr (scene/resources/resource_format_text.cpp:39)
ERROR: res://materials/npc_cloth_trim__league_dark.tres:17 - Parse Error: [ext_resource] referenced non-existent resource at: res://materials/textures/cloth_weave_albedo.png.
   at: _printerr (scene/resources/resource_format_text.cpp:39)
ERROR: Failed loading resource: res://materials/npc_cloth_trim__league_dark.tres. Make sure resources have been imported by opening the project in the editor at least once.
   at: _load (core/io/resource_loader.cpp:335)
ERROR: Unable to open file: res://.godot/imported/cloth_weave_albedo.png-4e67a9aa361c0cbbadb395c54bcafaac.s3tc.ctex.
   at: _load_data (scene/resources/compressed_texture.cpp:41)
ERROR: Failed loading resource: res://.godot/imported/cloth_weave_albedo.png-4e67a9aa361c0cbbadb395c54bcafaac.s3tc.ctex. Make sure resources have been imported by opening the project in the editor at least once.
   at: _load (core/io/resource_loader.cpp:335)
ERROR: Failed loading resource: res://materials/textures/cloth_weave_albedo.png. Make sure resources have been imported by opening the project in the editor at least once.
   at: _load (core/io/resource_loader.cpp:335)
ERROR: Unable to open file: res://.godot/imported/cloth_weave_normal.png-99f5872fcd5758cdfbfe6a52cd58fb8d.s3tc.ctex.
   at: _load_data (scene/resources/compressed_texture.cpp:41)
ERROR: Failed loading resource: res://.godot/imported/cloth_weave_normal.png-99f5872fcd5758cdfbfe6a52cd58fb8d.s3tc.ctex. Make sure resources have been imported by opening the project in the editor at least once.
   at: _load (core/io/resource_loader.cpp:335)
ERROR: Failed loading resource: res://materials/textures/cloth_weave_normal.png. Make sure resources have been imported by opening the project in the editor at least once.
   at: _load (core/io/resource_loader.cpp:335)
ERROR: Unable to open file: res://.godot/imported/cloth_weave_orm.png-909887806547e6305d6001871d1b81f9.s3tc.ctex.
   at: _load_data (scene/resources/compressed_texture.cpp:41)
ERROR: Failed loading resource: res://.godot/imported/cloth_weave_orm.png-909887806547e6305d6001871d1b81f9.s3tc.ctex. Make sure resources have been imported by opening the project in the editor at least once.
   at: _load (core/io/resource_loader.cpp:335)
ERROR: Failed loading resource: res://materials/textures/cloth_weave_orm.png. Make sure resources have been imported by opening the project in the editor at least once.
   at: _load (core/io/resource_loader.cpp:335)
ERROR: res://materials/npc_cloth_trim__league_stole.tres:17 - Parse Error: [ext_resource] referenced non-existent resource at: res://materials/textures/cloth_weave_albedo.png.
   at: _printerr (scene/resources/resource_format_text.cpp:39)
ERROR: res://materials/npc_cloth_trim__league_stole.tres:17 - Parse Error: [ext_resource] referenced non-existent resource at: res://materials/textures/cloth_weave_albedo.png.
   at: _printerr (scene/resources/resource_format_text.cpp:39)
ERROR: Failed loading resource: res://materials/npc_cloth_trim__league_stole.tres. Make sure resources have been imported by opening the project in the editor at least once.
   at: _load (core/io/resource_loader.cpp:335)
ERROR: Unable to open file: res://.godot/imported/cloth_weave_albedo.png-4e67a9aa361c0cbbadb395c54bcafaac.s3tc.ctex.
   at: _load_data (scene/resources/compressed_texture.cpp:41)
ERROR: Failed loading resource: res://.godot/imported/cloth_weave_albedo.png-4e67a9aa361c0cbbadb395c54bcafaac.s3tc.ctex. Make sure resources have been imported by opening the project in the editor at least once.
   at: _load (core/io/resource_loader.cpp:335)
ERROR: Failed loading resource: res://materials/textures/cloth_weave_albedo.png. Make sure resources have been imported by opening the project in the editor at least once.
   at: _load (core/io/resource_loader.cpp:335)
ERROR: Unable to open file: res://.godot/imported/cloth_weave_normal.png-99f5872fcd5758cdfbfe6a52cd58fb8d.s3tc.ctex.
   at: _load_data (scene/resources/compressed_texture.cpp:41)
ERROR: Failed loading resource: res://.godot/imported/cloth_weave_normal.png-99f5872fcd5758cdfbfe6a52cd58fb8d.s3tc.ctex. Make sure resources have been imported by opening the project in the editor at least once.
   at: _load (core/io/resource_loader.cpp:335)
ERROR: Failed loading resource: res://materials/textures/cloth_weave_normal.png. Make sure resources have been imported by opening the project in the editor at least once.
   at: _load (core/io/resource_loader.cpp:335)
ERROR: Unable to open file: res://.godot/imported/cloth_weave_orm.png-909887806547e6305d6001871d1b81f9.s3tc.ctex.
   at: _load_data (scene/resources/compressed_texture.cpp:41)
ERROR: Failed loading resource: res://.godot/imported/cloth_weave_orm.png-909887806547e6305d6001871d1b81f9.s3tc.ctex. Make sure resources have been imported by opening the project in the editor at least once.
   at: _load (core/io/resource_loader.cpp:335)
ERROR: Failed loading resource: res://materials/textures/cloth_weave_orm.png. Make sure resources have been imported by opening the project in the editor at least once.
   at: _load (core/io/resource_loader.cpp:335)
ERROR: res://materials/npc_cloth_trim__minbari_black.tres:17 - Parse Error: [ext_resource] referenced non-existent resource at: res://materials/textures/cloth_weave_albedo.png.
   at: _printerr (scene/resources/resource_format_text.cpp:39)
ERROR: res://materials/npc_cloth_trim__minbari_black.tres:17 - Parse Error: [ext_resource] referenced non-existent resource at: res://materials/textures/cloth_weave_albedo.png.
   at: _printerr (scene/resources/resource_format_text.cpp:39)
ERROR: Failed loading resource: res://materials/npc_cloth_trim__minbari_black.tres. Make sure resources have been imported by opening the project in the editor at least once.
   at: _load (core/io/resource_loader.cpp:335)
ERROR: Unable to open file: res://.godot/imported/cloth_weave_albedo.png-4e67a9aa361c0cbbadb395c54bcafaac.s3tc.ctex.
   at: _load_data (scene/resources/compressed_texture.cpp:41)
ERROR: Failed loading resource: res://.godot/imported/cloth_weave_albedo.png-4e67a9aa361c0cbbadb395c54bcafaac.s3tc.ctex. Make sure resources have been imported by opening the project in the editor at least once.
   at: _load (core/io/resource_loader.cpp:335)
ERROR: Failed loading resource: res://materials/textures/cloth_weave_albedo.png. Make sure resources have been imported by opening the project in the editor at least once.
   at: _load (core/io/resource_loader.cpp:335)
ERROR: Unable to open file: res://.godot/imported/cloth_weave_normal.png-99f5872fcd5758cdfbfe6a52cd58fb8d.s3tc.ctex.
   at: _load_data (scene/resources/compressed_texture.cpp:41)
ERROR: Failed loading resource: res://.godot/imported/cloth_weave_normal.png-99f5872fcd5758cdfbfe6a52cd58fb8d.s3tc.ctex. Make sure resources have been imported by opening the project in the editor at least once.
   at: _load (core/io/resource_loader.cpp:335)
ERROR: Failed loading resource: res://materials/textures/cloth_weave_normal.png. Make sure resources have been imported by opening the project in the editor at least once.
   at: _load (core/io/resource_loader.cpp:335)
ERROR: Unable to open file: res://.godot/imported/cloth_weave_orm.png-909887806547e6305d6001871d1b81f9.s3tc.ctex.
   at: _load_data (scene/resources/compressed_texture.cpp:41)
ERROR: Failed loading resource: res://.godot/imported/cloth_weave_orm.png-909887806547e6305d6001871d1b81f9.s3tc.ctex. Make sure resources have been imported by opening the project in the editor at least once.
   at: _load (core/io/resource_loader.cpp:335)
ERROR: Failed loading resource: res://materials/textures/cloth_weave_orm.png. Make sure resources have been imported by opening the project in the editor at least once.
   at: _load (core/io/resource_loader.cpp:335)
ERROR: res://materials/npc_cloth_trim__minbari_cream.tres:17 - Parse Error: [ext_resource] referenced non-existent resource at: res://materials/textures/cloth_weave_albedo.png.
   at: _printerr (scene/resources/resource_format_text.cpp:39)
ERROR: res://materials/npc_cloth_trim__minbari_cream.tres:17 - Parse Error: [ext_resource] referenced non-existent resource at: res://materials/textures/cloth_weave_albedo.png.
   at: _printerr (scene/resources/resource_format_text.cpp:39)
ERROR: Failed loading resource: res://materials/npc_cloth_trim__minbari_cream.tres. Make sure resources have been imported by opening the project in the editor at least once.
   at: _load (core/io/resource_loader.cpp:335)
ERROR: Unable to open file: res://.godot/imported/cloth_weave_albedo.png-4e67a9aa361c0cbbadb395c54bcafaac.s3tc.ctex.
   at: _load_data (scene/resources/compressed_texture.cpp:41)
ERROR: Failed loading resource: res://.godot/imported/cloth_weave_albedo.png-4e67a9aa361c0cbbadb395c54bcafaac.s3tc.ctex. Make sure resources have been imported by opening the project in the editor at least once.
   at: _load (core/io/resource_loader.cpp:335)
ERROR: Failed loading resource: res://materials/textures/cloth_weave_albedo.png. Make sure resources have been imported by opening the project in the editor at least once.
   at: _load (core/io/resource_loader.cpp:335)
ERROR: Unable to open file: res://.godot/imported/cloth_weave_normal.png-99f5872fcd5758cdfbfe6a52cd58fb8d.s3tc.ctex.
   at: _load_data (scene/resources/compressed_texture.cpp:41)
ERROR: Failed loading resource: res://.godot/imported/cloth_weave_normal.png-99f5872fcd5758cdfbfe6a52cd58fb8d.s3tc.ctex. Make sure resources have been imported by opening the project in the editor at least once.
   at: _load (core/io/resource_loader.cpp:335)
ERROR: Failed loading resource: res://materials/textures/cloth_weave_normal.png. Make sure resources have been imported by opening the project in the editor at least once.
   at: _load (core/io/resource_loader.cpp:335)
ERROR: Unable to open file: res://.godot/imported/cloth_weave_orm.png-909887806547e6305d6001871d1b81f9.s3tc.ctex.
   at: _load_data (scene/resources/compressed_texture.cpp:41)
ERROR: Failed loading resource: res://.godot/imported/cloth_weave_orm.png-909887806547e6305d6001871d1b81f9.s3tc.ctex. Make sure resources have been imported by opening the project in the editor at least once.
   at: _load (core/io/resource_loader.cpp:335)
ERROR: Failed loading resource: res://materials/textures/cloth_weave_orm.png. Make sure resources have been imported by opening the project in the editor at least once.
   at: _load (core/io/resource_loader.cpp:335)
ERROR: res://materials/npc_cloth_trim__monastic_habit.tres:17 - Parse Error: [ext_resource] referenced non-existent resource at: res://materials/textures/cloth_weave_albedo.png.
   at: _printerr (scene/resources/resource_format_text.cpp:39)
ERROR: res://materials/npc_cloth_trim__monastic_habit.tres:17 - Parse Error: [ext_resource] referenced non-existent resource at: res://materials/textures/cloth_weave_albedo.png.
   at: _printerr (scene/resources/resource_format_text.cpp:39)
ERROR: Failed loading resource: res://materials/npc_cloth_trim__monastic_habit.tres. Make sure resources have been imported by opening the project in the editor at least once.
   at: _load (core/io/resource_loader.cpp:335)
ERROR: Unable to open file: res://.godot/imported/composite_matte_albedo.png-31f7b654b2213e8aff6c6b47b8c508b5.s3tc.ctex.
   at: _load_data (scene/resources/compressed_texture.cpp:41)
ERROR: Failed loading resource: res://.godot/imported/composite_matte_albedo.png-31f7b654b2213e8aff6c6b47b8c508b5.s3tc.ctex. Make sure resources have been imported by opening the project in the editor at least once.
   at: _load (core/io/resource_loader.cpp:335)
ERROR: Failed loading resource: res://materials/textures/composite_matte_albedo.png. Make sure resources have been imported by opening the project in the editor at least once.
   at: _load (core/io/resource_loader.cpp:335)
ERROR: Unable to open file: res://.godot/imported/composite_matte_normal.png-73f36fc7d51238f03ee203339ee5592e.s3tc.ctex.
   at: _load_data (scene/resources/compressed_texture.cpp:41)
ERROR: Failed loading resource: res://.godot/imported/composite_matte_normal.png-73f36fc7d51238f03ee203339ee5592e.s3tc.ctex. Make sure resources have been imported by opening the project in the editor at least once.
   at: _load (core/io/resource_loader.cpp:335)
ERROR: Failed loading resource: res://materials/textures/composite_matte_normal.png. Make sure resources have been imported by opening the project in the editor at least once.
   at: _load (core/io/resource_loader.cpp:335)
ERROR: Unable to open file: res://.godot/imported/composite_matte_orm.png-fa6105aeb9ad6c081e96d4440198cc68.s3tc.ctex.
   at: _load_data (scene/resources/compressed_texture.cpp:41)
ERROR: Failed loading resource: res://.godot/imported/composite_matte_orm.png-fa6105aeb9ad6c081e96d4440198cc68.s3tc.ctex. Make sure resources have been imported by opening the project in the editor at least once.
   at: _load (core/io/resource_loader.cpp:335)
ERROR: Failed loading resource: res://materials/textures/composite_matte_orm.png. Make sure resources have been imported by opening the project in the editor at least once.
   at: _load (core/io/resource_loader.cpp:335)
ERROR: res://materials/npc_cloth_trim__narn_apron.tres:17 - Parse Error: [ext_resource] referenced non-existent resource at: res://materials/textures/composite_matte_albedo.png.
   at: _printerr (scene/resources/resource_format_text.cpp:39)
ERROR: res://materials/npc_cloth_trim__narn_apron.tres:17 - Parse Error: [ext_resource] referenced non-existent resource at: res://materials/textures/composite_matte_albedo.png.
   at: _printerr (scene/resources/resource_format_text.cpp:39)
ERROR: Failed loading resource: res://materials/npc_cloth_trim__narn_apron.tres. Make sure resources have been imported by opening the project in the editor at least once.
   at: _load (core/io/resource_loader.cpp:335)
ERROR: Unable to open file: res://.godot/imported/metal_grain_albedo.png-2f86e4a72894d47fe42d0bb15318f74f.s3tc.ctex.
   at: _load_data (scene/resources/compressed_texture.cpp:41)
ERROR: Failed loading resource: res://.godot/imported/metal_grain_albedo.png-2f86e4a72894d47fe42d0bb15318f74f.s3tc.ctex. Make sure resources have been imported by opening the project in the editor at least once.
   at: _load (core/io/resource_loader.cpp:335)
ERROR: Failed loading resource: res://materials/textures/metal_grain_albedo.png. Make sure resources have been imported by opening the project in the editor at least once.
   at: _load (core/io/resource_loader.cpp:335)
ERROR: Unable to open file: res://.godot/imported/metal_grain_normal.png-59977962636d1ed3c49443a01e747690.s3tc.ctex.
   at: _load_data (scene/resources/compressed_texture.cpp:41)
ERROR: Failed loading resource: res://.godot/imported/metal_grain_normal.png-59977962636d1ed3c49443a01e747690.s3tc.ctex. Make sure resources have been imported by opening the project in the editor at least once.
   at: _load (core/io/resource_loader.cpp:335)
ERROR: Failed loading resource: res://materials/textures/metal_grain_normal.png. Make sure resources have been imported by opening the project in the editor at least once.
   at: _load (core/io/resource_loader.cpp:335)
ERROR: Unable to open file: res://.godot/imported/metal_grain_orm.png-5794fd69453028a83dd178ad8dea0aa8.s3tc.ctex.
   at: _load_data (scene/resources/compressed_texture.cpp:41)
ERROR: Failed loading resource: res://.godot/imported/metal_grain_orm.png-5794fd69453028a83dd178ad8dea0aa8.s3tc.ctex. Make sure resources have been imported by opening the project in the editor at least once.
   at: _load (core/io/resource_loader.cpp:335)
ERROR: Failed loading resource: res://materials/textures/metal_grain_orm.png. Make sure resources have been imported by opening the project in the editor at least once.
   at: _load (core/io/resource_loader.cpp:335)
ERROR: res://materials/npc_cloth_trim__narn_iridescent.tres:17 - Parse Error: [ext_resource] referenced non-existent resource at: res://materials/textures/metal_grain_albedo.png.
   at: _printerr (scene/resources/resource_format_text.cpp:39)
ERROR: res://materials/npc_cloth_trim__narn_iridescent.tres:17 - Parse Error: [ext_resource] referenced non-existent resource at: res://materials/textures/metal_grain_albedo.png.
   at: _printerr (scene/resources/resource_format_text.cpp:39)
ERROR: Failed loading resource: res://materials/npc_cloth_trim__narn_iridescent.tres. Make sure resources have been imported by opening the project in the editor at least once.
   at: _load (core/io/resource_loader.cpp:335)
ERROR: Unable to open file: res://.godot/imported/cloth_weave_albedo.png-4e67a9aa361c0cbbadb395c54bcafaac.s3tc.ctex.
   at: _load_data (scene/resources/compressed_texture.cpp:41)
ERROR: Failed loading resource: res://.godot/imported/cloth_weave_albedo.png-4e67a9aa361c0cbbadb395c54bcafaac.s3tc.ctex. Make sure resources have been imported by opening the project in the editor at least once.
   at: _load (core/io/resource_loader.cpp:335)
ERROR: Failed loading resource: res://materials/textures/cloth_weave_albedo.png. Make sure resources have been imported by opening the project in the editor at least once.
   at: _load (core/io/resource_loader.cpp:335)
ERROR: Unable to open file: res://.godot/imported/cloth_weave_normal.png-99f5872fcd5758cdfbfe6a52cd58fb8d.s3tc.ctex.
   at: _load_data (scene/resources/compressed_texture.cpp:41)
ERROR: Failed loading resource: res://.godot/imported/cloth_weave_normal.png-99f5872fcd5758cdfbfe6a52cd58fb8d.s3tc.ctex. Make sure resources have been imported by opening the project in the editor at least once.
   at: _load (core/io/resource_loader.cpp:335)
ERROR: Failed loading resource: res://materials/textures/cloth_weave_normal.png. Make sure resources have been imported by opening the project in the editor at least once.
   at: _load (core/io/resource_loader.cpp:335)
ERROR: Unable to open file: res://.godot/imported/cloth_weave_orm.png-909887806547e6305d6001871d1b81f9.s3tc.ctex.
   at: _load_data (scene/resources/compressed_texture.cpp:41)
ERROR: Failed loading resource: res://.godot/imported/cloth_weave_orm.png-909887806547e6305d6001871d1b81f9.s3tc.ctex. Make sure resources have been imported by opening the project in the editor at least once.
   at: _load (core/io/resource_loader.cpp:335)
ERROR: Failed loading resource: res://materials/textures/cloth_weave_orm.png. Make sure resources have been imported by opening the project in the editor at least once.
   at: _load (core/io/resource_loader.cpp:335)
ERROR: res://materials/npc_cloth_trim__narn_salvage.tres:17 - Parse Error: [ext_resource] referenced non-existent resource at: res://materials/textures/cloth_weave_albedo.png.
   at: _printerr (scene/resources/resource_format_text.cpp:39)
ERROR: res://materials/npc_cloth_trim__narn_salvage.tres:17 - Parse Error: [ext_resource] referenced non-existent resource at: res://materials/textures/cloth_weave_albedo.png.
   at: _printerr (scene/resources/resource_format_text.cpp:39)
ERROR: Failed loading resource: res://materials/npc_cloth_trim__narn_salvage.tres. Make sure resources have been imported by opening the project in the editor at least once.
   at: _load (core/io/resource_loader.cpp:335)
ERROR: Unable to open file: res://.godot/imported/composite_matte_albedo.png-31f7b654b2213e8aff6c6b47b8c508b5.s3tc.ctex.
   at: _load_data (scene/resources/compressed_texture.cpp:41)
ERROR: Failed loading resource: res://.godot/imported/composite_matte_albedo.png-31f7b654b2213e8aff6c6b47b8c508b5.s3tc.ctex. Make sure resources have been imported by opening the project in the editor at least once.
   at: _load (core/io/resource_loader.cpp:335)
ERROR: Failed loading resource: res://materials/textures/composite_matte_albedo.png. Make sure resources have been imported by opening the project in the editor at least once.
   at: _load (core/io/resource_loader.cpp:335)
ERROR: Unable to open file: res://.godot/imported/composite_matte_normal.png-73f36fc7d51238f03ee203339ee5592e.s3tc.ctex.
   at: _load_data (scene/resources/compressed_texture.cpp:41)
ERROR: Failed loading resource: res://.godot/imported/composite_matte_normal.png-73f36fc7d51238f03ee203339ee5592e.s3tc.ctex. Make sure resources have been imported by opening the project in the editor at least once.
   at: _load (core/io/resource_loader.cpp:335)
ERROR: Failed loading resource: res://materials/textures/composite_matte_normal.png. Make sure resources have been imported by opening the project in the editor at least once.
   at: _load (core/io/resource_loader.cpp:335)
ERROR: Unable to open file: res://.godot/imported/composite_matte_orm.png-fa6105aeb9ad6c081e96d4440198cc68.s3tc.ctex.
   at: _load_data (scene/resources/compressed_texture.cpp:41)
ERROR: Failed loading resource: res://.godot/imported/composite_matte_orm.png-fa6105aeb9ad6c081e96d4440198cc68.s3tc.ctex. Make sure resources have been imported by opening the project in the editor at least once.
   at: _load (core/io/resource_loader.cpp:335)
ERROR: Failed loading resource: res://materials/textures/composite_matte_orm.png. Make sure resources have been imported by opening the project in the editor at least once.
   at: _load (core/io/resource_loader.cpp:335)
ERROR: res://materials/npc_cloth_trim__psi_black_panel.tres:17 - Parse Error: [ext_resource] referenced non-existent resource at: res://materials/textures/composite_matte_albedo.png.
   at: _printerr (scene/resources/resource_format_text.cpp:39)
ERROR: res://materials/npc_cloth_trim__psi_black_panel.tres:17 - Parse Error: [ext_resource] referenced non-existent resource at: res://materials/textures/composite_matte_albedo.png.
   at: _printerr (scene/resources/resource_format_text.cpp:39)
ERROR: Failed loading resource: res://materials/npc_cloth_trim__psi_black_panel.tres. Make sure resources have been imported by opening the project in the editor at least once.
   at: _load (core/io/resource_loader.cpp:335)
ERROR: Unable to open file: res://.godot/imported/cloth_weave_albedo.png-4e67a9aa361c0cbbadb395c54bcafaac.s3tc.ctex.
   at: _load_data (scene/resources/compressed_texture.cpp:41)
ERROR: Failed loading resource: res://.godot/imported/cloth_weave_albedo.png-4e67a9aa361c0cbbadb395c54bcafaac.s3tc.ctex. Make sure resources have been imported by opening the project in the editor at least once.
   at: _load (core/io/resource_loader.cpp:335)
ERROR: Failed loading resource: res://materials/textures/cloth_weave_albedo.png. Make sure resources have been imported by opening the project in the editor at least once.
   at: _load (core/io/resource_loader.cpp:335)
ERROR: Unable to open file: res://.godot/imported/cloth_weave_normal.png-99f5872fcd5758cdfbfe6a52cd58fb8d.s3tc.ctex.
   at: _load_data (scene/resources/compressed_texture.cpp:41)
ERROR: Failed loading resource: res://.godot/imported/cloth_weave_normal.png-99f5872fcd5758cdfbfe6a52cd58fb8d.s3tc.ctex. Make sure resources have been imported by opening the project in the editor at least once.
   at: _load (core/io/resource_loader.cpp:335)
ERROR: Failed loading resource: res://materials/textures/cloth_weave_normal.png. Make sure resources have been imported by opening the project in the editor at least once.
   at: _load (core/io/resource_loader.cpp:335)
ERROR: Unable to open file: res://.godot/imported/cloth_weave_orm.png-909887806547e6305d6001871d1b81f9.s3tc.ctex.
   at: _load_data (scene/resources/compressed_texture.cpp:41)
ERROR: Failed loading resource: res://.godot/imported/cloth_weave_orm.png-909887806547e6305d6001871d1b81f9.s3tc.ctex. Make sure resources have been imported by opening the project in the editor at least once.
   at: _load (core/io/resource_loader.cpp:335)
ERROR: Failed loading resource: res://materials/textures/cloth_weave_orm.png. Make sure resources have been imported by opening the project in the editor at least once.
   at: _load (core/io/resource_loader.cpp:335)
ERROR: res://materials/npc_cloth_trim__ranger_black.tres:17 - Parse Error: [ext_resource] referenced non-existent resource at: res://materials/textures/cloth_weave_albedo.png.
   at: _printerr (scene/resources/resource_format_text.cpp:39)
ERROR: res://materials/npc_cloth_trim__ranger_black.tres:17 - Parse Error: [ext_resource] referenced non-existent resource at: res://materials/textures/cloth_weave_albedo.png.
   at: _printerr (scene/resources/resource_format_text.cpp:39)
ERROR: Failed loading resource: res://materials/npc_cloth_trim__ranger_black.tres. Make sure resources have been imported by opening the project in the editor at least once.
   at: _load (core/io/resource_loader.cpp:335)
ERROR: Unable to open file: res://.godot/imported/composite_matte_albedo.png-31f7b654b2213e8aff6c6b47b8c508b5.s3tc.ctex.
   at: _load_data (scene/resources/compressed_texture.cpp:41)
ERROR: Failed loading resource: res://.godot/imported/composite_matte_albedo.png-31f7b654b2213e8aff6c6b47b8c508b5.s3tc.ctex. Make sure resources have been imported by opening the project in the editor at least once.
   at: _load (core/io/resource_loader.cpp:335)
ERROR: Failed loading resource: res://materials/textures/composite_matte_albedo.png. Make sure resources have been imported by opening the project in the editor at least once.
   at: _load (core/io/resource_loader.cpp:335)
ERROR: Unable to open file: res://.godot/imported/composite_matte_normal.png-73f36fc7d51238f03ee203339ee5592e.s3tc.ctex.
   at: _load_data (scene/resources/compressed_texture.cpp:41)
ERROR: Failed loading resource: res://.godot/imported/composite_matte_normal.png-73f36fc7d51238f03ee203339ee5592e.s3tc.ctex. Make sure resources have been imported by opening the project in the editor at least once.
   at: _load (core/io/resource_loader.cpp:335)
ERROR: Failed loading resource: res://materials/textures/composite_matte_normal.png. Make sure resources have been imported by opening the project in the editor at least once.
   at: _load (core/io/resource_loader.cpp:335)
ERROR: Unable to open file: res://.godot/imported/composite_matte_orm.png-fa6105aeb9ad6c081e96d4440198cc68.s3tc.ctex.
   at: _load_data (scene/resources/compressed_texture.cpp:41)
ERROR: Failed loading resource: res://.godot/imported/composite_matte_orm.png-fa6105aeb9ad6c081e96d4440198cc68.s3tc.ctex. Make sure resources have been imported by opening the project in the editor at least once.
   at: _load (core/io/resource_loader.cpp:335)
ERROR: Failed loading resource: res://materials/textures/composite_matte_orm.png. Make sure resources have been imported by opening the project in the editor at least once.
   at: _load (core/io/resource_loader.cpp:335)
ERROR: res://materials/npc_leather__civ_boot.tres:17 - Parse Error: [ext_resource] referenced non-existent resource at: res://materials/textures/composite_matte_albedo.png.
   at: _printerr (scene/resources/resource_format_text.cpp:39)
ERROR: res://materials/npc_leather__civ_boot.tres:17 - Parse Error: [ext_resource] referenced non-existent resource at: res://materials/textures/composite_matte_albedo.png.
   at: _printerr (scene/resources/resource_format_text.cpp:39)
ERROR: Failed loading resource: res://materials/npc_leather__civ_boot.tres. Make sure resources have been imported by opening the project in the editor at least once.
   at: _load (core/io/resource_loader.cpp:335)
ERROR: Unable to open file: res://.godot/imported/composite_matte_albedo.png-31f7b654b2213e8aff6c6b47b8c508b5.s3tc.ctex.
   at: _load_data (scene/resources/compressed_texture.cpp:41)
ERROR: Failed loading resource: res://.godot/imported/composite_matte_albedo.png-31f7b654b2213e8aff6c6b47b8c508b5.s3tc.ctex. Make sure resources have been imported by opening the project in the editor at least once.
   at: _load (core/io/resource_loader.cpp:335)
ERROR: Failed loading resource: res://materials/textures/composite_matte_albedo.png. Make sure resources have been imported by opening the project in the editor at least once.
   at: _load (core/io/resource_loader.cpp:335)
ERROR: Unable to open file: res://.godot/imported/composite_matte_normal.png-73f36fc7d51238f03ee203339ee5592e.s3tc.ctex.
   at: _load_data (scene/resources/compressed_texture.cpp:41)
ERROR: Failed loading resource: res://.godot/imported/composite_matte_normal.png-73f36fc7d51238f03ee203339ee5592e.s3tc.ctex. Make sure resources have been imported by opening the project in the editor at least once.
   at: _load (core/io/resource_loader.cpp:335)
ERROR: Failed loading resource: res://materials/textures/composite_matte_normal.png. Make sure resources have been imported by opening the project in the editor at least once.
   at: _load (core/io/resource_loader.cpp:335)
ERROR: Unable to open file: res://.godot/imported/composite_matte_orm.png-fa6105aeb9ad6c081e96d4440198cc68.s3tc.ctex.
   at: _load_data (scene/resources/compressed_texture.cpp:41)
ERROR: Failed loading resource: res://.godot/imported/composite_matte_orm.png-fa6105aeb9ad6c081e96d4440198cc68.s3tc.ctex. Make sure resources have been imported by opening the project in the editor at least once.
   at: _load (core/io/resource_loader.cpp:335)
ERROR: Failed loading resource: res://materials/textures/composite_matte_orm.png. Make sure resources have been imported by opening the project in the editor at least once.
   at: _load (core/io/resource_loader.cpp:335)
ERROR: res://materials/npc_leather__ef_black_leather.tres:17 - Parse Error: [ext_resource] referenced non-existent resource at: res://materials/textures/composite_matte_albedo.png.
   at: _printerr (scene/resources/resource_format_text.cpp:39)
ERROR: res://materials/npc_leather__ef_black_leather.tres:17 - Parse Error: [ext_resource] referenced non-existent resource at: res://materials/textures/composite_matte_albedo.png.
   at: _printerr (scene/resources/resource_format_text.cpp:39)
ERROR: Failed loading resource: res://materials/npc_leather__ef_black_leather.tres. Make sure resources have been imported by opening the project in the editor at least once.
   at: _load (core/io/resource_loader.cpp:335)
ERROR: Unable to open file: res://.godot/imported/composite_matte_albedo.png-31f7b654b2213e8aff6c6b47b8c508b5.s3tc.ctex.
   at: _load_data (scene/resources/compressed_texture.cpp:41)
ERROR: Failed loading resource: res://.godot/imported/composite_matte_albedo.png-31f7b654b2213e8aff6c6b47b8c508b5.s3tc.ctex. Make sure resources have been imported by opening the project in the editor at least once.
   at: _load (core/io/resource_loader.cpp:335)
ERROR: Failed loading resource: res://materials/textures/composite_matte_albedo.png. Make sure resources have been imported by opening the project in the editor at least once.
   at: _load (core/io/resource_loader.cpp:335)
ERROR: Unable to open file: res://.godot/imported/composite_matte_normal.png-73f36fc7d51238f03ee203339ee5592e.s3tc.ctex.
   at: _load_data (scene/resources/compressed_texture.cpp:41)
ERROR: Failed loading resource: res://.godot/imported/composite_matte_normal.png-73f36fc7d51238f03ee203339ee5592e.s3tc.ctex. Make sure resources have been imported by opening the project in the editor at least once.
   at: _load (core/io/resource_loader.cpp:335)
ERROR: Failed loading resource: res://materials/textures/composite_matte_normal.png. Make sure resources have been imported by opening the project in the editor at least once.
   at: _load (core/io/resource_loader.cpp:335)
ERROR: Unable to open file: res://.godot/imported/composite_matte_orm.png-fa6105aeb9ad6c081e96d4440198cc68.s3tc.ctex.
   at: _load_data (scene/resources/compressed_texture.cpp:41)
ERROR: Failed loading resource: res://.godot/imported/composite_matte_orm.png-fa6105aeb9ad6c081e96d4440198cc68.s3tc.ctex. Make sure resources have been imported by opening the project in the editor at least once.
   at: _load (core/io/resource_loader.cpp:335)
ERROR: Failed loading resource: res://materials/textures/composite_matte_orm.png. Make sure resources have been imported by opening the project in the editor at least once.
   at: _load (core/io/resource_loader.cpp:335)
ERROR: res://materials/npc_leather__ef_command_leather.tres:17 - Parse Error: [ext_resource] referenced non-existent resource at: res://materials/textures/composite_matte_albedo.png.
   at: _printerr (scene/resources/resource_format_text.cpp:39)
ERROR: res://materials/npc_leather__ef_command_leather.tres:17 - Parse Error: [ext_resource] referenced non-existent resource at: res://materials/textures/composite_matte_albedo.png.
   at: _printerr (scene/resources/resource_format_text.cpp:39)
ERROR: Failed loading resource: res://materials/npc_leather__ef_command_leather.tres. Make sure resources have been imported by opening the project in the editor at least once.
   at: _load (core/io/resource_loader.cpp:335)
ERROR: Unable to open file: res://.godot/imported/composite_matte_albedo.png-31f7b654b2213e8aff6c6b47b8c508b5.s3tc.ctex.
   at: _load_data (scene/resources/compressed_texture.cpp:41)
ERROR: Failed loading resource: res://.godot/imported/composite_matte_albedo.png-31f7b654b2213e8aff6c6b47b8c508b5.s3tc.ctex. Make sure resources have been imported by opening the project in the editor at least once.
   at: _load (core/io/resource_loader.cpp:335)
ERROR: Failed loading resource: res://materials/textures/composite_matte_albedo.png. Make sure resources have been imported by opening the project in the editor at least once.
   at: _load (core/io/resource_loader.cpp:335)
ERROR: Unable to open file: res://.godot/imported/composite_matte_normal.png-73f36fc7d51238f03ee203339ee5592e.s3tc.ctex.
   at: _load_data (scene/resources/compressed_texture.cpp:41)
ERROR: Failed loading resource: res://.godot/imported/composite_matte_normal.png-73f36fc7d51238f03ee203339ee5592e.s3tc.ctex. Make sure resources have been imported by opening the project in the editor at least once.
   at: _load (core/io/resource_loader.cpp:335)
ERROR: Failed loading resource: res://materials/textures/composite_matte_normal.png. Make sure resources have been imported by opening the project in the editor at least once.
   at: _load (core/io/resource_loader.cpp:335)
ERROR: Unable to open file: res://.godot/imported/composite_matte_orm.png-fa6105aeb9ad6c081e96d4440198cc68.s3tc.ctex.
   at: _load_data (scene/resources/compressed_texture.cpp:41)
ERROR: Failed loading resource: res://.godot/imported/composite_matte_orm.png-fa6105aeb9ad6c081e96d4440198cc68.s3tc.ctex. Make sure resources have been imported by opening the project in the editor at least once.
   at: _load (core/io/resource_loader.cpp:335)
ERROR: Failed loading resource: res://materials/textures/composite_matte_orm.png. Make sure resources have been imported by opening the project in the editor at least once.
   at: _load (core/io/resource_loader.cpp:335)
ERROR: res://materials/npc_leather__minbari_black.tres:17 - Parse Error: [ext_resource] referenced non-existent resource at: res://materials/textures/composite_matte_albedo.png.
   at: _printerr (scene/resources/resource_format_text.cpp:39)
ERROR: res://materials/npc_leather__minbari_black.tres:17 - Parse Error: [ext_resource] referenced non-existent resource at: res://materials/textures/composite_matte_albedo.png.
   at: _printerr (scene/resources/resource_format_text.cpp:39)
ERROR: Failed loading resource: res://materials/npc_leather__minbari_black.tres. Make sure resources have been imported by opening the project in the editor at least once.
   at: _load (core/io/resource_loader.cpp:335)
ERROR: Unable to open file: res://.godot/imported/composite_matte_albedo.png-31f7b654b2213e8aff6c6b47b8c508b5.s3tc.ctex.
   at: _load_data (scene/resources/compressed_texture.cpp:41)
ERROR: Failed loading resource: res://.godot/imported/composite_matte_albedo.png-31f7b654b2213e8aff6c6b47b8c508b5.s3tc.ctex. Make sure resources have been imported by opening the project in the editor at least once.
   at: _load (core/io/resource_loader.cpp:335)
ERROR: Failed loading resource: res://materials/textures/composite_matte_albedo.png. Make sure resources have been imported by opening the project in the editor at least once.
   at: _load (core/io/resource_loader.cpp:335)
ERROR: Unable to open file: res://.godot/imported/composite_matte_normal.png-73f36fc7d51238f03ee203339ee5592e.s3tc.ctex.
   at: _load_data (scene/resources/compressed_texture.cpp:41)
ERROR: Failed loading resource: res://.godot/imported/composite_matte_normal.png-73f36fc7d51238f03ee203339ee5592e.s3tc.ctex. Make sure resources have been imported by opening the project in the editor at least once.
   at: _load (core/io/resource_loader.cpp:335)
ERROR: Failed loading resource: res://materials/textures/composite_matte_normal.png. Make sure resources have been imported by opening the project in the editor at least once.
   at: _load (core/io/resource_loader.cpp:335)
ERROR: Unable to open file: res://.godot/imported/composite_matte_orm.png-fa6105aeb9ad6c081e96d4440198cc68.s3tc.ctex.
   at: _load_data (scene/resources/compressed_texture.cpp:41)
ERROR: Failed loading resource: res://.godot/imported/composite_matte_orm.png-fa6105aeb9ad6c081e96d4440198cc68.s3tc.ctex. Make sure resources have been imported by opening the project in the editor at least once.
   at: _load (core/io/resource_loader.cpp:335)
ERROR: Failed loading resource: res://materials/textures/composite_matte_orm.png. Make sure resources have been imported by opening the project in the editor at least once.
   at: _load (core/io/resource_loader.cpp:335)
ERROR: res://materials/npc_leather__narn_apron.tres:17 - Parse Error: [ext_resource] referenced non-existent resource at: res://materials/textures/composite_matte_albedo.png.
   at: _printerr (scene/resources/resource_format_text.cpp:39)
ERROR: res://materials/npc_leather__narn_apron.tres:17 - Parse Error: [ext_resource] referenced non-existent resource at: res://materials/textures/composite_matte_albedo.png.
   at: _printerr (scene/resources/resource_format_text.cpp:39)
ERROR: Failed loading resource: res://materials/npc_leather__narn_apron.tres. Make sure resources have been imported by opening the project in the editor at least once.
   at: _load (core/io/resource_loader.cpp:335)
ERROR: Unable to open file: res://.godot/imported/composite_matte_albedo.png-31f7b654b2213e8aff6c6b47b8c508b5.s3tc.ctex.
   at: _load_data (scene/resources/compressed_texture.cpp:41)
ERROR: Failed loading resource: res://.godot/imported/composite_matte_albedo.png-31f7b654b2213e8aff6c6b47b8c508b5.s3tc.ctex. Make sure resources have been imported by opening the project in the editor at least once.
   at: _load (core/io/resource_loader.cpp:335)
ERROR: Failed loading resource: res://materials/textures/composite_matte_albedo.png. Make sure resources have been imported by opening the project in the editor at least once.
   at: _load (core/io/resource_loader.cpp:335)
ERROR: Unable to open file: res://.godot/imported/composite_matte_normal.png-73f36fc7d51238f03ee203339ee5592e.s3tc.ctex.
   at: _load_data (scene/resources/compressed_texture.cpp:41)
ERROR: Failed loading resource: res://.godot/imported/composite_matte_normal.png-73f36fc7d51238f03ee203339ee5592e.s3tc.ctex. Make sure resources have been imported by opening the project in the editor at least once.
   at: _load (core/io/resource_loader.cpp:335)
ERROR: Failed loading resource: res://materials/textures/composite_matte_normal.png. Make sure resources have been imported by opening the project in the editor at least once.
   at: _load (core/io/resource_loader.cpp:335)
ERROR: Unable to open file: res://.godot/imported/composite_matte_orm.png-fa6105aeb9ad6c081e96d4440198cc68.s3tc.ctex.
   at: _load_data (scene/resources/compressed_texture.cpp:41)
ERROR: Failed loading resource: res://.godot/imported/composite_matte_orm.png-fa6105aeb9ad6c081e96d4440198cc68.s3tc.ctex. Make sure resources have been imported by opening the project in the editor at least once.
   at: _load (core/io/resource_loader.cpp:335)
ERROR: Failed loading resource: res://materials/textures/composite_matte_orm.png. Make sure resources have been imported by opening the project in the editor at least once.
   at: _load (core/io/resource_loader.cpp:335)
ERROR: res://materials/npc_leather__psi_black_panel.tres:17 - Parse Error: [ext_resource] referenced non-existent resource at: res://materials/textures/composite_matte_albedo.png.
   at: _printerr (scene/resources/resource_format_text.cpp:39)
ERROR: res://materials/npc_leather__psi_black_panel.tres:17 - Parse Error: [ext_resource] referenced non-existent resource at: res://materials/textures/composite_matte_albedo.png.
   at: _printerr (scene/resources/resource_format_text.cpp:39)
ERROR: Failed loading resource: res://materials/npc_leather__psi_black_panel.tres. Make sure resources have been imported by opening the project in the editor at least once.
   at: _load (core/io/resource_loader.cpp:335)
ERROR: Unable to open file: res://.godot/imported/composite_matte_albedo.png-31f7b654b2213e8aff6c6b47b8c508b5.s3tc.ctex.
   at: _load_data (scene/resources/compressed_texture.cpp:41)
ERROR: Failed loading resource: res://.godot/imported/composite_matte_albedo.png-31f7b654b2213e8aff6c6b47b8c508b5.s3tc.ctex. Make sure resources have been imported by opening the project in the editor at least once.
   at: _load (core/io/resource_loader.cpp:335)
ERROR: Failed loading resource: res://materials/textures/composite_matte_albedo.png. Make sure resources have been imported by opening the project in the editor at least once.
   at: _load (core/io/resource_loader.cpp:335)
ERROR: Unable to open file: res://.godot/imported/composite_matte_normal.png-73f36fc7d51238f03ee203339ee5592e.s3tc.ctex.
   at: _load_data (scene/resources/compressed_texture.cpp:41)
ERROR: Failed loading resource: res://.godot/imported/composite_matte_normal.png-73f36fc7d51238f03ee203339ee5592e.s3tc.ctex. Make sure resources have been imported by opening the project in the editor at least once.
   at: _load (core/io/resource_loader.cpp:335)
ERROR: Failed loading resource: res://materials/textures/composite_matte_normal.png. Make sure resources have been imported by opening the project in the editor at least once.
   at: _load (core/io/resource_loader.cpp:335)
ERROR: Unable to open file: res://.godot/imported/composite_matte_orm.png-fa6105aeb9ad6c081e96d4440198cc68.s3tc.ctex.
   at: _load_data (scene/resources/compressed_texture.cpp:41)
ERROR: Failed loading resource: res://.godot/imported/composite_matte_orm.png-fa6105aeb9ad6c081e96d4440198cc68.s3tc.ctex. Make sure resources have been imported by opening the project in the editor at least once.
   at: _load (core/io/resource_loader.cpp:335)
ERROR: Failed loading resource: res://materials/textures/composite_matte_orm.png. Make sure resources have been imported by opening the project in the editor at least once.
   at: _load (core/io/resource_loader.cpp:335)
ERROR: res://materials/npc_leather__ranger_black.tres:17 - Parse Error: [ext_resource] referenced non-existent resource at: res://materials/textures/composite_matte_albedo.png.
   at: _printerr (scene/resources/resource_format_text.cpp:39)
ERROR: res://materials/npc_leather__ranger_black.tres:17 - Parse Error: [ext_resource] referenced non-existent resource at: res://materials/textures/composite_matte_albedo.png.
   at: _printerr (scene/resources/resource_format_text.cpp:39)
ERROR: Failed loading resource: res://materials/npc_leather__ranger_black.tres. Make sure resources have been imported by opening the project in the editor at least once.
   at: _load (core/io/resource_loader.cpp:335)
ERROR: Unable to open file: res://.godot/imported/metal_grain_albedo.png-2f86e4a72894d47fe42d0bb15318f74f.s3tc.ctex.
   at: _load_data (scene/resources/compressed_texture.cpp:41)
ERROR: Failed loading resource: res://.godot/imported/metal_grain_albedo.png-2f86e4a72894d47fe42d0bb15318f74f.s3tc.ctex. Make sure resources have been imported by opening the project in the editor at least once.
   at: _load (core/io/resource_loader.cpp:335)
ERROR: Failed loading resource: res://materials/textures/metal_grain_albedo.png. Make sure resources have been imported by opening the project in the editor at least once.
   at: _load (core/io/resource_loader.cpp:335)
ERROR: Unable to open file: res://.godot/imported/metal_grain_normal.png-59977962636d1ed3c49443a01e747690.s3tc.ctex.
   at: _load_data (scene/resources/compressed_texture.cpp:41)
ERROR: Failed loading resource: res://.godot/imported/metal_grain_normal.png-59977962636d1ed3c49443a01e747690.s3tc.ctex. Make sure resources have been imported by opening the project in the editor at least once.
   at: _load (core/io/resource_loader.cpp:335)
ERROR: Failed loading resource: res://materials/textures/metal_grain_normal.png. Make sure resources have been imported by opening the project in the editor at least once.
   at: _load (core/io/resource_loader.cpp:335)
ERROR: Unable to open file: res://.godot/imported/metal_grain_orm.png-5794fd69453028a83dd178ad8dea0aa8.s3tc.ctex.
   at: _load_data (scene/resources/compressed_texture.cpp:41)
ERROR: Failed loading resource: res://.godot/imported/metal_grain_orm.png-5794fd69453028a83dd178ad8dea0aa8.s3tc.ctex. Make sure resources have been imported by opening the project in the editor at least once.
   at: _load (core/io/resource_loader.cpp:335)
ERROR: Failed loading resource: res://materials/textures/metal_grain_orm.png. Make sure resources have been imported by opening the project in the editor at least once.
   at: _load (core/io/resource_loader.cpp:335)
ERROR: res://materials/npc_metal__ef_gold.tres:17 - Parse Error: [ext_resource] referenced non-existent resource at: res://materials/textures/metal_grain_albedo.png.
   at: _printerr (scene/resources/resource_format_text.cpp:39)
ERROR: res://materials/npc_metal__ef_gold.tres:17 - Parse Error: [ext_resource] referenced non-existent resource at: res://materials/textures/metal_grain_albedo.png.
   at: _printerr (scene/resources/resource_format_text.cpp:39)
ERROR: Failed loading resource: res://materials/npc_metal__ef_gold.tres. Make sure resources have been imported by opening the project in the editor at least once.
   at: _load (core/io/resource_loader.cpp:335)
ERROR: Unable to open file: res://.godot/imported/metal_grain_albedo.png-2f86e4a72894d47fe42d0bb15318f74f.s3tc.ctex.
   at: _load_data (scene/resources/compressed_texture.cpp:41)
ERROR: Failed loading resource: res://.godot/imported/metal_grain_albedo.png-2f86e4a72894d47fe42d0bb15318f74f.s3tc.ctex. Make sure resources have been imported by opening the project in the editor at least once.
   at: _load (core/io/resource_loader.cpp:335)
ERROR: Failed loading resource: res://materials/textures/metal_grain_albedo.png. Make sure resources have been imported by opening the project in the editor at least once.
   at: _load (core/io/resource_loader.cpp:335)
ERROR: Unable to open file: res://.godot/imported/metal_grain_normal.png-59977962636d1ed3c49443a01e747690.s3tc.ctex.
   at: _load_data (scene/resources/compressed_texture.cpp:41)
ERROR: Failed loading resource: res://.godot/imported/metal_grain_normal.png-59977962636d1ed3c49443a01e747690.s3tc.ctex. Make sure resources have been imported by opening the project in the editor at least once.
   at: _load (core/io/resource_loader.cpp:335)
ERROR: Failed loading resource: res://materials/textures/metal_grain_normal.png. Make sure resources have been imported by opening the project in the editor at least once.
   at: _load (core/io/resource_loader.cpp:335)
ERROR: Unable to open file: res://.godot/imported/metal_grain_orm.png-5794fd69453028a83dd178ad8dea0aa8.s3tc.ctex.
   at: _load_data (scene/resources/compressed_texture.cpp:41)
ERROR: Failed loading resource: res://.godot/imported/metal_grain_orm.png-5794fd69453028a83dd178ad8dea0aa8.s3tc.ctex. Make sure resources have been imported by opening the project in the editor at least once.
   at: _load (core/io/resource_loader.cpp:335)
ERROR: Failed loading resource: res://materials/textures/metal_grain_orm.png. Make sure resources have been imported by opening the project in the editor at least once.
   at: _load (core/io/resource_loader.cpp:335)
ERROR: res://materials/npc_metal__league_cord.tres:17 - Parse Error: [ext_resource] referenced non-existent resource at: res://materials/textures/metal_grain_albedo.png.
   at: _printerr (scene/resources/resource_format_text.cpp:39)
ERROR: res://materials/npc_metal__league_cord.tres:17 - Parse Error: [ext_resource] referenced non-existent resource at: res://materials/textures/metal_grain_albedo.png.
   at: _printerr (scene/resources/resource_format_text.cpp:39)
ERROR: Failed loading resource: res://materials/npc_metal__league_cord.tres. Make sure resources have been imported by opening the project in the editor at least once.
   at: _load (core/io/resource_loader.cpp:335)
ERROR: Unable to open file: res://.godot/imported/metal_grain_albedo.png-2f86e4a72894d47fe42d0bb15318f74f.s3tc.ctex.
   at: _load_data (scene/resources/compressed_texture.cpp:41)
ERROR: Failed loading resource: res://.godot/imported/metal_grain_albedo.png-2f86e4a72894d47fe42d0bb15318f74f.s3tc.ctex. Make sure resources have been imported by opening the project in the editor at least once.
   at: _load (core/io/resource_loader.cpp:335)
ERROR: Failed loading resource: res://materials/textures/metal_grain_albedo.png. Make sure resources have been imported by opening the project in the editor at least once.
   at: _load (core/io/resource_loader.cpp:335)
ERROR: Unable to open file: res://.godot/imported/metal_grain_normal.png-59977962636d1ed3c49443a01e747690.s3tc.ctex.
   at: _load_data (scene/resources/compressed_texture.cpp:41)
ERROR: Failed loading resource: res://.godot/imported/metal_grain_normal.png-59977962636d1ed3c49443a01e747690.s3tc.ctex. Make sure resources have been imported by opening the project in the editor at least once.
   at: _load (core/io/resource_loader.cpp:335)
ERROR: Failed loading resource: res://materials/textures/metal_grain_normal.png. Make sure resources have been imported by opening the project in the editor at least once.
   at: _load (core/io/resource_loader.cpp:335)
ERROR: Unable to open file: res://.godot/imported/metal_grain_orm.png-5794fd69453028a83dd178ad8dea0aa8.s3tc.ctex.
   at: _load_data (scene/resources/compressed_texture.cpp:41)
ERROR: Failed loading resource: res://.godot/imported/metal_grain_orm.png-5794fd69453028a83dd178ad8dea0aa8.s3tc.ctex. Make sure resources have been imported by opening the project in the editor at least once.
   at: _load (core/io/resource_loader.cpp:335)
ERROR: Failed loading resource: res://materials/textures/metal_grain_orm.png. Make sure resources have been imported by opening the project in the editor at least once.
   at: _load (core/io/resource_loader.cpp:335)
ERROR: res://materials/npc_metal__narn_yoke.tres:17 - Parse Error: [ext_resource] referenced non-existent resource at: res://materials/textures/metal_grain_albedo.png.
   at: _printerr (scene/resources/resource_format_text.cpp:39)
ERROR: res://materials/npc_metal__narn_yoke.tres:17 - Parse Error: [ext_resource] referenced non-existent resource at: res://materials/textures/metal_grain_albedo.png.
   at: _printerr (scene/resources/resource_format_text.cpp:39)
ERROR: Failed loading resource: res://materials/npc_metal__narn_yoke.tres. Make sure resources have been imported by opening the project in the editor at least once.
   at: _load (core/io/resource_loader.cpp:335)
ERROR: Unable to open file: res://.godot/imported/metal_grain_albedo.png-2f86e4a72894d47fe42d0bb15318f74f.s3tc.ctex.
   at: _load_data (scene/resources/compressed_texture.cpp:41)
ERROR: Failed loading resource: res://.godot/imported/metal_grain_albedo.png-2f86e4a72894d47fe42d0bb15318f74f.s3tc.ctex. Make sure resources have been imported by opening the project in the editor at least once.
   at: _load (core/io/resource_loader.cpp:335)
ERROR: Failed loading resource: res://materials/textures/metal_grain_albedo.png. Make sure resources have been imported by opening the project in the editor at least once.
   at: _load (core/io/resource_loader.cpp:335)
ERROR: Unable to open file: res://.godot/imported/metal_grain_normal.png-59977962636d1ed3c49443a01e747690.s3tc.ctex.
   at: _load_data (scene/resources/compressed_texture.cpp:41)
ERROR: Failed loading resource: res://.godot/imported/metal_grain_normal.png-59977962636d1ed3c49443a01e747690.s3tc.ctex. Make sure resources have been imported by opening the project in the editor at least once.
   at: _load (core/io/resource_loader.cpp:335)
ERROR: Failed loading resource: res://materials/textures/metal_grain_normal.png. Make sure resources have been imported by opening the project in the editor at least once.
   at: _load (core/io/resource_loader.cpp:335)
ERROR: Unable to open file: res://.godot/imported/metal_grain_orm.png-5794fd69453028a83dd178ad8dea0aa8.s3tc.ctex.
   at: _load_data (scene/resources/compressed_texture.cpp:41)
ERROR: Failed loading resource: res://.godot/imported/metal_grain_orm.png-5794fd69453028a83dd178ad8dea0aa8.s3tc.ctex. Make sure resources have been imported by opening the project in the editor at least once.
   at: _load (core/io/resource_loader.cpp:335)
ERROR: Failed loading resource: res://materials/textures/metal_grain_orm.png. Make sure resources have been imported by opening the project in the editor at least once.
   at: _load (core/io/resource_loader.cpp:335)
ERROR: res://materials/npc_metal__psi_chrome.tres:17 - Parse Error: [ext_resource] referenced non-existent resource at: res://materials/textures/metal_grain_albedo.png.
   at: _printerr (scene/resources/resource_format_text.cpp:39)
ERROR: res://materials/npc_metal__psi_chrome.tres:17 - Parse Error: [ext_resource] referenced non-existent resource at: res://materials/textures/metal_grain_albedo.png.
   at: _printerr (scene/resources/resource_format_text.cpp:39)
ERROR: Failed loading resource: res://materials/npc_metal__psi_chrome.tres. Make sure resources have been imported by opening the project in the editor at least once.
   at: _load (core/io/resource_loader.cpp:335)
ERROR: Unable to open file: res://.godot/imported/metal_grain_albedo.png-2f86e4a72894d47fe42d0bb15318f74f.s3tc.ctex.
   at: _load_data (scene/resources/compressed_texture.cpp:41)
ERROR: Failed loading resource: res://.godot/imported/metal_grain_albedo.png-2f86e4a72894d47fe42d0bb15318f74f.s3tc.ctex. Make sure resources have been imported by opening the project in the editor at least once.
   at: _load (core/io/resource_loader.cpp:335)
ERROR: Failed loading resource: res://materials/textures/metal_grain_albedo.png. Make sure resources have been imported by opening the project in the editor at least once.
   at: _load (core/io/resource_loader.cpp:335)
ERROR: Unable to open file: res://.godot/imported/metal_grain_normal.png-59977962636d1ed3c49443a01e747690.s3tc.ctex.
   at: _load_data (scene/resources/compressed_texture.cpp:41)
ERROR: Failed loading resource: res://.godot/imported/metal_grain_normal.png-59977962636d1ed3c49443a01e747690.s3tc.ctex. Make sure resources have been imported by opening the project in the editor at least once.
   at: _load (core/io/resource_loader.cpp:335)
ERROR: Failed loading resource: res://materials/textures/metal_grain_normal.png. Make sure resources have been imported by opening the project in the editor at least once.
   at: _load (core/io/resource_loader.cpp:335)
ERROR: Unable to open file: res://.godot/imported/metal_grain_orm.png-5794fd69453028a83dd178ad8dea0aa8.s3tc.ctex.
   at: _load_data (scene/resources/compressed_texture.cpp:41)
ERROR: Failed loading resource: res://.godot/imported/metal_grain_orm.png-5794fd69453028a83dd178ad8dea0aa8.s3tc.ctex. Make sure resources have been imported by opening the project in the editor at least once.
   at: _load (core/io/resource_loader.cpp:335)
ERROR: Failed loading resource: res://materials/textures/metal_grain_orm.png. Make sure resources have been imported by opening the project in the editor at least once.
   at: _load (core/io/resource_loader.cpp:335)
ERROR: res://materials/npc_metal__ranger_gold.tres:17 - Parse Error: [ext_resource] referenced non-existent resource at: res://materials/textures/metal_grain_albedo.png.
   at: _printerr (scene/resources/resource_format_text.cpp:39)
ERROR: res://materials/npc_metal__ranger_gold.tres:17 - Parse Error: [ext_resource] referenced non-existent resource at: res://materials/textures/metal_grain_albedo.png.
   at: _printerr (scene/resources/resource_format_text.cpp:39)
ERROR: Failed loading resource: res://materials/npc_metal__ranger_gold.tres. Make sure resources have been imported by opening the project in the editor at least once.
   at: _load (core/io/resource_loader.cpp:335)
ERROR: Unable to open file: res://.godot/imported/cloth_weave_albedo.png-4e67a9aa361c0cbbadb395c54bcafaac.s3tc.ctex.
   at: _load_data (scene/resources/compressed_texture.cpp:41)
ERROR: Failed loading resource: res://.godot/imported/cloth_weave_albedo.png-4e67a9aa361c0cbbadb395c54bcafaac.s3tc.ctex. Make sure resources have been imported by opening the project in the editor at least once.
   at: _load (core/io/resource_loader.cpp:335)
ERROR: Failed loading resource: res://materials/textures/cloth_weave_albedo.png. Make sure resources have been imported by opening the project in the editor at least once.
   at: _load (core/io/resource_loader.cpp:335)
ERROR: Unable to open file: res://.godot/imported/cloth_weave_normal.png-99f5872fcd5758cdfbfe6a52cd58fb8d.s3tc.ctex.
   at: _load_data (scene/resources/compressed_texture.cpp:41)
ERROR: Failed loading resource: res://.godot/imported/cloth_weave_normal.png-99f5872fcd5758cdfbfe6a52cd58fb8d.s3tc.ctex. Make sure resources have been imported by opening the project in the editor at least once.
   at: _load (core/io/resource_loader.cpp:335)
ERROR: Failed loading resource: res://materials/textures/cloth_weave_normal.png. Make sure resources have been imported by opening the project in the editor at least once.
   at: _load (core/io/resource_loader.cpp:335)
ERROR: Unable to open file: res://.godot/imported/cloth_weave_orm.png-909887806547e6305d6001871d1b81f9.s3tc.ctex.
   at: _load_data (scene/resources/compressed_texture.cpp:41)
ERROR: Failed loading resource: res://.godot/imported/cloth_weave_orm.png-909887806547e6305d6001871d1b81f9.s3tc.ctex. Make sure resources have been imported by opening the project in the editor at least once.
   at: _load (core/io/resource_loader.cpp:335)
ERROR: Failed loading resource: res://materials/textures/cloth_weave_orm.png. Make sure resources have been imported by opening the project in the editor at least once.
   at: _load (core/io/resource_loader.cpp:335)
ERROR: res://materials/npc_cloth_trim__nightwatch_black.tres:17 - Parse Error: [ext_resource] referenced non-existent resource at: res://materials/textures/cloth_weave_albedo.png.
   at: _printerr (scene/resources/resource_format_text.cpp:39)
ERROR: res://materials/npc_cloth_trim__nightwatch_black.tres:17 - Parse Error: [ext_resource] referenced non-existent resource at: res://materials/textures/cloth_weave_albedo.png.
   at: _printerr (scene/resources/resource_format_text.cpp:39)
ERROR: Failed loading resource: res://materials/npc_cloth_trim__nightwatch_black.tres. Make sure resources have been imported by opening the project in the editor at least once.
   at: _load (core/io/resource_loader.cpp:335)
ERROR: res://scenes/interior.tscn:322 - Parse Error: [ext_resource] referenced non-existent resource at: res://materials/accent_warning.tres.
   at: _printerr (scene/resources/resource_format_text.cpp:39)
ERROR: res://scenes/interior.tscn:323 - Parse Error: [ext_resource] referenced non-existent resource at: res://materials/grab_rail_bare.tres.
   at: _printerr (scene/resources/resource_format_text.cpp:39)
ERROR: res://scenes/interior.tscn:325 - Parse Error: [ext_resource] referenced non-existent resource at: res://materials/plant_valve_metal.tres.
   at: _printerr (scene/resources/resource_format_text.cpp:39)
ERROR: res://scenes/interior.tscn:326 - Parse Error: [ext_resource] referenced non-existent resource at: res://materials/shell_wall_panel.tres.
   at: _printerr (scene/resources/resource_format_text.cpp:39)
ERROR: res://scenes/interior.tscn:327 - Parse Error: [ext_resource] referenced non-existent resource at: res://materials/shell_wall_panel.tres.
   at: _printerr (scene/resources/resource_format_text.cpp:39)
ERROR: res://scenes/interior.tscn:328 - Parse Error: [ext_resource] referenced non-existent resource at: res://materials/kit_deck.tres.
   at: _printerr (scene/resources/resource_format_text.cpp:39)
ERROR: res://scenes/interior.tscn:330 - Parse Error: [ext_resource] referenced non-existent resource at: res://materials/shell_wall_panel.tres.
   at: _printerr (scene/resources/resource_format_text.cpp:39)
ERROR: res://scenes/interior.tscn:331 - Parse Error: [ext_resource] referenced non-existent resource at: res://materials/shell_wall_panel.tres.
   at: _printerr (scene/resources/resource_format_text.cpp:39)
ERROR: res://scenes/interior.tscn:333 - Parse Error: [ext_resource] referenced non-existent resource at: res://materials/shell_wall_panel.tres.
   at: _printerr (scene/resources/resource_format_text.cpp:39)
ERROR: res://scenes/interior.tscn:335 - Parse Error: [ext_resource] referenced non-existent resource at: res://materials/shell_wall_industrial.tres.
   at: _printerr (scene/resources/resource_format_text.cpp:39)
ERROR: res://scenes/interior.tscn:336 - Parse Error: [ext_resource] referenced non-existent resource at: res://materials/device_reader_shell.tres.
   at: _printerr (scene/resources/resource_format_text.cpp:39)
ERROR: res://scenes/interior.tscn:337 - Parse Error: [ext_resource] referenced non-existent resource at: res://materials/shell_rib_painted.tres.
   at: _printerr (scene/resources/resource_format_text.cpp:39)
ERROR: res://scenes/interior.tscn:338 - Parse Error: [ext_resource] referenced non-existent resource at: res://materials/shell_wall_panel.tres.
   at: _printerr (scene/resources/resource_format_text.cpp:39)
ERROR: res://scenes/interior.tscn:339 - Parse Error: [ext_resource] referenced non-existent resource at: res://materials/kit_pilaster.tres.
   at: _printerr (scene/resources/resource_format_text.cpp:39)
ERROR: res://scenes/interior.tscn:340 - Parse Error: [ext_resource] referenced non-existent resource at: res://materials/kit_pilaster.tres.
   at: _printerr (scene/resources/resource_format_text.cpp:39)
ERROR: res://scenes/interior.tscn:341 - Parse Error: [ext_resource] referenced non-existent resource at: res://materials/kit_pilaster.tres.
   at: _printerr (scene/resources/resource_format_text.cpp:39)
ERROR: res://scenes/interior.tscn:342 - Parse Error: [ext_resource] referenced non-existent resource at: res://materials/kit_pilaster.tres.
   at: _printerr (scene/resources/resource_format_text.cpp:39)
ERROR: res://scenes/interior.tscn:343 - Parse Error: [ext_resource] referenced non-existent resource at: res://materials/shell_wall_panel.tres.
   at: _printerr (scene/resources/resource_format_text.cpp:39)
ERROR: res://scenes/interior.tscn:344 - Parse Error: [ext_resource] referenced non-existent resource at: res://materials/shell_wall_panel.tres.
   at: _printerr (scene/resources/resource_format_text.cpp:39)
ERROR: res://scenes/interior.tscn:345 - Parse Error: [ext_resource] referenced non-existent resource at: res://materials/kit_pilaster.tres.
   at: _printerr (scene/resources/resource_format_text.cpp:39)
ERROR: res://scenes/interior.tscn:346 - Parse Error: [ext_resource] referenced non-existent resource at: res://materials/shell_wall_panel.tres.
   at: _printerr (scene/resources/resource_format_text.cpp:39)
ERROR: res://scenes/interior.tscn:349 - Parse Error: [ext_resource] referenced non-existent resource at: res://materials/kit_pilaster.tres.
   at: _printerr (scene/resources/resource_format_text.cpp:39)
ERROR: res://scenes/interior.tscn:350 - Parse Error: [ext_resource] referenced non-existent resource at: res://materials/shell_wall_panel.tres.
   at: _printerr (scene/resources/resource_format_text.cpp:39)
ERROR: res://scenes/interior.tscn:351 - Parse Error: [ext_resource] referenced non-existent resource at: res://materials/steel_gantry_oxide.tres.
   at: _printerr (scene/resources/resource_format_text.cpp:39)
ERROR: res://scenes/interior.tscn:352 - Parse Error: [ext_resource] referenced non-existent resource at: res://materials/furn_casework.tres.
   at: _printerr (scene/resources/resource_format_text.cpp:39)
ERROR: res://scenes/interior.tscn:353 - Parse Error: [ext_resource] referenced non-existent resource at: res://materials/furn_upholstery.tres.
   at: _printerr (scene/resources/resource_format_text.cpp:39)
ERROR: res://scenes/interior.tscn:354 - Parse Error: [ext_resource] referenced non-existent resource at: res://materials/furn_upholstery.tres.
   at: _printerr (scene/resources/resource_format_text.cpp:39)
ERROR: res://scenes/interior.tscn:355 - Parse Error: [ext_resource] referenced non-existent resource at: res://materials/furn_upholstery.tres.
   at: _printerr (scene/resources/resource_format_text.cpp:39)
ERROR: res://scenes/interior.tscn:356 - Parse Error: [ext_resource] referenced non-existent resource at: res://materials/bar_cell_matrix.tres.
   at: _printerr (scene/resources/resource_format_text.cpp:39)
ERROR: res://scenes/interior.tscn:357 - Parse Error: [ext_resource] referenced non-existent resource at: res://materials/plant_valve_metal.tres.
   at: _printerr (scene/resources/resource_format_text.cpp:39)
ERROR: res://scenes/interior.tscn:358 - Parse Error: [ext_resource] referenced non-existent resource at: res://materials/shell_wall_panel.tres.
   at: _printerr (scene/resources/resource_format_text.cpp:39)
ERROR: res://scenes/interior.tscn:359 - Parse Error: [ext_resource] referenced non-existent resource at: res://materials/shell_wall_panel.tres.
   at: _printerr (scene/resources/resource_format_text.cpp:39)
ERROR: res://scenes/interior.tscn:360 - Parse Error: [ext_resource] referenced non-existent resource at: res://materials/bar_dartboard.tres.
   at: _printerr (scene/resources/resource_format_text.cpp:39)
ERROR: res://scenes/interior.tscn:361 - Parse Error: [ext_resource] referenced non-existent resource at: res://materials/shell_deck_public.tres.
   at: _printerr (scene/resources/resource_format_text.cpp:39)
ERROR: res://scenes/interior.tscn:362 - Parse Error: [ext_resource] referenced non-existent resource at: res://materials/shell_deck_public.tres.
   at: _printerr (scene/resources/resource_format_text.cpp:39)
ERROR: res://scenes/interior.tscn:364 - Parse Error: [ext_resource] referenced non-existent resource at: res://materials/grab_rail_bare.tres.
   at: _printerr (scene/resources/resource_format_text.cpp:39)
ERROR: res://scenes/interior.tscn:365 - Parse Error: [ext_resource] referenced non-existent resource at: res://materials/shell_rib_painted.tres.
   at: _printerr (scene/resources/resource_format_text.cpp:39)
ERROR: res://scenes/interior.tscn:366 - Parse Error: [ext_resource] referenced non-existent resource at: res://materials/furn_shop_steel.tres.
   at: _printerr (scene/resources/resource_format_text.cpp:39)
ERROR: res://scenes/interior.tscn:369 - Parse Error: [ext_resource] referenced non-existent resource at: res://materials/shell_wall_panel.tres.
   at: _printerr (scene/resources/resource_format_text.cpp:39)
ERROR: res://scenes/interior.tscn:371 - Parse Error: [ext_resource] referenced non-existent resource at: res://materials/bar_pendant_shade.tres.
   at: _printerr (scene/resources/resource_format_text.cpp:39)
ERROR: res://scenes/interior.tscn:372 - Parse Error: [ext_resource] referenced non-existent resource at: res://materials/bar_pendant_stem.tres.
   at: _printerr (scene/resources/resource_format_text.cpp:39)
ERROR: res://scenes/interior.tscn:373 - Parse Error: [ext_resource] referenced non-existent resource at: res://materials/shell_wall_panel.tres.
   at: _printerr (scene/resources/resource_format_text.cpp:39)
ERROR: res://scenes/interior.tscn:374 - Parse Error: [ext_resource] referenced non-existent resource at: res://materials/furn_casework.tres.
   at: _printerr (scene/resources/resource_format_text.cpp:39)
ERROR: res://scenes/interior.tscn:375 - Parse Error: [ext_resource] referenced non-existent resource at: res://materials/furn_shop_steel.tres.
   at: _printerr (scene/resources/resource_format_text.cpp:39)
ERROR: res://scenes/interior.tscn:376 - Parse Error: [ext_resource] referenced non-existent resource at: res://materials/furn_shop_steel.tres.
   at: _printerr (scene/resources/resource_format_text.cpp:39)
ERROR: res://scenes/interior.tscn:377 - Parse Error: [ext_resource] referenced non-existent resource at: res://materials/shell_wall_panel.tres.
   at: _printerr (scene/resources/resource_format_text.cpp:39)
ERROR: res://scenes/interior.tscn:378 - Parse Error: [ext_resource] referenced non-existent resource at: res://materials/furn_upholstery.tres.
   at: _printerr (scene/resources/resource_format_text.cpp:39)
ERROR: res://scenes/interior.tscn:379 - Parse Error: [ext_resource] referenced non-existent resource at: res://materials/furn_casework.tres.
   at: _printerr (scene/resources/resource_format_text.cpp:39)
ERROR: res://scenes/interior.tscn:380 - Parse Error: [ext_resource] referenced non-existent resource at: res://materials/furn_shop_steel.tres.
   at: _printerr (scene/resources/resource_format_text.cpp:39)
ERROR: res://scenes/interior.tscn:381 - Parse Error: [ext_resource] referenced non-existent resource at: res://materials/shell_wall_panel.tres.
   at: _printerr (scene/resources/resource_format_text.cpp:39)
ERROR: res://scenes/interior.tscn:382 - Parse Error: [ext_resource] referenced non-existent resource at: res://materials/shell_wall_industrial.tres.
   at: _printerr (scene/resources/resource_format_text.cpp:39)
ERROR: res://scenes/interior.tscn:383 - Parse Error: [ext_resource] referenced non-existent resource at: res://materials/shell_wall_industrial.tres.
   at: _printerr (scene/resources/resource_format_text.cpp:39)
ERROR: res://scenes/interior.tscn:384 - Parse Error: [ext_resource] referenced non-existent resource at: res://materials/edge_chevron_nosing.tres.
   at: _printerr (scene/resources/resource_format_text.cpp:39)
ERROR: res://scenes/interior.tscn:385 - Parse Error: [ext_resource] referenced non-existent resource at: res://materials/shell_wall_panel.tres.
   at: _printerr (scene/resources/resource_format_text.cpp:39)
ERROR: res://scenes/interior.tscn:386 - Parse Error: [ext_resource] referenced non-existent resource at: res://materials/shell_wall_panel.tres.
   at: _printerr (scene/resources/resource_format_text.cpp:39)
ERROR: res://scenes/interior.tscn:387 - Parse Error: [ext_resource] referenced non-existent resource at: res://materials/shell_deck_industrial.tres.
   at: _printerr (scene/resources/resource_format_text.cpp:39)
ERROR: res://scenes/interior.tscn:388 - Parse Error: [ext_resource] referenced non-existent resource at: res://materials/bay_deck_marking.tres.
   at: _printerr (scene/resources/resource_format_text.cpp:39)
ERROR: res://scenes/interior.tscn:389 - Parse Error: [ext_resource] referenced non-existent resource at: res://materials/bay_deck_emblem.tres.
   at: _printerr (scene/resources/resource_format_text.cpp:39)
ERROR: res://scenes/interior.tscn:390 - Parse Error: [ext_resource] referenced non-existent resource at: res://materials/shell_rib_oxide.tres.
   at: _printerr (scene/resources/resource_format_text.cpp:39)
ERROR: res://scenes/interior.tscn:392 - Parse Error: [ext_resource] referenced non-existent resource at: res://materials/shell_wall_industrial.tres.
   at: _printerr (scene/resources/resource_format_text.cpp:39)
ERROR: res://scenes/interior.tscn:393 - Parse Error: [ext_resource] referenced non-existent resource at: res://materials/shell_rib_painted.tres.
   at: _printerr (scene/resources/resource_format_text.cpp:39)
ERROR: res://scenes/interior.tscn:394 - Parse Error: [ext_resource] referenced non-existent resource at: res://materials/shell_wall_panel.tres.
   at: _printerr (scene/resources/resource_format_text.cpp:39)
ERROR: res://scenes/interior.tscn:395 - Parse Error: [ext_resource] referenced non-existent resource at: res://materials/shell_wall_panel.tres.
   at: _printerr (scene/resources/resource_format_text.cpp:39)
ERROR: res://scenes/interior.tscn:396 - Parse Error: [ext_resource] referenced non-existent resource at: res://materials/shell_wall_panel.tres.
   at: _printerr (scene/resources/resource_format_text.cpp:39)
ERROR: res://scenes/interior.tscn:397 - Parse Error: [ext_resource] referenced non-existent resource at: res://materials/kit_wall_plate.tres.
   at: _printerr (scene/resources/resource_format_text.cpp:39)
ERROR: res://scenes/interior.tscn:398 - Parse Error: [ext_resource] referenced non-existent resource at: res://materials/device_console_bed.tres.
   at: _printerr (scene/resources/resource_format_text.cpp:39)
ERROR: res://scenes/interior.tscn:399 - Parse Error: [ext_resource] referenced non-existent resource at: res://materials/grab_rail_bare.tres.
   at: _printerr (scene/resources/resource_format_text.cpp:39)
ERROR: res://scenes/interior.tscn:400 - Parse Error: [ext_resource] referenced non-existent resource at: res://materials/shell_wall_panel.tres.
   at: _printerr (scene/resources/resource_format_text.cpp:39)
ERROR: res://scenes/interior.tscn:401 - Parse Error: [ext_resource] referenced non-existent resource at: res://materials/shell_wall_panel.tres.
   at: _printerr (scene/resources/resource_format_text.cpp:39)
ERROR: res://scenes/interior.tscn:402 - Parse Error: [ext_resource] referenced non-existent resource at: res://materials/shell_deck_stone.tres.
   at: _printerr (scene/resources/resource_format_text.cpp:39)
ERROR: res://scenes/interior.tscn:403 - Parse Error: [ext_resource] referenced non-existent resource at: res://materials/shell_deck_public.tres.
   at: _printerr (scene/resources/resource_format_text.cpp:39)
ERROR: res://scenes/interior.tscn:405 - Parse Error: [ext_resource] referenced non-existent resource at: res://materials/shell_rib_painted.tres.
   at: _printerr (scene/resources/resource_format_text.cpp:39)
ERROR: res://scenes/interior.tscn:407 - Parse Error: [ext_resource] referenced non-existent resource at: res://materials/shell_rib_painted.tres.
   at: _printerr (scene/resources/resource_format_text.cpp:39)
ERROR: res://scenes/interior.tscn:408 - Parse Error: [ext_resource] referenced non-existent resource at: res://materials/shell_wall_panel.tres.
   at: _printerr (scene/resources/resource_format_text.cpp:39)
ERROR: res://scenes/interior.tscn:409 - Parse Error: [ext_resource] referenced non-existent resource at: res://materials/shell_deck_public.tres.
   at: _printerr (scene/resources/resource_format_text.cpp:39)
ERROR: res://scenes/interior.tscn:410 - Parse Error: [ext_resource] referenced non-existent resource at: res://materials/grab_rail_bare.tres.
   at: _printerr (scene/resources/resource_format_text.cpp:39)
ERROR: res://scenes/interior.tscn:411 - Parse Error: [ext_resource] referenced non-existent resource at: res://materials/shell_rib_painted.tres.
   at: _printerr (scene/resources/resource_format_text.cpp:39)
ERROR: res://scenes/interior.tscn:412 - Parse Error: [ext_resource] referenced non-existent resource at: res://materials/shell_wall_panel.tres.
   at: _printerr (scene/resources/resource_format_text.cpp:39)
ERROR: res://scenes/interior.tscn:413 - Parse Error: [ext_resource] referenced non-existent resource at: res://materials/steel_catwalk_tread.tres.
   at: _printerr (scene/resources/resource_format_text.cpp:39)
ERROR: res://scenes/interior.tscn:414 - Parse Error: [ext_resource] referenced non-existent resource at: res://materials/kit_soffit.tres.
   at: _printerr (scene/resources/resource_format_text.cpp:39)
ERROR: res://scenes/interior.tscn:415 - Parse Error: [ext_resource] referenced non-existent resource at: res://materials/plant_valve_metal.tres.
   at: _printerr (scene/resources/resource_format_text.cpp:39)
ERROR: res://scenes/interior.tscn:416 - Parse Error: [ext_resource] referenced non-existent resource at: res://materials/shell_wall_panel.tres.
   at: _printerr (scene/resources/resource_format_text.cpp:39)
ERROR: res://scenes/interior.tscn:417 - Parse Error: [ext_resource] referenced non-existent resource at: res://materials/shell_wall_panel.tres.
   at: _printerr (scene/resources/resource_format_text.cpp:39)
ERROR: res://scenes/interior.tscn:418 - Parse Error: [ext_resource] referenced non-existent resource at: res://materials/shell_deck_public.tres.
   at: _printerr (scene/resources/resource_format_text.cpp:39)
ERROR: res://scenes/interior.tscn:419 - Parse Error: [ext_resource] referenced non-existent resource at: res://materials/shell_deck_public.tres.
   at: _printerr (scene/resources/resource_format_text.cpp:39)
ERROR: res://scenes/interior.tscn:420 - Parse Error: [ext_resource] referenced non-existent resource at: res://materials/shell_rib_painted.tres.
   at: _printerr (scene/resources/resource_format_text.cpp:39)
ERROR: res://scenes/interior.tscn:421 - Parse Error: [ext_resource] referenced non-existent resource at: res://materials/shell_wall_panel.tres.
   at: _printerr (scene/resources/resource_format_text.cpp:39)
ERROR: res://scenes/interior.tscn:422 - Parse Error: [ext_resource] referenced non-existent resource at: res://materials/shell_wall_panel.tres.
   at: _printerr (scene/resources/resource_format_text.cpp:39)
ERROR: res://scenes/interior.tscn:423 - Parse Error: [ext_resource] referenced non-existent resource at: res://materials/shell_rib_painted.tres.
   at: _printerr (scene/resources/resource_format_text.cpp:39)
ERROR: res://scenes/interior.tscn:424 - Parse Error: [ext_resource] referenced non-existent resource at: res://materials/shell_wall_panel.tres.
   at: _printerr (scene/resources/resource_format_text.cpp:39)
ERROR: res://scenes/interior.tscn:425 - Parse Error: [ext_resource] referenced non-existent resource at: res://materials/shell_wall_panel.tres.
   at: _printerr (scene/resources/resource_format_text.cpp:39)
ERROR: res://scenes/interior.tscn:426 - Parse Error: [ext_resource] referenced non-existent resource at: res://materials/kit_deck_plate.tres.
   at: _printerr (scene/resources/resource_format_text.cpp:39)
ERROR: res://scenes/interior.tscn:427 - Parse Error: [ext_resource] referenced non-existent resource at: res://materials/furn_stall_frame.tres.
   at: _printerr (scene/resources/resource_format_text.cpp:39)
ERROR: res://scenes/interior.tscn:428 - Parse Error: [ext_resource] referenced non-existent resource at: res://materials/shell_rib_painted.tres.
   at: _printerr (scene/resources/resource_format_text.cpp:39)
ERROR: res://scenes/interior.tscn:429 - Parse Error: [ext_resource] referenced non-existent resource at: res://materials/council_floor_mid.tres.
   at: _printerr (scene/resources/resource_format_text.cpp:39)
ERROR: res://scenes/interior.tscn:430 - Parse Error: [ext_resource] referenced non-existent resource at: res://materials/shell_deck_stone.tres.
   at: _printerr (scene/resources/resource_format_text.cpp:39)
ERROR: res://scenes/interior.tscn:431 - Parse Error: [ext_resource] referenced non-existent resource at: res://materials/council_floor_dark.tres.
   at: _printerr (scene/resources/resource_format_text.cpp:39)
ERROR: res://scenes/interior.tscn:432 - Parse Error: [ext_resource] referenced non-existent resource at: res://materials/furn_casework.tres.
   at: _printerr (scene/resources/resource_format_text.cpp:39)
ERROR: res://scenes/interior.tscn:433 - Parse Error: [ext_resource] referenced non-existent resource at: res://materials/furn_service_steel.tres.
   at: _printerr (scene/resources/resource_format_text.cpp:39)
ERROR: res://scenes/interior.tscn:434 - Parse Error: [ext_resource] referenced non-existent resource at: res://materials/council_lit_mesh.tres.
   at: _printerr (scene/resources/resource_format_text.cpp:39)
ERROR: res://scenes/interior.tscn:435 - Parse Error: [ext_resource] referenced non-existent resource at: res://materials/furn_casework.tres.
   at: _printerr (scene/resources/resource_format_text.cpp:39)
ERROR: res://scenes/interior.tscn:436 - Parse Error: [ext_resource] referenced non-existent resource at: res://materials/council_speak_inlay.tres.
   at: _printerr (scene/resources/resource_format_text.cpp:39)
ERROR: res://scenes/interior.tscn:437 - Parse Error: [ext_resource] referenced non-existent resource at: res://materials/furn_casework.tres.
   at: _printerr (scene/resources/resource_format_text.cpp:39)
ERROR: res://scenes/interior.tscn:438 - Parse Error: [ext_resource] referenced non-existent resource at: res://materials/steel_gantry_oxide.tres.
   at: _printerr (scene/resources/resource_format_text.cpp:39)
ERROR: res://scenes/interior.tscn:439 - Parse Error: [ext_resource] referenced non-existent resource at: res://materials/furn_casework.tres.
   at: _printerr (scene/resources/resource_format_text.cpp:39)
ERROR: res://scenes/interior.tscn:440 - Parse Error: [ext_resource] referenced non-existent resource at: res://materials/shell_rib_oxide.tres.
   at: _printerr (scene/resources/resource_format_text.cpp:39)
ERROR: res://scenes/interior.tscn:442 - Parse Error: [ext_resource] referenced non-existent resource at: res://materials/plant_valve_metal.tres.
   at: _printerr (scene/resources/resource_format_text.cpp:39)
ERROR: res://scenes/interior.tscn:443 - Parse Error: [ext_resource] referenced non-existent resource at: res://materials/shell_wall_panel.tres.
   at: _printerr (scene/resources/resource_format_text.cpp:39)
ERROR: res://scenes/interior.tscn:444 - Parse Error: [ext_resource] referenced non-existent resource at: res://materials/shell_wall_panel.tres.
   at: _printerr (scene/resources/resource_format_text.cpp:39)
ERROR: res://scenes/interior.tscn:445 - Parse Error: [ext_resource] referenced non-existent resource at: res://materials/shell_deck_public.tres.
   at: _printerr (scene/resources/resource_format_text.cpp:39)
ERROR: res://scenes/interior.tscn:446 - Parse Error: [ext_resource] referenced non-existent resource at: res://materials/shell_deck_public.tres.
   at: _printerr (scene/resources/resource_format_text.cpp:39)
ERROR: res://scenes/interior.tscn:447 - Parse Error: [ext_resource] referenced non-existent resource at: res://materials/furn_casework.tres.
   at: _printerr (scene/resources/resource_format_text.cpp:39)
ERROR: res://scenes/interior.tscn:448 - Parse Error: [ext_resource] referenced non-existent resource at: res://materials/shell_wall_panel.tres.
   at: _printerr (scene/resources/resource_format_text.cpp:39)
ERROR: res://scenes/interior.tscn:449 - Parse Error: [ext_resource] referenced non-existent resource at: res://materials/shell_rib_oxide.tres.
   at: _printerr (scene/resources/resource_format_text.cpp:39)
ERROR: res://scenes/interior.tscn:451 - Parse Error: [ext_resource] referenced non-existent resource at: res://materials/shell_rib_painted.tres.
   at: _printerr (scene/resources/resource_format_text.cpp:39)
ERROR: res://scenes/interior.tscn:452 - Parse Error: [ext_resource] referenced non-existent resource at: res://materials/shell_wall_panel.tres.
   at: _printerr (scene/resources/resource_format_text.cpp:39)
ERROR: res://scenes/interior.tscn:453 - Parse Error: [ext_resource] referenced non-existent resource at: res://materials/shell_wall_panel.tres.
   at: _printerr (scene/resources/resource_format_text.cpp:39)
ERROR: res://scenes/interior.tscn:455 - Parse Error: [ext_resource] referenced non-existent resource at: res://materials/shell_wall_panel.tres.
   at: _printerr (scene/resources/resource_format_text.cpp:39)
ERROR: res://scenes/interior.tscn:456 - Parse Error: [ext_resource] referenced non-existent resource at: res://materials/shell_wall_panel.tres.
   at: _printerr (scene/resources/resource_format_text.cpp:39)
ERROR: res://scenes/interior.tscn:457 - Parse Error: [ext_resource] referenced non-existent resource at: res://materials/kit_deck.tres.
   at: _printerr (scene/resources/resource_format_text.cpp:39)
ERROR: res://scenes/interior.tscn:458 - Parse Error: [ext_resource] referenced non-existent resource at: res://materials/kit_deck.tres.
   at: _printerr (scene/resources/resource_format_text.cpp:39)
ERROR: res://scenes/interior.tscn:459 - Parse Error: [ext_resource] referenced non-existent resource at: res://materials/kit_deck_plate.tres.
   at: _printerr (scene/resources/resource_format_text.cpp:39)
ERROR: res://scenes/interior.tscn:460 - Parse Error: [ext_resource] referenced non-existent resource at: res://materials/plant_valve_metal.tres.
   at: _printerr (scene/resources/resource_format_text.cpp:39)
ERROR: res://scenes/interior.tscn:461 - Parse Error: [ext_resource] referenced non-existent resource at: res://materials/shell_wall_panel.tres.
   at: _printerr (scene/resources/resource_format_text.cpp:39)
ERROR: res://scenes/interior.tscn:462 - Parse Error: [ext_resource] referenced non-existent resource at: res://materials/shell_wall_panel.tres.
   at: _printerr (scene/resources/resource_format_text.cpp:39)
ERROR: res://scenes/interior.tscn:463 - Parse Error: [ext_resource] referenced non-existent resource at: res://materials/shell_deck_public.tres.
   at: _printerr (scene/resources/resource_format_text.cpp:39)
ERROR: res://scenes/interior.tscn:464 - Parse Error: [ext_resource] referenced non-existent resource at: res://materials/shell_deck_public.tres.
   at: _printerr (scene/resources/resource_format_text.cpp:39)
ERROR: res://scenes/interior.tscn:465 - Parse Error: [ext_resource] referenced non-existent resource at: res://materials/shell_rib_painted.tres.
   at: _printerr (scene/resources/resource_format_text.cpp:39)
ERROR: res://scenes/interior.tscn:466 - Parse Error: [ext_resource] referenced non-existent resource at: res://materials/shell_wall_panel.tres.
   at: _printerr (scene/resources/resource_format_text.cpp:39)
ERROR: res://scenes/interior.tscn:467 - Parse Error: [ext_resource] referenced non-existent resource at: res://materials/shell_wall_panel.tres.
   at: _printerr (scene/resources/resource_format_text.cpp:39)
ERROR: res://scenes/interior.tscn:468 - Parse Error: [ext_resource] referenced non-existent resource at: res://materials/shell_rib_painted.tres.
   at: _printerr (scene/resources/resource_format_text.cpp:39)
ERROR: res://scenes/interior.tscn:469 - Parse Error: [ext_resource] referenced non-existent resource at: res://materials/shell_wall_panel.tres.
   at: _printerr (scene/resources/resource_format_text.cpp:39)
ERROR: res://scenes/interior.tscn:470 - Parse Error: [ext_resource] referenced non-existent resource at: res://materials/shell_wall_panel.tres.
   at: _printerr (scene/resources/resource_format_text.cpp:39)
ERROR: res://scenes/interior.tscn:471 - Parse Error: [ext_resource] referenced non-existent resource at: res://materials/kit_pilaster.tres.
   at: _printerr (scene/resources/resource_format_text.cpp:39)
ERROR: res://scenes/interior.tscn:472 - Parse Error: [ext_resource] referenced non-existent resource at: res://materials/kit_pilaster.tres.
   at: _printerr (scene/resources/resource_format_text.cpp:39)
ERROR: res://scenes/interior.tscn:473 - Parse Error: [ext_resource] referenced non-existent resource at: res://materials/door_leaf_painted.tres.
   at: _printerr (scene/resources/resource_format_text.cpp:39)
ERROR: res://scenes/interior.tscn:474 - Parse Error: [ext_resource] referenced non-existent resource at: res://materials/plant_valve_metal.tres.
   at: _printerr (scene/resources/resource_format_text.cpp:39)
ERROR: res://scenes/interior.tscn:475 - Parse Error: [ext_resource] referenced non-existent resource at: res://materials/furn_upholstery.tres.
   at: _printerr (scene/resources/resource_format_text.cpp:39)
ERROR: res://scenes/interior.tscn:476 - Parse Error: [ext_resource] referenced non-existent resource at: res://materials/steel_gantry_oxide.tres.
   at: _printerr (scene/resources/resource_format_text.cpp:39)
ERROR: res://scenes/interior.tscn:477 - Parse Error: [ext_resource] referenced non-existent resource at: res://materials/furn_casework.tres.
   at: _printerr (scene/resources/resource_format_text.cpp:39)
ERROR: res://scenes/interior.tscn:478 - Parse Error: [ext_resource] referenced non-existent resource at: res://materials/shell_wall_panel.tres.
   at: _printerr (scene/resources/resource_format_text.cpp:39)
ERROR: res://scenes/interior.tscn:479 - Parse Error: [ext_resource] referenced non-existent resource at: res://materials/plant_valve_metal.tres.
   at: _printerr (scene/resources/resource_format_text.cpp:39)
ERROR: res://scenes/interior.tscn:480 - Parse Error: [ext_resource] referenced non-existent resource at: res://materials/device_console_bed.tres.
   at: _printerr (scene/resources/resource_format_text.cpp:39)
ERROR: res://scenes/interior.tscn:481 - Parse Error: [ext_resource] referenced non-existent resource at: res://materials/furn_casework.tres.
   at: _printerr (scene/resources/resource_format_text.cpp:39)
ERROR: res://scenes/interior.tscn:482 - Parse Error: [ext_resource] referenced non-existent resource at: res://materials/shell_wall_panel.tres.
   at: _printerr (scene/resources/resource_format_text.cpp:39)
ERROR: res://scenes/interior.tscn:483 - Parse Error: [ext_resource] referenced non-existent resource at: res://materials/shell_wall_panel.tres.
   at: _printerr (scene/resources/resource_format_text.cpp:39)
ERROR: res://scenes/interior.tscn:484 - Parse Error: [ext_resource] referenced non-existent resource at: res://materials/shell_wall_panel.tres.
   at: _printerr (scene/resources/resource_format_text.cpp:39)
ERROR: res://scenes/interior.tscn:485 - Parse Error: [ext_resource] referenced non-existent resource at: res://materials/clad_services.tres.
   at: _printerr (scene/resources/resource_format_text.cpp:39)
ERROR: res://scenes/interior.tscn:486 - Parse Error: [ext_resource] referenced non-existent resource at: res://materials/clad_services.tres.
   at: _printerr (scene/resources/resource_format_text.cpp:39)
ERROR: res://scenes/interior.tscn:487 - Parse Error: [ext_resource] referenced non-existent resource at: res://materials/steel_furnace_scorched.tres.
   at: _printerr (scene/resources/resource_format_text.cpp:39)
ERROR: res://scenes/interior.tscn:488 - Parse Error: [ext_resource] referenced non-existent resource at: res://materials/steel_gantry_oxide.tres.
   at: _printerr (scene/resources/resource_format_text.cpp:39)
ERROR: res://scenes/interior.tscn:489 - Parse Error: [ext_resource] referenced non-existent resource at: res://materials/edge_chevron_nosing.tres.
   at: _printerr (scene/resources/resource_format_text.cpp:39)
ERROR: res://scenes/interior.tscn:490 - Parse Error: [ext_resource] referenced non-existent resource at: res://materials/door_leaf_painted.tres.
   at: _printerr (scene/resources/resource_format_text.cpp:39)
ERROR: res://scenes/interior.tscn:491 - Parse Error: [ext_resource] referenced non-existent resource at: res://materials/plant_valve_metal.tres.
   at: _printerr (scene/resources/resource_format_text.cpp:39)
ERROR: res://scenes/interior.tscn:492 - Parse Error: [ext_resource] referenced non-existent resource at: res://materials/clad_services.tres.
   at: _printerr (scene/resources/resource_format_text.cpp:39)
ERROR: res://scenes/interior.tscn:493 - Parse Error: [ext_resource] referenced non-existent resource at: res://materials/steel_gantry_oxide.tres.
   at: _printerr (scene/resources/resource_format_text.cpp:39)
ERROR: res://scenes/interior.tscn:494 - Parse Error: [ext_resource] referenced non-existent resource at: res://materials/furn_shop_steel.tres.
   at: _printerr (scene/resources/resource_format_text.cpp:39)
ERROR: res://scenes/interior.tscn:495 - Parse Error: [ext_resource] referenced non-existent resource at: res://materials/clad_services.tres.
   at: _printerr (scene/resources/resource_format_text.cpp:39)
ERROR: res://scenes/interior.tscn:497 - Parse Error: [ext_resource] referenced non-existent resource at: res://materials/furn_pale_composite.tres.
   at: _printerr (scene/resources/resource_format_text.cpp:39)
ERROR: res://scenes/interior.tscn:498 - Parse Error: [ext_resource] referenced non-existent resource at: res://materials/steel_gantry_oxide.tres.
   at: _printerr (scene/resources/resource_format_text.cpp:39)
ERROR: res://scenes/interior.tscn:499 - Parse Error: [ext_resource] referenced non-existent resource at: res://materials/shell_wall_panel.tres.
   at: _printerr (scene/resources/resource_format_text.cpp:39)
ERROR: res://scenes/interior.tscn:500 - Parse Error: [ext_resource] referenced non-existent resource at: res://materials/shell_wall_panel.tres.
   at: _printerr (scene/resources/resource_format_text.cpp:39)
ERROR: res://scenes/interior.tscn:501 - Parse Error: [ext_resource] referenced non-existent resource at: res://materials/clad_services.tres.
   at: _printerr (scene/resources/resource_format_text.cpp:39)
ERROR: res://scenes/interior.tscn:502 - Parse Error: [ext_resource] referenced non-existent resource at: res://materials/plant_valve_metal.tres.
   at: _printerr (scene/resources/resource_format_text.cpp:39)
ERROR: res://scenes/interior.tscn:503 - Parse Error: [ext_resource] referenced non-existent resource at: res://materials/furn_casework.tres.
   at: _printerr (scene/resources/resource_format_text.cpp:39)
ERROR: res://scenes/interior.tscn:504 - Parse Error: [ext_resource] referenced non-existent resource at: res://materials/furn_stall_frame.tres.
   at: _printerr (scene/resources/resource_format_text.cpp:39)
ERROR: res://scenes/interior.tscn:505 - Parse Error: [ext_resource] referenced non-existent resource at: res://materials/furn_dark_stone.tres.
   at: _printerr (scene/resources/resource_format_text.cpp:39)
ERROR: res://scenes/interior.tscn:506 - Parse Error: [ext_resource] referenced non-existent resource at: res://materials/steel_gantry_oxide.tres.
   at: _printerr (scene/resources/resource_format_text.cpp:39)
ERROR: res://scenes/interior.tscn:507 - Parse Error: [ext_resource] referenced non-existent resource at: res://materials/furn_shop_steel.tres.
   at: _printerr (scene/resources/resource_format_text.cpp:39)
ERROR: res://scenes/interior.tscn:508 - Parse Error: [ext_resource] referenced non-existent resource at: res://materials/furn_worship_stone.tres.
   at: _printerr (scene/resources/resource_format_text.cpp:39)
ERROR: res://scenes/interior.tscn:509 - Parse Error: [ext_resource] referenced non-existent resource at: res://materials/furn_clinical.tres.
   at: _printerr (scene/resources/resource_format_text.cpp:39)
ERROR: res://scenes/interior.tscn:510 - Parse Error: [ext_resource] referenced non-existent resource at: res://materials/furn_casework.tres.
   at: _printerr (scene/resources/resource_format_text.cpp:39)
ERROR: res://scenes/interior.tscn:511 - Parse Error: [ext_resource] referenced non-existent resource at: res://materials/steel_furnace_scorched.tres.
   at: _printerr (scene/resources/resource_format_text.cpp:39)
ERROR: res://scenes/interior.tscn:512 - Parse Error: [ext_resource] referenced non-existent resource at: res://materials/steel_gantry_oxide.tres.
   at: _printerr (scene/resources/resource_format_text.cpp:39)
ERROR: res://scenes/interior.tscn:513 - Parse Error: [ext_resource] referenced non-existent resource at: res://materials/furn_screen_panel.tres.
   at: _printerr (scene/resources/resource_format_text.cpp:39)
ERROR: res://scenes/interior.tscn:514 - Parse Error: [ext_resource] referenced non-existent resource at: res://materials/clad_services.tres.
   at: _printerr (scene/resources/resource_format_text.cpp:39)
ERROR: res://scenes/interior.tscn:515 - Parse Error: [ext_resource] referenced non-existent resource at: res://materials/edge_chevron_nosing.tres.
   at: _printerr (scene/resources/resource_format_text.cpp:39)
ERROR: res://scenes/interior.tscn:516 - Parse Error: [ext_resource] referenced non-existent resource at: res://materials/steel_gantry_oxide.tres.
   at: _printerr (scene/resources/resource_format_text.cpp:39)
ERROR: res://scenes/interior.tscn:517 - Parse Error: [ext_resource] referenced non-existent resource at: res://materials/furn_screen_panel.tres.
   at: _printerr (scene/resources/resource_format_text.cpp:39)
ERROR: res://scenes/interior.tscn:518 - Parse Error: [ext_resource] referenced non-existent resource at: res://materials/clad_services.tres.
   at: _printerr (scene/resources/resource_format_text.cpp:39)
ERROR: res://scenes/interior.tscn:519 - Parse Error: [ext_resource] referenced non-existent resource at: res://materials/clad_services.tres.
   at: _printerr (scene/resources/resource_format_text.cpp:39)
ERROR: res://scenes/interior.tscn:520 - Parse Error: [ext_resource] referenced non-existent resource at: res://materials/furn_stall_frame.tres.
   at: _printerr (scene/resources/resource_format_text.cpp:39)
ERROR: res://scenes/interior.tscn:521 - Parse Error: [ext_resource] referenced non-existent resource at: res://materials/plant_valve_metal.tres.
   at: _printerr (scene/resources/resource_format_text.cpp:39)
ERROR: res://scenes/interior.tscn:522 - Parse Error: [ext_resource] referenced non-existent resource at: res://materials/shell_wall_panel.tres.
   at: _printerr (scene/resources/resource_format_text.cpp:39)
ERROR: res://scenes/interior.tscn:523 - Parse Error: [ext_resource] referenced non-existent resource at: res://materials/shell_wall_panel.tres.
   at: _printerr (scene/resources/resource_format_text.cpp:39)
ERROR: res://scenes/interior.tscn:524 - Parse Error: [ext_resource] referenced non-existent resource at: res://materials/shell_deck_public.tres.
   at: _printerr (scene/resources/resource_format_text.cpp:39)
ERROR: res://scenes/interior.tscn:525 - Parse Error: [ext_resource] referenced non-existent resource at: res://materials/shell_deck_public.tres.
   at: _printerr (scene/resources/resource_format_text.cpp:39)
ERROR: res://scenes/interior.tscn:526 - Parse Error: [ext_resource] referenced non-existent resource at: res://materials/shell_rib_painted.tres.
   at: _printerr (scene/resources/resource_format_text.cpp:39)
ERROR: res://scenes/interior.tscn:527 - Parse Error: [ext_resource] referenced non-existent resource at: res://materials/shell_wall_panel.tres.
   at: _printerr (scene/resources/resource_format_text.cpp:39)
ERROR: res://scenes/interior.tscn:528 - Parse Error: [ext_resource] referenced non-existent resource at: res://materials/shell_wall_panel.tres.
   at: _printerr (scene/resources/resource_format_text.cpp:39)
ERROR: res://scenes/interior.tscn:529 - Parse Error: [ext_resource] referenced non-existent resource at: res://materials/shell_rib_painted.tres.
   at: _printerr (scene/resources/resource_format_text.cpp:39)
ERROR: res://scenes/interior.tscn:530 - Parse Error: [ext_resource] referenced non-existent resource at: res://materials/shell_wall_panel.tres.
   at: _printerr (scene/resources/resource_format_text.cpp:39)
ERROR: res://scenes/interior.tscn:531 - Parse Error: [ext_resource] referenced non-existent resource at: res://materials/shell_wall_panel.tres.
   at: _printerr (scene/resources/resource_format_text.cpp:39)
ERROR: res://scenes/interior.tscn:532 - Parse Error: [ext_resource] referenced non-existent resource at: res://materials/kit_rail_band.tres.
   at: _printerr (scene/resources/resource_format_text.cpp:39)
ERROR: res://scenes/interior.tscn:533 - Parse Error: [ext_resource] referenced non-existent resource at: res://materials/accent_warning.tres.
   at: _printerr (scene/resources/resource_format_text.cpp:39)
ERROR: res://scenes/interior.tscn:534 - Parse Error: [ext_resource] referenced non-existent resource at: res://materials/plant_valve_metal.tres.
   at: _printerr (scene/resources/resource_format_text.cpp:39)
ERROR: res://scenes/interior.tscn:535 - Parse Error: [ext_resource] referenced non-existent resource at: res://materials/shell_wall_panel.tres.
   at: _printerr (scene/resources/resource_format_text.cpp:39)
ERROR: res://scenes/interior.tscn:536 - Parse Error: [ext_resource] referenced non-existent resource at: res://materials/shell_wall_panel.tres.
   at: _printerr (scene/resources/resource_format_text.cpp:39)
ERROR: res://scenes/interior.tscn:537 - Parse Error: [ext_resource] referenced non-existent resource at: res://materials/shell_deck_public.tres.
   at: _printerr (scene/resources/resource_format_text.cpp:39)
ERROR: res://scenes/interior.tscn:538 - Parse Error: [ext_resource] referenced non-existent resource at: res://materials/shell_deck_public.tres.
   at: _printerr (scene/resources/resource_format_text.cpp:39)
ERROR: res://scenes/interior.tscn:539 - Parse Error: [ext_resource] referenced non-existent resource at: res://materials/shell_rib_painted.tres.
   at: _printerr (scene/resources/resource_format_text.cpp:39)
ERROR: res://scenes/interior.tscn:540 - Parse Error: [ext_resource] referenced non-existent resource at: res://materials/shell_wall_panel.tres.
   at: _printerr (scene/resources/resource_format_text.cpp:39)
ERROR: res://scenes/interior.tscn:541 - Parse Error: [ext_resource] referenced non-existent resource at: res://materials/shell_wall_panel.tres.
   at: _printerr (scene/resources/resource_format_text.cpp:39)
ERROR: res://scenes/interior.tscn:542 - Parse Error: [ext_resource] referenced non-existent resource at: res://materials/shell_rib_painted.tres.
   at: _printerr (scene/resources/resource_format_text.cpp:39)
ERROR: res://scenes/interior.tscn:543 - Parse Error: [ext_resource] referenced non-existent resource at: res://materials/shell_wall_panel.tres.
   at: _printerr (scene/resources/resource_format_text.cpp:39)
ERROR: res://scenes/interior.tscn:544 - Parse Error: [ext_resource] referenced non-existent resource at: res://materials/shell_wall_panel.tres.
   at: _printerr (scene/resources/resource_format_text.cpp:39)
ERROR: res://scenes/interior.tscn:545 - Parse Error: [ext_resource] referenced non-existent resource at: res://materials/plant_valve_metal.tres.
   at: _printerr (scene/resources/resource_format_text.cpp:39)
ERROR: res://scenes/interior.tscn:546 - Parse Error: [ext_resource] referenced non-existent resource at: res://materials/shell_wall_panel.tres.
   at: _printerr (scene/resources/resource_format_text.cpp:39)
ERROR: res://scenes/interior.tscn:547 - Parse Error: [ext_resource] referenced non-existent resource at: res://materials/shell_wall_panel.tres.
   at: _printerr (scene/resources/resource_format_text.cpp:39)
ERROR: res://scenes/interior.tscn:548 - Parse Error: [ext_resource] referenced non-existent resource at: res://materials/shell_deck_industrial.tres.
   at: _printerr (scene/resources/resource_format_text.cpp:39)
ERROR: res://scenes/interior.tscn:549 - Parse Error: [ext_resource] referenced non-existent resource at: res://materials/shell_deck_public.tres.
   at: _printerr (scene/resources/resource_format_text.cpp:39)
ERROR: res://scenes/interior.tscn:550 - Parse Error: [ext_resource] referenced non-existent resource at: res://materials/shell_rib_painted.tres.
   at: _printerr (scene/resources/resource_format_text.cpp:39)
ERROR: res://scenes/interior.tscn:551 - Parse Error: [ext_resource] referenced non-existent resource at: res://materials/shell_wall_panel.tres.
   at: _printerr (scene/resources/resource_format_text.cpp:39)
ERROR: res://scenes/interior.tscn:552 - Parse Error: [ext_resource] referenced non-existent resource at: res://materials/shell_wall_panel.tres.
   at: _printerr (scene/resources/resource_format_text.cpp:39)
ERROR: res://scenes/interior.tscn:553 - Parse Error: [ext_resource] referenced non-existent resource at: res://materials/shell_rib_oxide.tres.
   at: _printerr (scene/resources/resource_format_text.cpp:39)
ERROR: res://scenes/interior.tscn:554 - Parse Error: [ext_resource] referenced non-existent resource at: res://materials/shell_wall_panel.tres.
   at: _printerr (scene/resources/resource_format_text.cpp:39)
ERROR: res://scenes/interior.tscn:555 - Parse Error: [ext_resource] referenced non-existent resource at: res://materials/shell_wall_industrial.tres.
   at: _printerr (scene/resources/resource_format_text.cpp:39)
ERROR: res://scenes/interior.tscn:576 - Parse Error: [ext_resource] referenced non-existent resource at: res://materials/plant_valve_metal.tres.
   at: _printerr (scene/resources/resource_format_text.cpp:39)
ERROR: res://scenes/interior.tscn:577 - Parse Error: [ext_resource] referenced non-existent resource at: res://materials/shell_wall_panel.tres.
   at: _printerr (scene/resources/resource_format_text.cpp:39)
ERROR: res://scenes/interior.tscn:578 - Parse Error: [ext_resource] referenced non-existent resource at: res://materials/shell_wall_panel.tres.
   at: _printerr (scene/resources/resource_format_text.cpp:39)
ERROR: res://scenes/interior.tscn:579 - Parse Error: [ext_resource] referenced non-existent resource at: res://materials/shell_deck_clinical.tres.
   at: _printerr (scene/resources/resource_format_text.cpp:39)
ERROR: res://scenes/interior.tscn:580 - Parse Error: [ext_resource] referenced non-existent resource at: res://materials/shell_deck_public.tres.
   at: _printerr (scene/resources/resource_format_text.cpp:39)
ERROR: res://scenes/interior.tscn:581 - Parse Error: [ext_resource] referenced non-existent resource at: res://materials/shell_rib_painted.tres.
   at: _printerr (scene/resources/resource_format_text.cpp:39)
ERROR: res://scenes/interior.tscn:582 - Parse Error: [ext_resource] referenced non-existent resource at: res://materials/shell_wall_panel.tres.
   at: _printerr (scene/resources/resource_format_text.cpp:39)
ERROR: res://scenes/interior.tscn:583 - Parse Error: [ext_resource] referenced non-existent resource at: res://materials/shell_wall_panel.tres.
   at: _printerr (scene/resources/resource_format_text.cpp:39)
ERROR: res://scenes/interior.tscn:584 - Parse Error: [ext_resource] referenced non-existent resource at: res://materials/shell_rib_painted.tres.
   at: _printerr (scene/resources/resource_format_text.cpp:39)
ERROR: res://scenes/interior.tscn:585 - Parse Error: [ext_resource] referenced non-existent resource at: res://materials/shell_wall_panel.tres.
   at: _printerr (scene/resources/resource_format_text.cpp:39)
ERROR: res://scenes/interior.tscn:586 - Parse Error: [ext_resource] referenced non-existent resource at: res://materials/shell_wall_clinical.tres.
   at: _printerr (scene/resources/resource_format_text.cpp:39)
ERROR: res://scenes/interior.tscn:587 - Parse Error: [ext_resource] referenced non-existent resource at: res://materials/npc_skin.tres.
   at: _printerr (scene/resources/resource_format_text.cpp:39)
ERROR: res://scenes/interior.tscn:588 - Parse Error: [ext_resource] referenced non-existent resource at: res://materials/npc_skin.tres.
   at: _printerr (scene/resources/resource_format_text.cpp:39)
ERROR: res://scenes/interior.tscn:589 - Parse Error: [ext_resource] referenced non-existent resource at: res://materials/npc_cloth__centauri_brocade.tres.
   at: _printerr (scene/resources/resource_format_text.cpp:39)
ERROR: res://scenes/interior.tscn:590 - Parse Error: [ext_resource] referenced non-existent resource at: res://materials/npc_cloth__civ_collar_yoke.tres.
   at: _printerr (scene/resources/resource_format_text.cpp:39)
ERROR: res://scenes/interior.tscn:591 - Parse Error: [ext_resource] referenced non-existent resource at: res://materials/npc_cloth__civ_cool_dark.tres.
   at: _printerr (scene/resources/resource_format_text.cpp:39)
ERROR: res://scenes/interior.tscn:592 - Parse Error: [ext_resource] referenced non-existent resource at: res://materials/npc_cloth__civ_dark_warm.tres.
   at: _printerr (scene/resources/resource_format_text.cpp:39)
ERROR: res://scenes/interior.tscn:593 - Parse Error: [ext_resource] referenced non-existent resource at: res://materials/npc_cloth__civ_light_shirt.tres.
   at: _printerr (scene/resources/resource_format_text.cpp:39)
ERROR: res://scenes/interior.tscn:594 - Parse Error: [ext_resource] referenced non-existent resource at: res://materials/npc_cloth__civ_lurker.tres.
   at: _printerr (scene/resources/resource_format_text.cpp:39)
ERROR: res://scenes/interior.tscn:595 - Parse Error: [ext_resource] referenced non-existent resource at: res://materials/npc_cloth__civ_mid_warm.tres.
   at: _printerr (scene/resources/resource_format_text.cpp:39)
ERROR: res://scenes/interior.tscn:596 - Parse Error: [ext_resource] referenced non-existent resource at: res://materials/npc_cloth__civ_worker_drab.tres.
   at: _printerr (scene/resources/resource_format_text.cpp:39)
ERROR: res://scenes/interior.tscn:597 - Parse Error: [ext_resource] referenced non-existent resource at: res://materials/npc_cloth__ef_command_wool.tres.
   at: _printerr (scene/resources/resource_format_text.cpp:39)
ERROR: res://scenes/interior.tscn:598 - Parse Error: [ext_resource] referenced non-existent resource at: res://materials/npc_cloth__ef_coverall.tres.
   at: _printerr (scene/resources/resource_format_text.cpp:39)
ERROR: res://scenes/interior.tscn:599 - Parse Error: [ext_resource] referenced non-existent resource at: res://materials/npc_cloth__ef_security_twill.tres.
   at: _printerr (scene/resources/resource_format_text.cpp:39)
ERROR: res://scenes/interior.tscn:600 - Parse Error: [ext_resource] referenced non-existent resource at: res://materials/npc_cloth__league_bone.tres.
   at: _printerr (scene/resources/resource_format_text.cpp:39)
ERROR: res://scenes/interior.tscn:601 - Parse Error: [ext_resource] referenced non-existent resource at: res://materials/npc_cloth__league_dark.tres.
   at: _printerr (scene/resources/resource_format_text.cpp:39)
ERROR: res://scenes/interior.tscn:602 - Parse Error: [ext_resource] referenced non-existent resource at: res://materials/npc_cloth__minbari_black.tres.
   at: _printerr (scene/resources/resource_format_text.cpp:39)
ERROR: res://scenes/interior.tscn:603 - Parse Error: [ext_resource] referenced non-existent resource at: res://materials/npc_cloth__minbari_cream.tres.
   at: _printerr (scene/resources/resource_format_text.cpp:39)
ERROR: res://scenes/interior.tscn:604 - Parse Error: [ext_resource] referenced non-existent resource at: res://materials/npc_cloth__minbari_worker.tres.
   at: _printerr (scene/resources/resource_format_text.cpp:39)
ERROR: res://scenes/interior.tscn:605 - Parse Error: [ext_resource] referenced non-existent resource at: res://materials/npc_cloth__monastic_habit.tres.
   at: _printerr (scene/resources/resource_format_text.cpp:39)
ERROR: res://scenes/interior.tscn:606 - Parse Error: [ext_resource] referenced non-existent resource at: res://materials/npc_cloth__narn_salvage.tres.
   at: _printerr (scene/resources/resource_format_text.cpp:39)
ERROR: res://scenes/interior.tscn:607 - Parse Error: [ext_resource] referenced non-existent resource at: res://materials/npc_cloth__narn_suede.tres.
   at: _printerr (scene/resources/resource_format_text.cpp:39)
ERROR: res://scenes/interior.tscn:608 - Parse Error: [ext_resource] referenced non-existent resource at: res://materials/npc_cloth__psi_grey.tres.
   at: _printerr (scene/resources/resource_format_text.cpp:39)
ERROR: res://scenes/interior.tscn:609 - Parse Error: [ext_resource] referenced non-existent resource at: res://materials/npc_cloth__psi_ochre.tres.
   at: _printerr (scene/resources/resource_format_text.cpp:39)
ERROR: res://scenes/interior.tscn:610 - Parse Error: [ext_resource] referenced non-existent resource at: res://materials/npc_cloth__psi_olive.tres.
   at: _printerr (scene/resources/resource_format_text.cpp:39)
ERROR: res://scenes/interior.tscn:611 - Parse Error: [ext_resource] referenced non-existent resource at: res://materials/npc_cloth__ranger_tabard.tres.
   at: _printerr (scene/resources/resource_format_text.cpp:39)
ERROR: res://scenes/interior.tscn:612 - Parse Error: [ext_resource] referenced non-existent resource at: res://materials/npc_cloth_trim__centauri_stole.tres.
   at: _printerr (scene/resources/resource_format_text.cpp:39)
ERROR: res://scenes/interior.tscn:613 - Parse Error: [ext_resource] referenced non-existent resource at: res://materials/npc_cloth_trim__civ_collar_yoke.tres.
   at: _printerr (scene/resources/resource_format_text.cpp:39)
ERROR: res://scenes/interior.tscn:614 - Parse Error: [ext_resource] referenced non-existent resource at: res://materials/npc_cloth_trim__civ_cool_dark.tres.
   at: _printerr (scene/resources/resource_format_text.cpp:39)
ERROR: res://scenes/interior.tscn:615 - Parse Error: [ext_resource] referenced non-existent resource at: res://materials/npc_cloth_trim__civ_light_shirt.tres.
   at: _printerr (scene/resources/resource_format_text.cpp:39)
ERROR: res://scenes/interior.tscn:616 - Parse Error: [ext_resource] referenced non-existent resource at: res://materials/npc_cloth_trim__civ_lurker.tres.
   at: _printerr (scene/resources/resource_format_text.cpp:39)
ERROR: res://scenes/interior.tscn:617 - Parse Error: [ext_resource] referenced non-existent resource at: res://materials/npc_cloth_trim__civ_worker_drab.tres.
   at: _printerr (scene/resources/resource_format_text.cpp:39)
ERROR: res://scenes/interior.tscn:618 - Parse Error: [ext_resource] referenced non-existent resource at: res://materials/npc_cloth_trim__ef_black_leather.tres.
   at: _printerr (scene/resources/resource_format_text.cpp:39)
ERROR: res://scenes/interior.tscn:619 - Parse Error: [ext_resource] referenced non-existent resource at: res://materials/npc_cloth_trim__ef_command_leather.tres.
   at: _printerr (scene/resources/resource_format_text.cpp:39)
ERROR: res://scenes/interior.tscn:620 - Parse Error: [ext_resource] referenced non-existent resource at: res://materials/npc_cloth_trim__league_dark.tres.
   at: _printerr (scene/resources/resource_format_text.cpp:39)
ERROR: res://scenes/interior.tscn:621 - Parse Error: [ext_resource] referenced non-existent resource at: res://materials/npc_cloth_trim__league_stole.tres.
   at: _printerr (scene/resources/resource_format_text.cpp:39)
ERROR: res://scenes/interior.tscn:622 - Parse Error: [ext_resource] referenced non-existent resource at: res://materials/npc_cloth_trim__minbari_black.tres.
   at: _printerr (scene/resources/resource_format_text.cpp:39)
ERROR: res://scenes/interior.tscn:623 - Parse Error: [ext_resource] referenced non-existent resource at: res://materials/npc_cloth_trim__minbari_cream.tres.
   at: _printerr (scene/resources/resource_format_text.cpp:39)
ERROR: res://scenes/interior.tscn:624 - Parse Error: [ext_resource] referenced non-existent resource at: res://materials/npc_cloth_trim__monastic_habit.tres.
   at: _printerr (scene/resources/resource_format_text.cpp:39)
ERROR: res://scenes/interior.tscn:625 - Parse Error: [ext_resource] referenced non-existent resource at: res://materials/npc_cloth_trim__narn_apron.tres.
   at: _printerr (scene/resources/resource_format_text.cpp:39)
ERROR: res://scenes/interior.tscn:626 - Parse Error: [ext_resource] referenced non-existent resource at: res://materials/npc_cloth_trim__narn_iridescent.tres.
   at: _printerr (scene/resources/resource_format_text.cpp:39)
ERROR: res://scenes/interior.tscn:627 - Parse Error: [ext_resource] referenced non-existent resource at: res://materials/npc_cloth_trim__narn_salvage.tres.
   at: _printerr (scene/resources/resource_format_text.cpp:39)
ERROR: res://scenes/interior.tscn:628 - Parse Error: [ext_resource] referenced non-existent resource at: res://materials/npc_cloth_trim__nightwatch_black.tres.
   at: _printerr (scene/resources/resource_format_text.cpp:39)
ERROR: res://scenes/interior.tscn:629 - Parse Error: [ext_resource] referenced non-existent resource at: res://materials/npc_cloth_trim__psi_black_panel.tres.
   at: _printerr (scene/resources/resource_format_text.cpp:39)
ERROR: res://scenes/interior.tscn:630 - Parse Error: [ext_resource] referenced non-existent resource at: res://materials/npc_cloth_trim__ranger_black.tres.
   at: _printerr (scene/resources/resource_format_text.cpp:39)
ERROR: res://scenes/interior.tscn:631 - Parse Error: [ext_resource] referenced non-existent resource at: res://materials/npc_hair.tres.
   at: _printerr (scene/resources/resource_format_text.cpp:39)
ERROR: res://scenes/interior.tscn:632 - Parse Error: [ext_resource] referenced non-existent resource at: res://materials/npc_skin.tres.
   at: _printerr (scene/resources/resource_format_text.cpp:39)
ERROR: res://scenes/interior.tscn:633 - Parse Error: [ext_resource] referenced non-existent resource at: res://materials/npc_hair.tres.
   at: _printerr (scene/resources/resource_format_text.cpp:39)
ERROR: res://scenes/interior.tscn:634 - Parse Error: [ext_resource] referenced non-existent resource at: res://materials/npc_skin.tres.
   at: _printerr (scene/resources/resource_format_text.cpp:39)
ERROR: res://scenes/interior.tscn:636 - Parse Error: [ext_resource] referenced non-existent resource at: res://materials/npc_leather__civ_boot.tres.
   at: _printerr (scene/resources/resource_format_text.cpp:39)
ERROR: res://scenes/interior.tscn:637 - Parse Error: [ext_resource] referenced non-existent resource at: res://materials/npc_leather__ef_black_leather.tres.
   at: _printerr (scene/resources/resource_format_text.cpp:39)
ERROR: res://scenes/interior.tscn:638 - Parse Error: [ext_resource] referenced non-existent resource at: res://materials/npc_leather__ef_command_leather.tres.
   at: _printerr (scene/resources/resource_format_text.cpp:39)
ERROR: res://scenes/interior.tscn:639 - Parse Error: [ext_resource] referenced non-existent resource at: res://materials/npc_leather__minbari_black.tres.
   at: _printerr (scene/resources/resource_format_text.cpp:39)
ERROR: res://scenes/interior.tscn:640 - Parse Error: [ext_resource] referenced non-existent resource at: res://materials/npc_leather__narn_apron.tres.
   at: _printerr (scene/resources/resource_format_text.cpp:39)
ERROR: res://scenes/interior.tscn:641 - Parse Error: [ext_resource] referenced non-existent resource at: res://materials/npc_leather__psi_black_panel.tres.
   at: _printerr (scene/resources/resource_format_text.cpp:39)
ERROR: res://scenes/interior.tscn:642 - Parse Error: [ext_resource] referenced non-existent resource at: res://materials/npc_leather__ranger_black.tres.
   at: _printerr (scene/resources/resource_format_text.cpp:39)
ERROR: res://scenes/interior.tscn:643 - Parse Error: [ext_resource] referenced non-existent resource at: res://materials/npc_metal__ef_gold.tres.
   at: _printerr (scene/resources/resource_format_text.cpp:39)
ERROR: res://scenes/interior.tscn:644 - Parse Error: [ext_resource] referenced non-existent resource at: res://materials/npc_metal__league_cord.tres.
   at: _printerr (scene/resources/resource_format_text.cpp:39)
ERROR: res://scenes/interior.tscn:645 - Parse Error: [ext_resource] referenced non-existent resource at: res://materials/npc_metal__narn_yoke.tres.
   at: _printerr (scene/resources/resource_format_text.cpp:39)
ERROR: res://scenes/interior.tscn:646 - Parse Error: [ext_resource] referenced non-existent resource at: res://materials/npc_metal__psi_chrome.tres.
   at: _printerr (scene/resources/resource_format_text.cpp:39)
ERROR: res://scenes/interior.tscn:647 - Parse Error: [ext_resource] referenced non-existent resource at: res://materials/npc_metal__ranger_gold.tres.
   at: _printerr (scene/resources/resource_format_text.cpp:39)
ERROR: res://scenes/interior.tscn:648 - Parse Error: [ext_resource] referenced non-existent resource at: res://materials/npc_skin.tres.
   at: _printerr (scene/resources/resource_format_text.cpp:39)
ERROR: res://scenes/interior.tscn:649 - Parse Error: [ext_resource] referenced non-existent resource at: res://materials/npc_suit_lacquer.tres.
   at: _printerr (scene/resources/resource_format_text.cpp:39)
ERROR: res://scenes/interior.tscn:650 - Parse Error: [ext_resource] referenced non-existent resource at: res://materials/npc_suit_lacquer.tres.
   at: _printerr (scene/resources/resource_format_text.cpp:39)
ERROR: res://scenes/interior.tscn:651 - Parse Error: [ext_resource] referenced non-existent resource at: res://materials/npc_suit_lacquer.tres.
   at: _printerr (scene/resources/resource_format_text.cpp:39)
ERROR: res://scenes/interior.tscn:652 - Parse Error: [ext_resource] referenced non-existent resource at: res://materials/npc_suit_lacquer.tres.
   at: _printerr (scene/resources/resource_format_text.cpp:39)
ERROR: res://scenes/interior.tscn:653 - Parse Error: [ext_resource] referenced non-existent resource at: res://materials/plant_valve_metal.tres.
   at: _printerr (scene/resources/resource_format_text.cpp:39)
ERROR: res://scenes/interior.tscn:654 - Parse Error: [ext_resource] referenced non-existent resource at: res://materials/shell_wall_panel.tres.
   at: _printerr (scene/resources/resource_format_text.cpp:39)
ERROR: res://scenes/interior.tscn:655 - Parse Error: [ext_resource] referenced non-existent resource at: res://materials/shell_wall_panel.tres.
   at: _printerr (scene/resources/resource_format_text.cpp:39)
ERROR: res://scenes/interior.tscn:656 - Parse Error: [ext_resource] referenced non-existent resource at: res://materials/shell_deck_public.tres.
   at: _printerr (scene/resources/resource_format_text.cpp:39)
ERROR: res://scenes/interior.tscn:657 - Parse Error: [ext_resource] referenced non-existent resource at: res://materials/shell_deck_public.tres.
   at: _printerr (scene/resources/resource_format_text.cpp:39)
ERROR: res://scenes/interior.tscn:658 - Parse Error: [ext_resource] referenced non-existent resource at: res://materials/shell_rib_painted.tres.
   at: _printerr (scene/resources/resource_format_text.cpp:39)
ERROR: res://scenes/interior.tscn:659 - Parse Error: [ext_resource] referenced non-existent resource at: res://materials/shell_wall_panel.tres.
   at: _printerr (scene/resources/resource_format_text.cpp:39)
ERROR: res://scenes/interior.tscn:660 - Parse Error: [ext_resource] referenced non-existent resource at: res://materials/shell_wall_panel.tres.
   at: _printerr (scene/resources/resource_format_text.cpp:39)
ERROR: res://scenes/interior.tscn:661 - Parse Error: [ext_resource] referenced non-existent resource at: res://materials/shell_rib_painted.tres.
   at: _printerr (scene/resources/resource_format_text.cpp:39)
ERROR: res://scenes/interior.tscn:662 - Parse Error: [ext_resource] referenced non-existent resource at: res://materials/shell_wall_panel.tres.
   at: _printerr (scene/resources/resource_format_text.cpp:39)
ERROR: res://scenes/interior.tscn:663 - Parse Error: [ext_resource] referenced non-existent resource at: res://materials/shell_wall_panel.tres.
   at: _printerr (scene/resources/resource_format_text.cpp:39)
ERROR: res://scenes/interior.tscn:664 - Parse Error: [ext_resource] referenced non-existent resource at: res://materials/kit_pilaster.tres.
   at: _printerr (scene/resources/resource_format_text.cpp:39)
ERROR: res://scenes/interior.tscn:665 - Parse Error: [ext_resource] referenced non-existent resource at: res://materials/steel_catwalk_tread.tres.
   at: _printerr (scene/resources/resource_format_text.cpp:39)
ERROR: res://scenes/interior.tscn:666 - Parse Error: [ext_resource] referenced non-existent resource at: res://materials/plant_valve_metal.tres.
   at: _printerr (scene/resources/resource_format_text.cpp:39)
ERROR: res://scenes/interior.tscn:667 - Parse Error: [ext_resource] referenced non-existent resource at: res://materials/steel_gantry_oxide.tres.
   at: _printerr (scene/resources/resource_format_text.cpp:39)
ERROR: res://scenes/interior.tscn:668 - Parse Error: [ext_resource] referenced non-existent resource at: res://materials/steel_gantry_oxide.tres.
   at: _printerr (scene/resources/resource_format_text.cpp:39)
ERROR: res://scenes/interior.tscn:669 - Parse Error: [ext_resource] referenced non-existent resource at: res://materials/clad_services.tres.
   at: _printerr (scene/resources/resource_format_text.cpp:39)
ERROR: res://scenes/interior.tscn:670 - Parse Error: [ext_resource] referenced non-existent resource at: res://materials/grab_rail_bare.tres.
   at: _printerr (scene/resources/resource_format_text.cpp:39)
ERROR: res://scenes/interior.tscn:671 - Parse Error: [ext_resource] referenced non-existent resource at: res://materials/clad_services.tres.
   at: _printerr (scene/resources/resource_format_text.cpp:39)
ERROR: res://scenes/interior.tscn:672 - Parse Error: [ext_resource] referenced non-existent resource at: res://materials/plant_valve_metal.tres.
   at: _printerr (scene/resources/resource_format_text.cpp:39)
ERROR: res://scenes/interior.tscn:673 - Parse Error: [ext_resource] referenced non-existent resource at: res://materials/plant_valve_metal.tres.
   at: _printerr (scene/resources/resource_format_text.cpp:39)
ERROR: res://scenes/interior.tscn:674 - Parse Error: [ext_resource] referenced non-existent resource at: res://materials/kit_pilaster.tres.
   at: _printerr (scene/resources/resource_format_text.cpp:39)
ERROR: res://scenes/interior.tscn:675 - Parse Error: [ext_resource] referenced non-existent resource at: res://materials/door_blast_plate.tres.
   at: _printerr (scene/resources/resource_format_text.cpp:39)
ERROR: res://scenes/interior.tscn:678 - Parse Error: [ext_resource] referenced non-existent resource at: res://materials/furn_clinical.tres.
   at: _printerr (scene/resources/resource_format_text.cpp:39)
ERROR: res://scenes/interior.tscn:679 - Parse Error: [ext_resource] referenced non-existent resource at: res://materials/furn_dark_stone.tres.
   at: _printerr (scene/resources/resource_format_text.cpp:39)
ERROR: res://scenes/interior.tscn:680 - Parse Error: [ext_resource] referenced non-existent resource at: res://materials/furn_shop_steel.tres.
   at: _printerr (scene/resources/resource_format_text.cpp:39)
ERROR: res://scenes/interior.tscn:681 - Parse Error: [ext_resource] referenced non-existent resource at: res://materials/door_leaf_painted.tres.
   at: _printerr (scene/resources/resource_format_text.cpp:39)
ERROR: res://scenes/interior.tscn:682 - Parse Error: [ext_resource] referenced non-existent resource at: res://materials/shell_wall_industrial.tres.
   at: _printerr (scene/resources/resource_format_text.cpp:39)
ERROR: res://scenes/interior.tscn:683 - Parse Error: [ext_resource] referenced non-existent resource at: res://materials/door_blast_plate.tres.
   at: _printerr (scene/resources/resource_format_text.cpp:39)
ERROR: res://scenes/interior.tscn:684 - Parse Error: [ext_resource] referenced non-existent resource at: res://materials/furn_pale_composite.tres.
   at: _printerr (scene/resources/resource_format_text.cpp:39)
ERROR: res://scenes/interior.tscn:685 - Parse Error: [ext_resource] referenced non-existent resource at: res://materials/door_blast_plate.tres.
   at: _printerr (scene/resources/resource_format_text.cpp:39)
ERROR: res://scenes/interior.tscn:686 - Parse Error: [ext_resource] referenced non-existent resource at: res://materials/furn_casework.tres.
   at: _printerr (scene/resources/resource_format_text.cpp:39)
ERROR: res://scenes/interior.tscn:687 - Parse Error: [ext_resource] referenced non-existent resource at: res://materials/steel_furnace_scorched.tres.
   at: _printerr (scene/resources/resource_format_text.cpp:39)
ERROR: res://scenes/interior.tscn:688 - Parse Error: [ext_resource] referenced non-existent resource at: res://materials/plant_switchgear.tres.
   at: _printerr (scene/resources/resource_format_text.cpp:39)
ERROR: res://scenes/interior.tscn:689 - Parse Error: [ext_resource] referenced non-existent resource at: res://materials/furn_casework.tres.
   at: _printerr (scene/resources/resource_format_text.cpp:39)
ERROR: res://scenes/interior.tscn:690 - Parse Error: [ext_resource] referenced non-existent resource at: res://materials/door_leaf_painted.tres.
   at: _printerr (scene/resources/resource_format_text.cpp:39)
ERROR: res://scenes/interior.tscn:691 - Parse Error: [ext_resource] referenced non-existent resource at: res://materials/furn_upholstery.tres.
   at: _printerr (scene/resources/resource_format_text.cpp:39)
ERROR: res://scenes/interior.tscn:692 - Parse Error: [ext_resource] referenced non-existent resource at: res://materials/furn_pale_composite.tres.
   at: _printerr (scene/resources/resource_format_text.cpp:39)
ERROR: res://scenes/interior.tscn:693 - Parse Error: [ext_resource] referenced non-existent resource at: res://materials/steel_catwalk_tread.tres.
   at: _printerr (scene/resources/resource_format_text.cpp:39)
ERROR: res://scenes/interior.tscn:694 - Parse Error: [ext_resource] referenced non-existent resource at: res://materials/door_leaf_painted.tres.
   at: _printerr (scene/resources/resource_format_text.cpp:39)
ERROR: res://scenes/interior.tscn:695 - Parse Error: [ext_resource] referenced non-existent resource at: res://materials/steel_gantry_oxide.tres.
   at: _printerr (scene/resources/resource_format_text.cpp:39)
ERROR: res://scenes/interior.tscn:696 - Parse Error: [ext_resource] referenced non-existent resource at: res://materials/furn_service_steel.tres.
   at: _printerr (scene/resources/resource_format_text.cpp:39)
ERROR: res://scenes/interior.tscn:697 - Parse Error: [ext_resource] referenced non-existent resource at: res://materials/device_reader_shell.tres.
   at: _printerr (scene/resources/resource_format_text.cpp:39)
ERROR: res://scenes/interior.tscn:698 - Parse Error: [ext_resource] referenced non-existent resource at: res://materials/device_console_bed.tres.
   at: _printerr (scene/resources/resource_format_text.cpp:39)
ERROR: res://scenes/interior.tscn:699 - Parse Error: [ext_resource] referenced non-existent resource at: res://materials/container_skin.tres.
   at: _printerr (scene/resources/resource_format_text.cpp:39)
ERROR: res://scenes/interior.tscn:700 - Parse Error: [ext_resource] referenced non-existent resource at: res://materials/furn_casework.tres.
   at: _printerr (scene/resources/resource_format_text.cpp:39)
ERROR: res://scenes/interior.tscn:701 - Parse Error: [ext_resource] referenced non-existent resource at: res://materials/device_reader_shell.tres.
   at: _printerr (scene/resources/resource_format_text.cpp:39)
ERROR: res://scenes/interior.tscn:702 - Parse Error: [ext_resource] referenced non-existent resource at: res://materials/furn_clinical.tres.
   at: _printerr (scene/resources/resource_format_text.cpp:39)
ERROR: res://scenes/interior.tscn:703 - Parse Error: [ext_resource] referenced non-existent resource at: res://materials/bar_dartboard.tres.
   at: _printerr (scene/resources/resource_format_text.cpp:39)
ERROR: res://scenes/interior.tscn:704 - Parse Error: [ext_resource] referenced non-existent resource at: res://materials/bay_deck_marking.tres.
   at: _printerr (scene/resources/resource_format_text.cpp:39)
ERROR: res://scenes/interior.tscn:705 - Parse Error: [ext_resource] referenced non-existent resource at: res://materials/furn_casework.tres.
   at: _printerr (scene/resources/resource_format_text.cpp:39)
ERROR: res://scenes/interior.tscn:706 - Parse Error: [ext_resource] referenced non-existent resource at: res://materials/furn_casework.tres.
   at: _printerr (scene/resources/resource_format_text.cpp:39)
ERROR: res://scenes/interior.tscn:707 - Parse Error: [ext_resource] referenced non-existent resource at: res://materials/furn_clinical.tres.
   at: _printerr (scene/resources/resource_format_text.cpp:39)
ERROR: res://scenes/interior.tscn:708 - Parse Error: [ext_resource] referenced non-existent resource at: res://materials/steel_gantry_oxide.tres.
   at: _printerr (scene/resources/resource_format_text.cpp:39)
ERROR: res://scenes/interior.tscn:709 - Parse Error: [ext_resource] referenced non-existent resource at: res://materials/door_leaf_painted.tres.
   at: _printerr (scene/resources/resource_format_text.cpp:39)
ERROR: res://scenes/interior.tscn:710 - Parse Error: [ext_resource] referenced non-existent resource at: res://materials/furn_casework.tres.
   at: _printerr (scene/resources/resource_format_text.cpp:39)
ERROR: res://scenes/interior.tscn:711 - Parse Error: [ext_resource] referenced non-existent resource at: res://materials/device_reader_shell.tres.
   at: _printerr (scene/resources/resource_format_text.cpp:39)
ERROR: res://scenes/interior.tscn:712 - Parse Error: [ext_resource] referenced non-existent resource at: res://materials/device_console_bed.tres.
   at: _printerr (scene/resources/resource_format_text.cpp:39)
ERROR: res://scenes/interior.tscn:713 - Parse Error: [ext_resource] referenced non-existent resource at: res://materials/door_leaf_painted.tres.
   at: _printerr (scene/resources/resource_format_text.cpp:39)
ERROR: res://scenes/interior.tscn:714 - Parse Error: [ext_resource] referenced non-existent resource at: res://materials/grab_rail_bare.tres.
   at: _printerr (scene/resources/resource_format_text.cpp:39)
ERROR: res://scenes/interior.tscn:715 - Parse Error: [ext_resource] referenced non-existent resource at: res://materials/furn_gaming_baize.tres.
   at: _printerr (scene/resources/resource_format_text.cpp:39)
ERROR: res://scenes/interior.tscn:716 - Parse Error: [ext_resource] referenced non-existent resource at: res://materials/furn_shop_steel.tres.
   at: _printerr (scene/resources/resource_format_text.cpp:39)
ERROR: res://scenes/interior.tscn:717 - Parse Error: [ext_resource] referenced non-existent resource at: res://materials/grab_rail_bare.tres.
   at: _printerr (scene/resources/resource_format_text.cpp:39)
ERROR: res://scenes/interior.tscn:718 - Parse Error: [ext_resource] referenced non-existent resource at: res://materials/device_reader_shell.tres.
   at: _printerr (scene/resources/resource_format_text.cpp:39)
ERROR: res://scenes/interior.tscn:719 - Parse Error: [ext_resource] referenced non-existent resource at: res://materials/signage_panel.tres.
   at: _printerr (scene/resources/resource_format_text.cpp:39)
ERROR: res://scenes/interior.tscn:720 - Parse Error: [ext_resource] referenced non-existent resource at: res://materials/device_reader_shell.tres.
   at: _printerr (scene/resources/resource_format_text.cpp:39)
ERROR: res://scenes/interior.tscn:721 - Parse Error: [ext_resource] referenced non-existent resource at: res://materials/device_console_bed.tres.
   at: _printerr (scene/resources/resource_format_text.cpp:39)
ERROR: res://scenes/interior.tscn:722 - Parse Error: [ext_resource] referenced non-existent resource at: res://materials/door_blast_plate.tres.
   at: _printerr (scene/resources/resource_format_text.cpp:39)
ERROR: res://scenes/interior.tscn:723 - Parse Error: [ext_resource] referenced non-existent resource at: res://materials/furn_casework.tres.
   at: _printerr (scene/resources/resource_format_text.cpp:39)
ERROR: res://scenes/interior.tscn:724 - Parse Error: [ext_resource] referenced non-existent resource at: res://materials/furn_casework.tres.
   at: _printerr (scene/resources/resource_format_text.cpp:39)
ERROR: res://scenes/interior.tscn:725 - Parse Error: [ext_resource] referenced non-existent resource at: res://materials/clad_services.tres.
   at: _printerr (scene/resources/resource_format_text.cpp:39)
ERROR: res://scenes/interior.tscn:726 - Parse Error: [ext_resource] referenced non-existent resource at: res://materials/sign_deck_plaque.tres.
   at: _printerr (scene/resources/resource_format_text.cpp:39)
ERROR: res://scenes/interior.tscn:727 - Parse Error: [ext_resource] referenced non-existent resource at: res://materials/device_reader_shell.tres.
   at: _printerr (scene/resources/resource_format_text.cpp:39)
ERROR: res://scenes/interior.tscn:728 - Parse Error: [ext_resource] referenced non-existent resource at: res://materials/door_leaf_painted.tres.
   at: _printerr (scene/resources/resource_format_text.cpp:39)
ERROR: res://scenes/interior.tscn:729 - Parse Error: [ext_resource] referenced non-existent resource at: res://materials/furn_casework.tres.
   at: _printerr (scene/resources/resource_format_text.cpp:39)
ERROR: res://scenes/interior.tscn:730 - Parse Error: [ext_resource] referenced non-existent resource at: res://materials/door_scrap_welded.tres.
   at: _printerr (scene/resources/resource_format_text.cpp:39)
ERROR: res://scenes/interior.tscn:731 - Parse Error: [ext_resource] referenced non-existent resource at: res://materials/device_reader_shell.tres.
   at: _printerr (scene/resources/resource_format_text.cpp:39)
ERROR: res://scenes/interior.tscn:732 - Parse Error: [ext_resource] referenced non-existent resource at: res://materials/furn_stall_canvas.tres.
   at: _printerr (scene/resources/resource_format_text.cpp:39)
ERROR: res://scenes/interior.tscn:733 - Parse Error: [ext_resource] referenced non-existent resource at: res://materials/furn_clinical.tres.
   at: _printerr (scene/resources/resource_format_text.cpp:39)
ERROR: res://scenes/interior.tscn:737 - Parse Error: [ext_resource] referenced non-existent resource at: res://materials/door_leaf_painted.tres.
   at: _printerr (scene/resources/resource_format_text.cpp:39)
ERROR: res://scenes/interior.tscn:738 - Parse Error: [ext_resource] referenced non-existent resource at: res://materials/furn_casework.tres.
   at: _printerr (scene/resources/resource_format_text.cpp:39)
ERROR: res://scenes/interior.tscn:739 - Parse Error: [ext_resource] referenced non-existent resource at: res://materials/furn_paving.tres.
   at: _printerr (scene/resources/resource_format_text.cpp:39)
ERROR: res://scenes/interior.tscn:740 - Parse Error: [ext_resource] referenced non-existent resource at: res://materials/bar_pendant_shade.tres.
   at: _printerr (scene/resources/resource_format_text.cpp:39)
ERROR: res://scenes/interior.tscn:741 - Parse Error: [ext_resource] referenced non-existent resource at: res://materials/furn_worship_stone.tres.
   at: _printerr (scene/resources/resource_format_text.cpp:39)
ERROR: res://scenes/interior.tscn:742 - Parse Error: [ext_resource] referenced non-existent resource at: res://materials/furn_dark_stone.tres.
   at: _printerr (scene/resources/resource_format_text.cpp:39)
ERROR: res://scenes/interior.tscn:743 - Parse Error: [ext_resource] referenced non-existent resource at: res://materials/furn_dark_stone.tres.
   at: _printerr (scene/resources/resource_format_text.cpp:39)
ERROR: res://scenes/interior.tscn:744 - Parse Error: [ext_resource] referenced non-existent resource at: res://materials/door_leaf_painted.tres.
   at: _printerr (scene/resources/resource_format_text.cpp:39)
ERROR: res://scenes/interior.tscn:745 - Parse Error: [ext_resource] referenced non-existent resource at: res://materials/device_console_bed.tres.
   at: _printerr (scene/resources/resource_format_text.cpp:39)
ERROR: res://scenes/interior.tscn:746 - Parse Error: [ext_resource] referenced non-existent resource at: res://materials/furn_casework.tres.
   at: _printerr (scene/resources/resource_format_text.cpp:39)
ERROR: res://scenes/interior.tscn:747 - Parse Error: [ext_resource] referenced non-existent resource at: res://materials/furn_upholstery.tres.
   at: _printerr (scene/resources/resource_format_text.cpp:39)
ERROR: res://scenes/interior.tscn:748 - Parse Error: [ext_resource] referenced non-existent resource at: res://materials/grab_rail_bare.tres.
   at: _printerr (scene/resources/resource_format_text.cpp:39)
ERROR: res://scenes/interior.tscn:749 - Parse Error: [ext_resource] referenced non-existent resource at: res://materials/furn_service_steel.tres.
   at: _printerr (scene/resources/resource_format_text.cpp:39)
ERROR: res://scenes/interior.tscn:750 - Parse Error: [ext_resource] referenced non-existent resource at: res://materials/zoc_screen.tres.
   at: _printerr (scene/resources/resource_format_text.cpp:39)
ERROR: res://scenes/interior.tscn:751 - Parse Error: [ext_resource] referenced non-existent resource at: res://materials/furn_clinical.tres.
   at: _printerr (scene/resources/resource_format_text.cpp:39)
ERROR: res://scenes/interior.tscn:753 - Parse Error: [ext_resource] referenced non-existent resource at: res://materials/door_blast_plate.tres.
   at: _printerr (scene/resources/resource_format_text.cpp:39)
ERROR: res://scenes/interior.tscn:754 - Parse Error: [ext_resource] referenced non-existent resource at: res://materials/device_console_bed.tres.
   at: _printerr (scene/resources/resource_format_text.cpp:39)
ERROR: res://scenes/interior.tscn:755 - Parse Error: [ext_resource] referenced non-existent resource at: res://materials/furn_stall_canvas.tres.
   at: _printerr (scene/resources/resource_format_text.cpp:39)
ERROR: res://scenes/interior.tscn:756 - Parse Error: [ext_resource] referenced non-existent resource at: res://materials/grab_rail_bare.tres.
   at: _printerr (scene/resources/resource_format_text.cpp:39)
ERROR: res://scenes/interior.tscn:758 - Parse Error: [ext_resource] referenced non-existent resource at: res://materials/furn_upholstery.tres.
   at: _printerr (scene/resources/resource_format_text.cpp:39)
ERROR: res://scenes/interior.tscn:759 - Parse Error: [ext_resource] referenced non-existent resource at: res://materials/furn_pale_composite.tres.
   at: _printerr (scene/resources/resource_format_text.cpp:39)
ERROR: res://scenes/interior.tscn:761 - Parse Error: [ext_resource] referenced non-existent resource at: res://materials/plant_switchgear.tres.
   at: _printerr (scene/resources/resource_format_text.cpp:39)
ERROR: res://scenes/interior.tscn:762 - Parse Error: [ext_resource] referenced non-existent resource at: res://materials/furn_shop_steel.tres.
   at: _printerr (scene/resources/resource_format_text.cpp:39)
ERROR: res://scenes/interior.tscn:763 - Parse Error: [ext_resource] referenced non-existent resource at: res://materials/door_leaf_painted.tres.
   at: _printerr (scene/resources/resource_format_text.cpp:39)
ERROR: res://scenes/interior.tscn:764 - Parse Error: [ext_resource] referenced non-existent resource at: res://materials/furn_service_steel.tres.
   at: _printerr (scene/resources/resource_format_text.cpp:39)
ERROR: res://scenes/interior.tscn:765 - Parse Error: [ext_resource] referenced non-existent resource at: res://materials/plant_valve_metal.tres.
   at: _printerr (scene/resources/resource_format_text.cpp:39)
ERROR: res://scenes/interior.tscn:767 - Parse Error: [ext_resource] referenced non-existent resource at: res://materials/furn_casework.tres.
   at: _printerr (scene/resources/resource_format_text.cpp:39)
ERROR: res://scenes/interior.tscn:768 - Parse Error: [ext_resource] referenced non-existent resource at: res://materials/signage_panel.tres.
   at: _printerr (scene/resources/resource_format_text.cpp:39)
ERROR: res://scenes/interior.tscn:769 - Parse Error: [ext_resource] referenced non-existent resource at: res://materials/door_scrap_welded.tres.
   at: _printerr (scene/resources/resource_format_text.cpp:39)
ERROR: res://scenes/interior.tscn:770 - Parse Error: [ext_resource] referenced non-existent resource at: res://materials/furn_shop_steel.tres.
   at: _printerr (scene/resources/resource_format_text.cpp:39)
ERROR: res://scenes/interior.tscn:771 - Parse Error: [ext_resource] referenced non-existent resource at: res://materials/device_reader_shell.tres.
   at: _printerr (scene/resources/resource_format_text.cpp:39)
ERROR: res://scenes/interior.tscn:772 - Parse Error: [ext_resource] referenced non-existent resource at: res://materials/furn_upholstery.tres.
   at: _printerr (scene/resources/resource_format_text.cpp:39)
ERROR: res://scenes/interior.tscn:773 - Parse Error: [ext_resource] referenced non-existent resource at: res://materials/plant_valve_metal.tres.
   at: _printerr (scene/resources/resource_format_text.cpp:39)
ERROR: res://scenes/interior.tscn:774 - Parse Error: [ext_resource] referenced non-existent resource at: res://materials/shell_wall_panel.tres.
   at: _printerr (scene/resources/resource_format_text.cpp:39)
ERROR: res://scenes/interior.tscn:775 - Parse Error: [ext_resource] referenced non-existent resource at: res://materials/shell_wall_panel.tres.
   at: _printerr (scene/resources/resource_format_text.cpp:39)
ERROR: res://scenes/interior.tscn:776 - Parse Error: [ext_resource] referenced non-existent resource at: res://materials/kit_deck.tres.
   at: _printerr (scene/resources/resource_format_text.cpp:39)
ERROR: res://scenes/interior.tscn:777 - Parse Error: [ext_resource] referenced non-existent resource at: res://materials/shell_deck_public.tres.
   at: _printerr (scene/resources/resource_format_text.cpp:39)
ERROR: res://scenes/interior.tscn:778 - Parse Error: [ext_resource] referenced non-existent resource at: res://materials/furn_casework.tres.
   at: _printerr (scene/resources/resource_format_text.cpp:39)
ERROR: res://scenes/interior.tscn:779 - Parse Error: [ext_resource] referenced non-existent resource at: res://materials/furn_casework.tres.
   at: _printerr (scene/resources/resource_format_text.cpp:39)
ERROR: res://scenes/interior.tscn:780 - Parse Error: [ext_resource] referenced non-existent resource at: res://materials/shell_rib_painted.tres.
   at: _printerr (scene/resources/resource_format_text.cpp:39)
ERROR: res://scenes/interior.tscn:781 - Parse Error: [ext_resource] referenced non-existent resource at: res://materials/shell_wall_panel.tres.
   at: _printerr (scene/resources/resource_format_text.cpp:39)
ERROR: res://scenes/interior.tscn:782 - Parse Error: [ext_resource] referenced non-existent resource at: res://materials/shell_wall_panel.tres.
   at: _printerr (scene/resources/resource_format_text.cpp:39)
ERROR: res://scenes/interior.tscn:783 - Parse Error: [ext_resource] referenced non-existent resource at: res://materials/furn_upholstery.tres.
   at: _printerr (scene/resources/resource_format_text.cpp:39)
ERROR: res://scenes/interior.tscn:784 - Parse Error: [ext_resource] referenced non-existent resource at: res://materials/furn_clinical.tres.
   at: _printerr (scene/resources/resource_format_text.cpp:39)
ERROR: res://scenes/interior.tscn:785 - Parse Error: [ext_resource] referenced non-existent resource at: res://materials/shell_wall_panel.tres.
   at: _printerr (scene/resources/resource_format_text.cpp:39)
ERROR: res://scenes/interior.tscn:786 - Parse Error: [ext_resource] referenced non-existent resource at: res://materials/shell_wall_panel.tres.
   at: _printerr (scene/resources/resource_format_text.cpp:39)
ERROR: res://scenes/interior.tscn:787 - Parse Error: [ext_resource] referenced non-existent resource at: res://materials/kit_rail_band.tres.
   at: _printerr (scene/resources/resource_format_text.cpp:39)
ERROR: res://scenes/interior.tscn:788 - Parse Error: [ext_resource] referenced non-existent resource at: res://materials/plant_valve_metal.tres.
   at: _printerr (scene/resources/resource_format_text.cpp:39)
ERROR: res://scenes/interior.tscn:789 - Parse Error: [ext_resource] referenced non-existent resource at: res://materials/shell_wall_panel.tres.
   at: _printerr (scene/resources/resource_format_text.cpp:39)
ERROR: res://scenes/interior.tscn:790 - Parse Error: [ext_resource] referenced non-existent resource at: res://materials/shell_wall_panel.tres.
   at: _printerr (scene/resources/resource_format_text.cpp:39)
ERROR: res://scenes/interior.tscn:791 - Parse Error: [ext_resource] referenced non-existent resource at: res://materials/shell_deck_clinical.tres.
   at: _printerr (scene/resources/resource_format_text.cpp:39)
ERROR: res://scenes/interior.tscn:792 - Parse Error: [ext_resource] referenced non-existent resource at: res://materials/shell_deck_public.tres.
   at: _printerr (scene/resources/resource_format_text.cpp:39)
ERROR: res://scenes/interior.tscn:793 - Parse Error: [ext_resource] referenced non-existent resource at: res://materials/shell_rib_painted.tres.
   at: _printerr (scene/resources/resource_format_text.cpp:39)
ERROR: res://scenes/interior.tscn:794 - Parse Error: [ext_resource] referenced non-existent resource at: res://materials/shell_wall_panel.tres.
   at: _printerr (scene/resources/resource_format_text.cpp:39)
ERROR: res://scenes/interior.tscn:795 - Parse Error: [ext_resource] referenced non-existent resource at: res://materials/shell_wall_panel.tres.
   at: _printerr (scene/resources/resource_format_text.cpp:39)
ERROR: res://scenes/interior.tscn:796 - Parse Error: [ext_resource] referenced non-existent resource at: res://materials/shell_rib_painted.tres.
   at: _printerr (scene/resources/resource_format_text.cpp:39)
ERROR: res://scenes/interior.tscn:797 - Parse Error: [ext_resource] referenced non-existent resource at: res://materials/shell_wall_panel.tres.
   at: _printerr (scene/resources/resource_format_text.cpp:39)
ERROR: res://scenes/interior.tscn:798 - Parse Error: [ext_resource] referenced non-existent resource at: res://materials/shell_wall_clinical.tres.
   at: _printerr (scene/resources/resource_format_text.cpp:39)
ERROR: res://scenes/interior.tscn:799 - Parse Error: [ext_resource] referenced non-existent resource at: res://materials/kit_reveal.tres.
   at: _printerr (scene/resources/resource_format_text.cpp:39)
ERROR: res://scenes/interior.tscn:800 - Parse Error: [ext_resource] referenced non-existent resource at: res://materials/signage_panel.tres.
   at: _printerr (scene/resources/resource_format_text.cpp:39)
ERROR: res://scenes/interior.tscn:802 - Parse Error: [ext_resource] referenced non-existent resource at: res://materials/sign_mount_dark.tres.
   at: _printerr (scene/resources/resource_format_text.cpp:39)
ERROR: res://scenes/interior.tscn:803 - Parse Error: [ext_resource] referenced non-existent resource at: res://materials/sign_mount_dark.tres.
   at: _printerr (scene/resources/resource_format_text.cpp:39)
ERROR: res://scenes/interior.tscn:807 - Parse Error: [ext_resource] referenced non-existent resource at: res://materials/signage_panel.tres.
   at: _printerr (scene/resources/resource_format_text.cpp:39)
ERROR: res://scenes/interior.tscn:808 - Parse Error: [ext_resource] referenced non-existent resource at: res://materials/kit_skirt.tres.
   at: _printerr (scene/resources/resource_format_text.cpp:39)
ERROR: res://scenes/interior.tscn:809 - Parse Error: [ext_resource] referenced non-existent resource at: res://materials/kit_soffit.tres.
   at: _printerr (scene/resources/resource_format_text.cpp:39)
ERROR: res://scenes/interior.tscn:810 - Parse Error: [ext_resource] referenced non-existent resource at: res://materials/plant_valve_metal.tres.
   at: _printerr (scene/resources/resource_format_text.cpp:39)
ERROR: res://scenes/interior.tscn:811 - Parse Error: [ext_resource] referenced non-existent resource at: res://materials/shell_wall_panel.tres.
   at: _printerr (scene/resources/resource_format_text.cpp:39)
ERROR: res://scenes/interior.tscn:812 - Parse Error: [ext_resource] referenced non-existent resource at: res://materials/shell_wall_panel.tres.
   at: _printerr (scene/resources/resource_format_text.cpp:39)
ERROR: res://scenes/interior.tscn:813 - Parse Error: [ext_resource] referenced non-existent resource at: res://materials/shell_deck_industrial.tres.
   at: _printerr (scene/resources/resource_format_text.cpp:39)
ERROR: res://scenes/interior.tscn:814 - Parse Error: [ext_resource] referenced non-existent resource at: res://materials/shell_deck_public.tres.
   at: _printerr (scene/resources/resource_format_text.cpp:39)
ERROR: res://scenes/interior.tscn:815 - Parse Error: [ext_resource] referenced non-existent resource at: res://materials/shell_rib_painted.tres.
   at: _printerr (scene/resources/resource_format_text.cpp:39)
ERROR: res://scenes/interior.tscn:816 - Parse Error: [ext_resource] referenced non-existent resource at: res://materials/shell_wall_panel.tres.
   at: _printerr (scene/resources/resource_format_text.cpp:39)
ERROR: res://scenes/interior.tscn:817 - Parse Error: [ext_resource] referenced non-existent resource at: res://materials/shell_wall_panel.tres.
   at: _printerr (scene/resources/resource_format_text.cpp:39)
ERROR: res://scenes/interior.tscn:818 - Parse Error: [ext_resource] referenced non-existent resource at: res://materials/shell_rib_oxide.tres.
   at: _printerr (scene/resources/resource_format_text.cpp:39)
ERROR: res://scenes/interior.tscn:819 - Parse Error: [ext_resource] referenced non-existent resource at: res://materials/shell_wall_panel.tres.
   at: _printerr (scene/resources/resource_format_text.cpp:39)
ERROR: res://scenes/interior.tscn:820 - Parse Error: [ext_resource] referenced non-existent resource at: res://materials/shell_wall_industrial.tres.
   at: _printerr (scene/resources/resource_format_text.cpp:39)
ERROR: res://scenes/interior.tscn:821 - Parse Error: [ext_resource] referenced non-existent resource at: res://materials/kit_wall_plate.tres.
   at: _printerr (scene/resources/resource_format_text.cpp:39)
ERROR: res://scenes/interior.tscn:822 - Parse Error: [ext_resource] referenced non-existent resource at: res://materials/plant_valve_metal.tres.
   at: _printerr (scene/resources/resource_format_text.cpp:39)
ERROR: res://scenes/interior.tscn:823 - Parse Error: [ext_resource] referenced non-existent resource at: res://materials/shell_wall_panel.tres.
   at: _printerr (scene/resources/resource_format_text.cpp:39)
ERROR: res://scenes/interior.tscn:824 - Parse Error: [ext_resource] referenced non-existent resource at: res://materials/shell_wall_panel.tres.
   at: _printerr (scene/resources/resource_format_text.cpp:39)
ERROR: res://scenes/interior.tscn:825 - Parse Error: [ext_resource] referenced non-existent resource at: res://materials/shell_deck_public.tres.
   at: _printerr (scene/resources/resource_format_text.cpp:39)
ERROR: res://scenes/interior.tscn:826 - Parse Error: [ext_resource] referenced non-existent resource at: res://materials/shell_deck_public.tres.
   at: _printerr (scene/resources/resource_format_text.cpp:39)
ERROR: res://scenes/interior.tscn:827 - Parse Error: [ext_resource] referenced non-existent resource at: res://materials/shell_rib_painted.tres.
   at: _printerr (scene/resources/resource_format_text.cpp:39)
ERROR: res://scenes/interior.tscn:828 - Parse Error: [ext_resource] referenced non-existent resource at: res://materials/shell_wall_panel.tres.
   at: _printerr (scene/resources/resource_format_text.cpp:39)
ERROR: res://scenes/interior.tscn:829 - Parse Error: [ext_resource] referenced non-existent resource at: res://materials/shell_wall_panel.tres.
   at: _printerr (scene/resources/resource_format_text.cpp:39)
ERROR: res://scenes/interior.tscn:830 - Parse Error: [ext_resource] referenced non-existent resource at: res://materials/shell_rib_painted.tres.
   at: _printerr (scene/resources/resource_format_text.cpp:39)
ERROR: res://scenes/interior.tscn:831 - Parse Error: [ext_resource] referenced non-existent resource at: res://materials/shell_wall_panel.tres.
   at: _printerr (scene/resources/resource_format_text.cpp:39)
ERROR: res://scenes/interior.tscn:832 - Parse Error: [ext_resource] referenced non-existent resource at: res://materials/shell_wall_panel.tres.
   at: _printerr (scene/resources/resource_format_text.cpp:39)
ERROR: res://scenes/interior.tscn:833 - Parse Error: [ext_resource] referenced non-existent resource at: res://materials/kit_wall_plate.tres.
   at: _printerr (scene/resources/resource_format_text.cpp:39)
ERROR: res://scenes/interior.tscn:834 - Parse Error: [ext_resource] referenced non-existent resource at: res://materials/kit_wall_plate.tres.
   at: _printerr (scene/resources/resource_format_text.cpp:39)
ERROR: res://scenes/interior.tscn:835 - Parse Error: [ext_resource] referenced non-existent resource at: res://materials/kit_reveal.tres.
   at: _printerr (scene/resources/resource_format_text.cpp:39)
ERROR: res://scenes/interior.tscn:836 - Parse Error: [ext_resource] referenced non-existent resource at: res://materials/plant_valve_metal.tres.
   at: _printerr (scene/resources/resource_format_text.cpp:39)
ERROR: res://scenes/interior.tscn:837 - Parse Error: [ext_resource] referenced non-existent resource at: res://materials/shell_wall_panel.tres.
   at: _printerr (scene/resources/resource_format_text.cpp:39)
ERROR: res://scenes/interior.tscn:838 - Parse Error: [ext_resource] referenced non-existent resource at: res://materials/shell_wall_panel.tres.
   at: _printerr (scene/resources/resource_format_text.cpp:39)
ERROR: res://scenes/interior.tscn:839 - Parse Error: [ext_resource] referenced non-existent resource at: res://materials/shell_deck_stone.tres.
   at: _printerr (scene/resources/resource_format_text.cpp:39)
ERROR: res://scenes/interior.tscn:840 - Parse Error: [ext_resource] referenced non-existent resource at: res://materials/shell_deck_public.tres.
   at: _printerr (scene/resources/resource_format_text.cpp:39)
ERROR: res://scenes/interior.tscn:841 - Parse Error: [ext_resource] referenced non-existent resource at: res://materials/shell_rib_painted.tres.
   at: _printerr (scene/resources/resource_format_text.cpp:39)
ERROR: res://scenes/interior.tscn:842 - Parse Error: [ext_resource] referenced non-existent resource at: res://materials/shell_wall_panel.tres.
   at: _printerr (scene/resources/resource_format_text.cpp:39)
ERROR: res://scenes/interior.tscn:843 - Parse Error: [ext_resource] referenced non-existent resource at: res://materials/shell_wall_panel.tres.
   at: _printerr (scene/resources/resource_format_text.cpp:39)
ERROR: res://scenes/interior.tscn:844 - Parse Error: [ext_resource] referenced non-existent resource at: res://materials/shell_rib_painted.tres.
   at: _printerr (scene/resources/resource_format_text.cpp:39)
ERROR: res://scenes/interior.tscn:845 - Parse Error: [ext_resource] referenced non-existent resource at: res://materials/shell_wall_panel.tres.
   at: _printerr (scene/resources/resource_format_text.cpp:39)
ERROR: res://scenes/interior.tscn:846 - Parse Error: [ext_resource] referenced non-existent resource at: res://materials/shell_wall_panel.tres.
   at: _printerr (scene/resources/resource_format_text.cpp:39)
ERROR: res://scenes/interior.tscn:847 - Parse Error: [ext_resource] referenced non-existent resource at: res://materials/zoc_five_panel.tres.
   at: _printerr (scene/resources/resource_format_text.cpp:39)
ERROR: res://scenes/interior.tscn:848 - Parse Error: [ext_resource] referenced non-existent resource at: res://materials/zoc_armature.tres.
   at: _printerr (scene/resources/resource_format_text.cpp:39)
ERROR: res://scenes/interior.tscn:849 - Parse Error: [ext_resource] referenced non-existent resource at: res://materials/zoc_chair_seat.tres.
   at: _printerr (scene/resources/resource_format_text.cpp:39)
ERROR: res://scenes/interior.tscn:850 - Parse Error: [ext_resource] referenced non-existent resource at: res://materials/zoc_deck_chevron.tres.
   at: _printerr (scene/resources/resource_format_text.cpp:39)
ERROR: res://scenes/interior.tscn:852 - Parse Error: [ext_resource] referenced non-existent resource at: res://materials/zoc_deck_tile.tres.
   at: _printerr (scene/resources/resource_format_text.cpp:39)
ERROR: res://scenes/interior.tscn:853 - Parse Error: [ext_resource] referenced non-existent resource at: res://materials/zoc_deck_worn.tres.
   at: _printerr (scene/resources/resource_format_text.cpp:39)
ERROR: res://scenes/interior.tscn:855 - Parse Error: [ext_resource] referenced non-existent resource at: res://materials/zoc_structure.tres.
   at: _printerr (scene/resources/resource_format_text.cpp:39)
ERROR: res://scenes/interior.tscn:856 - Parse Error: [ext_resource] referenced non-existent resource at: res://materials/zoc_gallery_slab.tres.
   at: _printerr (scene/resources/resource_format_text.cpp:39)
ERROR: res://scenes/interior.tscn:857 - Parse Error: [ext_resource] referenced non-existent resource at: res://materials/zoc_structure.tres.
   at: _printerr (scene/resources/resource_format_text.cpp:39)
ERROR: res://scenes/interior.tscn:860 - Parse Error: [ext_resource] referenced non-existent resource at: res://materials/zoc_structure.tres.
   at: _printerr (scene/resources/resource_format_text.cpp:39)
ERROR: res://scenes/interior.tscn:861 - Parse Error: [ext_resource] referenced non-existent resource at: res://materials/zoc_rail.tres.
   at: _printerr (scene/resources/resource_format_text.cpp:39)
ERROR: res://scenes/interior.tscn:862 - Parse Error: [ext_resource] referenced non-existent resource at: res://materials/zoc_structure.tres.
   at: _printerr (scene/resources/resource_format_text.cpp:39)
ERROR: res://scenes/interior.tscn:863 - Parse Error: [ext_resource] referenced non-existent resource at: res://materials/zoc_structure.tres.
   at: _printerr (scene/resources/resource_format_text.cpp:39)
ERROR: res://scenes/interior.tscn:865 - Parse Error: [ext_resource] referenced non-existent resource at: res://materials/zoc_screen.tres.
   at: _printerr (scene/resources/resource_format_text.cpp:39)
ERROR: res://scenes/interior.tscn:866 - Parse Error: [ext_resource] referenced non-existent resource at: res://materials/zoc_service_chrome.tres.
   at: _printerr (scene/resources/resource_format_text.cpp:39)
ERROR: res://scenes/interior.tscn:867 - Parse Error: [ext_resource] referenced non-existent resource at: res://materials/zoc_stair.tres.
   at: _printerr (scene/resources/resource_format_text.cpp:39)
ERROR: res://scenes/interior.tscn:868 - Parse Error: [ext_resource] referenced non-existent resource at: res://materials/zoc_stall_canvas.tres.
   at: _printerr (scene/resources/resource_format_text.cpp:39)
ERROR: res://scenes/interior.tscn:869 - Parse Error: [ext_resource] referenced non-existent resource at: res://materials/zoc_stall_counter.tres.
   at: _printerr (scene/resources/resource_format_text.cpp:39)
ERROR: res://scenes/interior.tscn:870 - Parse Error: [ext_resource] referenced non-existent resource at: res://materials/zoc_stall_canvas.tres.
   at: _printerr (scene/resources/resource_format_text.cpp:39)
ERROR: res://scenes/interior.tscn:872 - Parse Error: [ext_resource] referenced non-existent resource at: res://materials/zoc_armature.tres.
   at: _printerr (scene/resources/resource_format_text.cpp:39)
ERROR: res://scenes/interior.tscn:873 - Parse Error: [ext_resource] referenced non-existent resource at: res://materials/zoc_stall_post.tres.
   at: _printerr (scene/resources/resource_format_text.cpp:39)
ERROR: res://scenes/interior.tscn:875 - Parse Error: [ext_resource] referenced non-existent resource at: res://materials/zoc_armature.tres.
   at: _printerr (scene/resources/resource_format_text.cpp:39)
ERROR: res://scenes/interior.tscn:876 - Parse Error: [ext_resource] referenced non-existent resource at: res://materials/zoc_cafe_table.tres.
   at: _printerr (scene/resources/resource_format_text.cpp:39)
ERROR: res://scenes/interior.tscn:877 - Parse Error: [ext_resource] referenced non-existent resource at: res://materials/zoc_table_edge.tres.
   at: _printerr (scene/resources/resource_format_text.cpp:39)
ERROR: res://scenes/interior.tscn:878 - Parse Error: [ext_resource] referenced non-existent resource at: res://materials/zoc_five_panel.tres.
   at: _printerr (scene/resources/resource_format_text.cpp:39)
ERROR: res://scenes/interior.tscn:879 - Parse Error: [ext_resource] referenced non-existent resource at: res://materials/zoc_cafe_table.tres.
   at: _printerr (scene/resources/resource_format_text.cpp:39)
ERROR: res://scenes/interior.tscn:880 - Parse Error: [ext_resource] referenced non-existent resource at: res://materials/zoc_cafe_table.tres.
   at: _printerr (scene/resources/resource_format_text.cpp:39)
ERROR: res://scenes/interior.tscn:881 - Parse Error: [ext_resource] referenced non-existent resource at: res://materials/zoc_wall_plate.tres.
   at: _printerr (scene/resources/resource_format_text.cpp:39)
ERROR: walk: dress FAILED -- no such file: /home/user/Opus-5/scratchpad/till-run/head/tools/export_scene.py
   at: push_error (core/variant/variant_utility.cpp:1098)
ERROR: 1 RID allocations of type 'N26RendererEnvironmentStorage11EnvironmentE' were leaked at exit.
ERROR: 9 RID allocations of type 'N13RendererDummy15MaterialStorage13DummyMaterialE' were leaked at exit.
ERROR: 2 RID allocations of type 'N13RendererDummy15MaterialStorage11DummyShaderE' were leaked at exit.
ERROR: 1 RID allocations of type 'N17RendererSceneCull6CameraE' were leaked at exit.
WARNING: ObjectDB instances leaked at exit (run with --verbose for details).
     at: cleanup (core/object/object.cpp:2378)
ERROR: 39 resources still in use at exit (run with --verbose for details).
   at: clear (core/io/resource.cpp:614)
