Godot Engine v4.4.stable.custom_build.4c311cbee (2025-03-02 23:31:23 UTC) - https://godotengine.org

main: deck blue_0_0, spawn -19.10,-210.61,7120.94 in corridor, 6 rooms
main: Babylon 5 -- mode=station, boot from /home/user/Opus-5/station/generated/scene/boot.json
main: STREAMED -- 18 cells from /home/user/Opus-5/station/generated/scene/deck/cells_blue_0_0/blue_0_0_cells.json, starting in cell 13  -- STALE: render: cells sum to 735732, the deck on disk has 741040 (-5308)
stream: 18 cells, radius 66.1 m (cell_manifest.json deck_table[blue.ring_1.d0].si), free at 73.8 m, budget 180000 tri = 3 cells, 2 in flight
stream: +blue_0_0_c13  51440 tri, 2 col mesh, 79 materialled, 18.8 ms, lead primed, resident 1 (51440 tri)
walk: STREAMED level -- start cell 13, primed in 23 ms, spawn -19.10,-210.61,7120.94, corridor r=211.56 z=7121.25 w=2.60, lookahead 23.4 m (chord sag 0.32 m)
walk: gravity -- omega2=0.03523997 rad2/s2 from cell_manifest deck_table[blue.ring_1.d0]: floor_g 0.7602 at r=211.55 m, period 33.470 s
walk: no crowd library was named -- found 3 beside blue_0_0_crowd.json, ladder 1e9:8 (the coarsest that shipped; pass --crowd-ladder= for the derived one)
npc: walker colliders are separate/every_frame
interact: purse player:downbelow (ALLAN, ANNA, no_status) 420.50 cr, carrying 2/8
enforcement: 6 place(s) carry a consequence, for ALLAN, ANNA (rung 0 no_status), response 0 s (bay_elevators) .. 227 s (lowg_bays)
walk: +wired blue_0_0_c13 -- doors now 1, 1 person(s), 8 walker(s), 1 interactable(s)
walk: 1 interactables wired, 0 pressable (tread:1)
dialogue: 21 people, 84 rows, baked at 03.00, 09.00, 13.00, 19.00
dialogue: 21 people can speak, of 21 in the cast
hud: purse player:downbelow (ALLAN, ANNA, no_status) 420.50 cr, 172.38 earned, carrying identicard, kit_bag
hud: 98 checkpoints wired
life: navgraph 179 nodes, 249 edges
life: clock started at 13.00 EMT, 0.017 station hours per real second; 1 of 21 residents bound (streamed: the cast in the 1 resident cell(s); rebound as cells arrive)
life: 03:00 -> 0 present, 13:00 -> 1 present, of 1 bound (the same cast, read at two hours)
ambience: 13/13 streams, 128 places, master trim 8.33 dB
ambience: bound 1 places, 2 emitters (cap 24)
collapse: 45 bodies scheduled today on this deck, 23 still to come after 13.00
ragdoll: director ready, bodies from /home/user/Opus-5/station/generated/scene/npc, controls -
npc: occupants following the station clock at /root/Main/Life
enforcement: hud=true crowd=true clock=true
dialogue: following the station clock at /root/Main/Life
dialogue: prompt=-
walk: +wired blue_0_0_c12 -- doors now 1, 1 person(s), 7 walker(s), 3 interactable(s)
stream: +blue_0_0_c12  49552 tri, 2 col mesh, 77 materialled, 18.0 ms, lead 17.8 m, resident 2 (100992 tri)
walk: +wired blue_0_0_c14 -- doors now 2, 4 person(s), 8 walker(s), 2 interactable(s)
stream: +blue_0_0_c14  53462 tri, 2 col mesh, 91 materialled, 20.3 ms, lead 56.1 m, resident 3 (154454 tri)
life: 3 cells resident -- 6 of 21 residents bound
hud: CORRIDOR(near PLANTROOM BAY 15.2m) blue/0/0 hdg=0 ring=264.8 r=211.5 prompt=- credits=420.50 carrying=identicard,kit_bag seated=- eye_m=1.70
ARREST gate: mooring_clamps, rung 0(no_status) against need 2, response 114 s at x40
walk: -unwired blue_0_0_c13 -- 2 door part(s), 9 person(s), 1 interactable(s)
stream: -blue_0_0_c13  resident 2 (103014 tri)
walk: -unwired blue_0_0_c12 -- 2 door part(s), 8 person(s), 3 interactable(s)
stream: -blue_0_0_c12  resident 1 (53462 tri)
walk: -unwired blue_0_0_c14 -- 3 door part(s), 12 person(s), 2 interactable(s)
stream: -blue_0_0_c14  resident 0 (0 tri)
life: 0 cells resident -- 0 of 21 residents bound
hud: CORRIDOR(near MOORING CLAMPS 4.0m) blue/0/0 hdg=0 ring=179.9 r=206.6 prompt=- credits=420.50 carrying=identicard,kit_bag seated=- eye_m=1.70
hud: CORRIDOR(near MOORING CLAMPS 3.6m) blue/0/0 hdg=0 ring=179.9 r=207.0 prompt=- credits=420.50 carrying=identicard,kit_bag seated=- eye_m=1.70
walk: +wired blue_0_0_c08 -- doors now 1, 2 person(s), 8 walker(s), 1 interactable(s)
stream: +blue_0_0_c08  38296 tri, 2 col mesh, 73 materialled, 17.7 ms, lead 0.0 m, resident 1 (38296 tri)
life: 1 cells resident -- 2 of 21 residents bound
hud: CORRIDOR(near MOORING CLAMPS 3.3m) blue/0/0 hdg=0 ring=179.9 r=207.4 prompt=- credits=420.50 carrying=identicard,kit_bag seated=- eye_m=1.70
walk: +wired blue_0_0_c09 -- doors now 1, 0 person(s), 7 walker(s), 1 interactable(s)
stream: +blue_0_0_c09  35026 tri, 2 col mesh, 76 materialled, 17.6 ms, lead 0.4 m, resident 2 (73322 tri)
life: 2 cells resident -- 2 of 21 residents bound
hud: CORRIDOR(near MOORING CLAMPS 2.9m) blue/0/0 hdg=0 ring=179.9 r=207.7 prompt=- credits=420.50 carrying=identicard,kit_bag seated=- eye_m=1.70
hud: CORRIDOR(near MOORING CLAMPS 2.5m) blue/0/0 hdg=0 ring=179.9 r=208.1 prompt=- credits=420.50 carrying=identicard,kit_bag seated=- eye_m=1.70
hud: CORRIDOR(near MOORING CLAMPS 2.1m) blue/0/0 hdg=0 ring=179.9 r=208.5 prompt=- credits=420.50 carrying=identicard,kit_bag seated=- eye_m=1.70
hud: CORRIDOR(near MOORING CLAMPS 1.8m) blue/0/0 hdg=0 ring=179.9 r=208.9 prompt=- credits=420.50 carrying=identicard,kit_bag seated=- eye_m=1.70
CHECK place=mooring_clamps need=2(transit) tier=0(no_status) result=refuse why=P-05: blue is access-restricted, so its boundary is a controlled one
hud: MOORING CLAMPS blue/0/0 hdg=0 ring=179.9 r=209.2 prompt=- credits=420.50 carrying=identicard,kit_bag seated=- eye_m=1.70
ARREST refused at mooring_clamps -- David Nakamura* + Bo Rossi notified, 114 s away (customs_south)
hud: MOORING CLAMPS blue/0/0 hdg=0 ring=180.0 r=209.2 prompt=- credits=420.50 carrying=identicard,kit_bag seated=- eye_m=1.70
hud: MOORING CLAMPS blue/0/0 hdg=0 ring=180.0 r=209.3 prompt=- credits=420.50 carrying=identicard,kit_bag seated=- eye_m=1.70
hud: MOORING CLAMPS blue/0/0 hdg=0 ring=179.8 r=209.3 prompt=- credits=420.50 carrying=identicard,kit_bag seated=- eye_m=1.70
hud: MOORING CLAMPS blue/0/0 hdg=0 ring=180.0 r=209.3 prompt=- credits=420.50 carrying=identicard,kit_bag seated=- eye_m=1.70
hud: MOORING CLAMPS blue/0/0 hdg=0 ring=179.9 r=209.3 prompt=- credits=420.50 carrying=identicard,kit_bag seated=- eye_m=1.70
hud: MOORING CLAMPS blue/0/0 hdg=0 ring=180.0 r=209.3 prompt=- credits=420.50 carrying=identicard,kit_bag seated=- eye_m=1.70
hud: MOORING CLAMPS blue/0/0 hdg=0 ring=179.9 r=209.3 prompt=- credits=420.50 carrying=identicard,kit_bag seated=- eye_m=1.70
hud: MOORING CLAMPS blue/0/0 hdg=0 ring=180.0 r=209.3 prompt=- credits=420.50 carrying=identicard,kit_bag seated=- eye_m=1.70
hud: MOORING CLAMPS blue/0/0 hdg=0 ring=179.9 r=209.3 prompt=- credits=420.50 carrying=identicard,kit_bag seated=- eye_m=1.70
hud: MOORING CLAMPS blue/0/0 hdg=0 ring=180.0 r=209.3 prompt=- credits=420.50 carrying=identicard,kit_bag seated=- eye_m=1.70
hud: MOORING CLAMPS blue/0/0 hdg=0 ring=179.9 r=209.3 prompt=- credits=420.50 carrying=identicard,kit_bag seated=- eye_m=1.70
hud: MOORING CLAMPS blue/0/0 hdg=0 ring=180.0 r=209.3 prompt=- credits=420.50 carrying=identicard,kit_bag seated=- eye_m=1.70
hud: MOORING CLAMPS blue/0/0 hdg=0 ring=179.9 r=209.3 prompt=- credits=420.50 carrying=identicard,kit_bag seated=- eye_m=1.70
hud: MOORING CLAMPS blue/0/0 hdg=0 ring=180.0 r=209.3 prompt=- credits=420.50 carrying=identicard,kit_bag seated=- eye_m=1.70
hud: MOORING CLAMPS blue/0/0 hdg=0 ring=179.9 r=209.3 prompt=- credits=420.50 carrying=identicard,kit_bag seated=- eye_m=1.70
hud: MOORING CLAMPS blue/0/0 hdg=0 ring=180.0 r=209.3 prompt=- credits=420.50 carrying=identicard,kit_bag seated=- eye_m=1.70
hud: MOORING CLAMPS blue/0/0 hdg=0 ring=179.9 r=209.3 prompt=- credits=420.50 carrying=identicard,kit_bag seated=- eye_m=1.70
hud: MOORING CLAMPS blue/0/0 hdg=0 ring=180.0 r=209.3 prompt=- credits=420.50 carrying=identicard,kit_bag seated=- eye_m=1.70
hud: MOORING CLAMPS blue/0/0 hdg=0 ring=179.9 r=209.3 prompt=- credits=420.50 carrying=identicard,kit_bag seated=- eye_m=1.70
hud: MOORING CLAMPS blue/0/0 hdg=0 ring=180.0 r=209.3 prompt=- credits=420.50 carrying=identicard,kit_bag seated=- eye_m=1.70
hud: MOORING CLAMPS blue/0/0 hdg=0 ring=179.9 r=209.3 prompt=- credits=420.50 carrying=identicard,kit_bag seated=- eye_m=1.70
hud: MOORING CLAMPS blue/0/0 hdg=0 ring=180.0 r=209.3 prompt=- credits=420.50 carrying=identicard,kit_bag seated=- eye_m=1.70
hud: MOORING CLAMPS blue/0/0 hdg=0 ring=179.9 r=209.3 prompt=- credits=420.50 carrying=identicard,kit_bag seated=- eye_m=1.70
hud: MOORING CLAMPS blue/0/0 hdg=0 ring=180.0 r=209.3 prompt=- credits=420.50 carrying=identicard,kit_bag seated=- eye_m=1.70
hud: MOORING CLAMPS blue/0/0 hdg=0 ring=179.9 r=209.3 prompt=- credits=420.50 carrying=identicard,kit_bag seated=- eye_m=1.70
hud: MOORING CLAMPS blue/0/0 hdg=0 ring=180.0 r=209.3 prompt=- credits=420.50 carrying=identicard,kit_bag seated=- eye_m=1.70
hud: MOORING CLAMPS blue/0/0 hdg=0 ring=179.9 r=209.3 prompt=- credits=420.50 carrying=identicard,kit_bag seated=- eye_m=1.70
hud: MOORING CLAMPS blue/0/0 hdg=0 ring=180.0 r=209.3 prompt=- credits=420.50 carrying=identicard,kit_bag seated=- eye_m=1.70
hud: MOORING CLAMPS blue/0/0 hdg=0 ring=179.9 r=209.3 prompt=- credits=420.50 carrying=identicard,kit_bag seated=- eye_m=1.70
hud: MOORING CLAMPS blue/0/0 hdg=0 ring=180.0 r=209.3 prompt=- credits=420.50 carrying=identicard,kit_bag seated=- eye_m=1.70
hud: MOORING CLAMPS blue/0/0 hdg=0 ring=179.9 r=209.3 prompt=- credits=420.50 carrying=identicard,kit_bag seated=- eye_m=1.70
hud: MOORING CLAMPS blue/0/0 hdg=0 ring=180.0 r=209.3 prompt=- credits=420.50 carrying=identicard,kit_bag seated=- eye_m=1.70
hud: MOORING CLAMPS blue/0/0 hdg=0 ring=179.9 r=209.3 prompt=- credits=420.50 carrying=identicard,kit_bag seated=- eye_m=1.70
hud: MOORING CLAMPS blue/0/0 hdg=0 ring=180.0 r=209.4 prompt=- credits=420.50 carrying=identicard,kit_bag seated=- eye_m=1.70
hud: MOORING CLAMPS blue/0/0 hdg=0 ring=179.9 r=209.4 prompt=- credits=420.50 carrying=identicard,kit_bag seated=- eye_m=1.70
hud: MOORING CLAMPS blue/0/0 hdg=0 ring=180.0 r=209.4 prompt=- credits=420.50 carrying=identicard,kit_bag seated=- eye_m=1.70
hud: MOORING CLAMPS blue/0/0 hdg=0 ring=179.9 r=209.4 prompt=- credits=420.50 carrying=identicard,kit_bag seated=- eye_m=1.70
hud: MOORING CLAMPS blue/0/0 hdg=0 ring=180.0 r=209.4 prompt=- credits=420.50 carrying=identicard,kit_bag seated=- eye_m=1.70
hud: MOORING CLAMPS blue/0/0 hdg=0 ring=179.9 r=209.4 prompt=- credits=420.50 carrying=identicard,kit_bag seated=- eye_m=1.70
hud: MOORING CLAMPS blue/0/0 hdg=0 ring=180.0 r=209.4 prompt=- credits=420.50 carrying=identicard,kit_bag seated=- eye_m=1.70
hud: MOORING CLAMPS blue/0/0 hdg=0 ring=179.9 r=209.4 prompt=- credits=420.50 carrying=identicard,kit_bag seated=- eye_m=1.70
hud: MOORING CLAMPS blue/0/0 hdg=0 ring=180.0 r=209.4 prompt=- credits=420.50 carrying=identicard,kit_bag seated=- eye_m=1.70
hud: MOORING CLAMPS blue/0/0 hdg=0 ring=179.9 r=209.4 prompt=- credits=420.50 carrying=identicard,kit_bag seated=- eye_m=1.70
hud: MOORING CLAMPS blue/0/0 hdg=0 ring=180.0 r=209.4 prompt=- credits=420.50 carrying=identicard,kit_bag seated=- eye_m=1.70
hud: MOORING CLAMPS blue/0/0 hdg=0 ring=179.9 r=209.4 prompt=- credits=420.50 carrying=identicard,kit_bag seated=- eye_m=1.70
hud: MOORING CLAMPS blue/0/0 hdg=0 ring=180.0 r=209.4 prompt=- credits=420.50 carrying=identicard,kit_bag seated=- eye_m=1.70
hud: MOORING CLAMPS blue/0/0 hdg=0 ring=179.9 r=209.4 prompt=- credits=420.50 carrying=identicard,kit_bag seated=- eye_m=1.70
hud: MOORING CLAMPS blue/0/0 hdg=0 ring=180.0 r=209.4 prompt=- credits=420.50 carrying=identicard,kit_bag seated=- eye_m=1.70
hud: MOORING CLAMPS blue/0/0 hdg=0 ring=179.9 r=209.4 prompt=- credits=420.50 carrying=identicard,kit_bag seated=- eye_m=1.70
hud: MOORING CLAMPS blue/0/0 hdg=0 ring=180.0 r=209.4 prompt=- credits=420.50 carrying=identicard,kit_bag seated=- eye_m=1.70
hud: MOORING CLAMPS blue/0/0 hdg=0 ring=179.9 r=209.4 prompt=- credits=420.50 carrying=identicard,kit_bag seated=- eye_m=1.70
hud: MOORING CLAMPS blue/0/0 hdg=0 ring=180.0 r=209.4 prompt=- credits=420.50 carrying=identicard,kit_bag seated=- eye_m=1.70
hud: MOORING CLAMPS blue/0/0 hdg=0 ring=179.9 r=209.4 prompt=- credits=420.50 carrying=identicard,kit_bag seated=- eye_m=1.70
hud: MOORING CLAMPS blue/0/0 hdg=0 ring=180.0 r=209.4 prompt=- credits=420.50 carrying=identicard,kit_bag seated=- eye_m=1.70
hud: MOORING CLAMPS blue/0/0 hdg=0 ring=179.9 r=209.4 prompt=- credits=420.50 carrying=identicard,kit_bag seated=- eye_m=1.70
hud: MOORING CLAMPS blue/0/0 hdg=0 ring=180.0 r=209.4 prompt=- credits=420.50 carrying=identicard,kit_bag seated=- eye_m=1.70
hud: MOORING CLAMPS blue/0/0 hdg=0 ring=179.9 r=209.4 prompt=- credits=420.50 carrying=identicard,kit_bag seated=- eye_m=1.70
hud: MOORING CLAMPS blue/0/0 hdg=0 ring=180.0 r=209.4 prompt=- credits=420.50 carrying=identicard,kit_bag seated=- eye_m=1.70
hud: MOORING CLAMPS blue/0/0 hdg=0 ring=179.9 r=209.4 prompt=- credits=420.50 carrying=identicard,kit_bag seated=- eye_m=1.70
hud: MOORING CLAMPS blue/0/0 hdg=0 ring=180.0 r=209.4 prompt=- credits=420.50 carrying=identicard,kit_bag seated=- eye_m=1.70
hud: MOORING CLAMPS blue/0/0 hdg=0 ring=179.9 r=209.4 prompt=- credits=420.50 carrying=identicard,kit_bag seated=- eye_m=1.70
hud: MOORING CLAMPS blue/0/0 hdg=0 ring=180.0 r=209.4 prompt=- credits=420.50 carrying=identicard,kit_bag seated=- eye_m=1.70
hud: MOORING CLAMPS blue/0/0 hdg=0 ring=179.9 r=209.4 prompt=- credits=420.50 carrying=identicard,kit_bag seated=- eye_m=1.70
hud: MOORING CLAMPS blue/0/0 hdg=0 ring=180.0 r=209.4 prompt=- credits=420.50 carrying=identicard,kit_bag seated=- eye_m=1.70
hud: MOORING CLAMPS blue/0/0 hdg=0 ring=179.9 r=209.4 prompt=- credits=420.50 carrying=identicard,kit_bag seated=- eye_m=1.70
hud: MOORING CLAMPS blue/0/0 hdg=0 ring=180.0 r=209.4 prompt=- credits=420.50 carrying=identicard,kit_bag seated=- eye_m=1.70
hud: MOORING CLAMPS blue/0/0 hdg=0 ring=179.9 r=209.4 prompt=- credits=420.50 carrying=identicard,kit_bag seated=- eye_m=1.70
hud: MOORING CLAMPS blue/0/0 hdg=0 ring=180.0 r=209.4 prompt=- credits=420.50 carrying=identicard,kit_bag seated=- eye_m=1.70
hud: MOORING CLAMPS blue/0/0 hdg=0 ring=179.9 r=209.4 prompt=- credits=420.50 carrying=identicard,kit_bag seated=- eye_m=1.70
hud: MOORING CLAMPS blue/0/0 hdg=0 ring=180.0 r=209.4 prompt=- credits=420.50 carrying=identicard,kit_bag seated=- eye_m=1.70
hud: MOORING CLAMPS blue/0/0 hdg=0 ring=179.9 r=209.4 prompt=- credits=420.50 carrying=identicard,kit_bag seated=- eye_m=1.70
hud: MOORING CLAMPS blue/0/0 hdg=0 ring=180.0 r=209.4 prompt=- credits=420.50 carrying=identicard,kit_bag seated=- eye_m=1.70
hud: MOORING CLAMPS blue/0/0 hdg=0 ring=179.9 r=209.4 prompt=- credits=420.50 carrying=identicard,kit_bag seated=- eye_m=1.70
hud: MOORING CLAMPS blue/0/0 hdg=0 ring=180.0 r=209.4 prompt=- credits=420.50 carrying=identicard,kit_bag seated=- eye_m=1.70
hud: MOORING CLAMPS blue/0/0 hdg=0 ring=179.9 r=209.4 prompt=- credits=420.50 carrying=identicard,kit_bag seated=- eye_m=1.70
hud: MOORING CLAMPS blue/0/0 hdg=0 ring=180.0 r=209.4 prompt=- credits=420.50 carrying=identicard,kit_bag seated=- eye_m=1.70
hud: MOORING CLAMPS blue/0/0 hdg=0 ring=179.9 r=209.4 prompt=- credits=420.50 carrying=identicard,kit_bag seated=- eye_m=1.70
hud: MOORING CLAMPS blue/0/0 hdg=0 ring=180.0 r=209.4 prompt=- credits=420.50 carrying=identicard,kit_bag seated=- eye_m=1.70
hud: MOORING CLAMPS blue/0/0 hdg=0 ring=179.9 r=209.4 prompt=- credits=420.50 carrying=identicard,kit_bag seated=- eye_m=1.70
hud: MOORING CLAMPS blue/0/0 hdg=0 ring=180.0 r=209.4 prompt=- credits=420.50 carrying=identicard,kit_bag seated=- eye_m=1.70
hud: MOORING CLAMPS blue/0/0 hdg=0 ring=179.9 r=209.4 prompt=- credits=420.50 carrying=identicard,kit_bag seated=- eye_m=1.70
hud: MOORING CLAMPS blue/0/0 hdg=0 ring=180.0 r=209.4 prompt=- credits=420.50 carrying=identicard,kit_bag seated=- eye_m=1.70
hud: MOORING CLAMPS blue/0/0 hdg=0 ring=179.9 r=209.4 prompt=- credits=420.50 carrying=identicard,kit_bag seated=- eye_m=1.70
hud: MOORING CLAMPS blue/0/0 hdg=0 ring=180.0 r=209.4 prompt=- credits=420.50 carrying=identicard,kit_bag seated=- eye_m=1.70
hud: MOORING CLAMPS blue/0/0 hdg=0 ring=179.9 r=209.4 prompt=- credits=420.50 carrying=identicard,kit_bag seated=- eye_m=1.70
hud: MOORING CLAMPS blue/0/0 hdg=0 ring=180.0 r=209.4 prompt=- credits=420.50 carrying=identicard,kit_bag seated=- eye_m=1.70
hud: MOORING CLAMPS blue/0/0 hdg=0 ring=179.9 r=209.4 prompt=- credits=420.50 carrying=identicard,kit_bag seated=- eye_m=1.70
hud: MOORING CLAMPS blue/0/0 hdg=0 ring=180.0 r=209.4 prompt=- credits=420.50 carrying=identicard,kit_bag seated=- eye_m=1.70
hud: MOORING CLAMPS blue/0/0 hdg=0 ring=179.9 r=209.4 prompt=- credits=420.50 carrying=identicard,kit_bag seated=- eye_m=1.70
hud: MOORING CLAMPS blue/0/0 hdg=0 ring=180.0 r=209.4 prompt=- credits=420.50 carrying=identicard,kit_bag seated=- eye_m=1.70
hud: MOORING CLAMPS blue/0/0 hdg=0 ring=179.9 r=209.4 prompt=- credits=420.50 carrying=identicard,kit_bag seated=- eye_m=1.70
hud: MOORING CLAMPS blue/0/0 hdg=0 ring=180.0 r=209.4 prompt=- credits=420.50 carrying=identicard,kit_bag seated=- eye_m=1.70
hud: MOORING CLAMPS blue/0/0 hdg=0 ring=179.9 r=209.4 prompt=- credits=420.50 carrying=identicard,kit_bag seated=- eye_m=1.70
hud: MOORING CLAMPS blue/0/0 hdg=0 ring=180.0 r=209.4 prompt=- credits=420.50 carrying=identicard,kit_bag seated=- eye_m=1.70
hud: MOORING CLAMPS blue/0/0 hdg=0 ring=179.9 r=209.4 prompt=- credits=420.50 carrying=identicard,kit_bag seated=- eye_m=1.70
hud: MOORING CLAMPS blue/0/0 hdg=0 ring=180.0 r=209.4 prompt=- credits=420.50 carrying=identicard,kit_bag seated=- eye_m=1.70
hud: MOORING CLAMPS blue/0/0 hdg=0 ring=179.9 r=209.4 prompt=- credits=420.50 carrying=identicard,kit_bag seated=- eye_m=1.70
hud: MOORING CLAMPS blue/0/0 hdg=0 ring=180.0 r=209.4 prompt=- credits=420.50 carrying=identicard,kit_bag seated=- eye_m=1.70
hud: MOORING CLAMPS blue/0/0 hdg=0 ring=179.9 r=209.4 prompt=- credits=420.50 carrying=identicard,kit_bag seated=- eye_m=1.70
hud: MOORING CLAMPS blue/0/0 hdg=0 ring=180.0 r=209.4 prompt=- credits=420.50 carrying=identicard,kit_bag seated=- eye_m=1.70
hud: MOORING CLAMPS blue/0/0 hdg=0 ring=179.9 r=209.4 prompt=- credits=420.50 carrying=identicard,kit_bag seated=- eye_m=1.70
hud: MOORING CLAMPS blue/0/0 hdg=0 ring=180.0 r=209.4 prompt=- credits=420.50 carrying=identicard,kit_bag seated=- eye_m=1.70
hud: MOORING CLAMPS blue/0/0 hdg=0 ring=179.9 r=209.4 prompt=- credits=420.50 carrying=identicard,kit_bag seated=- eye_m=1.70
hud: MOORING CLAMPS blue/0/0 hdg=0 ring=180.0 r=209.4 prompt=- credits=420.50 carrying=identicard,kit_bag seated=- eye_m=1.70
hud: MOORING CLAMPS blue/0/0 hdg=0 ring=179.9 r=209.4 prompt=- credits=420.50 carrying=identicard,kit_bag seated=- eye_m=1.70
hud: MOORING CLAMPS blue/0/0 hdg=0 ring=180.0 r=209.4 prompt=- credits=420.50 carrying=identicard,kit_bag seated=- eye_m=1.70
hud: MOORING CLAMPS blue/0/0 hdg=0 ring=179.9 r=209.4 prompt=- credits=420.50 carrying=identicard,kit_bag seated=- eye_m=1.70
hud: MOORING CLAMPS blue/0/0 hdg=0 ring=180.0 r=209.4 prompt=- credits=420.50 carrying=identicard,kit_bag seated=- eye_m=1.70
hud: MOORING CLAMPS blue/0/0 hdg=0 ring=179.9 r=209.4 prompt=- credits=420.50 carrying=identicard,kit_bag seated=- eye_m=1.70
hud: MOORING CLAMPS blue/0/0 hdg=0 ring=180.0 r=209.4 prompt=- credits=420.50 carrying=identicard,kit_bag seated=- eye_m=1.70
hud: MOORING CLAMPS blue/0/0 hdg=0 ring=179.9 r=209.4 prompt=- credits=420.50 carrying=identicard,kit_bag seated=- eye_m=1.70
hud: MOORING CLAMPS blue/0/0 hdg=0 ring=180.0 r=209.4 prompt=- credits=420.50 carrying=identicard,kit_bag seated=- eye_m=1.70
hud: MOORING CLAMPS blue/0/0 hdg=0 ring=179.9 r=209.4 prompt=- credits=420.50 carrying=identicard,kit_bag seated=- eye_m=1.70
hud: MOORING CLAMPS blue/0/0 hdg=0 ring=180.0 r=209.4 prompt=- credits=420.50 carrying=identicard,kit_bag seated=- eye_m=1.70
hud: MOORING CLAMPS blue/0/0 hdg=0 ring=179.9 r=209.4 prompt=- credits=420.50 carrying=identicard,kit_bag seated=- eye_m=1.70
hud: MOORING CLAMPS blue/0/0 hdg=0 ring=180.0 r=209.4 prompt=- credits=420.50 carrying=identicard,kit_bag seated=- eye_m=1.70
hud: MOORING CLAMPS blue/0/0 hdg=0 ring=179.9 r=209.4 prompt=- credits=420.50 carrying=identicard,kit_bag seated=- eye_m=1.70
hud: MOORING CLAMPS blue/0/0 hdg=0 ring=180.0 r=209.4 prompt=- credits=420.50 carrying=identicard,kit_bag seated=- eye_m=1.70
hud: MOORING CLAMPS blue/0/0 hdg=0 ring=179.9 r=209.4 prompt=- credits=420.50 carrying=identicard,kit_bag seated=- eye_m=1.70
hud: MOORING CLAMPS blue/0/0 hdg=0 ring=180.0 r=209.4 prompt=- credits=420.50 carrying=identicard,kit_bag seated=- eye_m=1.70
hud: MOORING CLAMPS blue/0/0 hdg=0 ring=179.9 r=209.4 prompt=- credits=420.50 carrying=identicard,kit_bag seated=- eye_m=1.70
hud: MOORING CLAMPS blue/0/0 hdg=0 ring=180.0 r=209.4 prompt=- credits=420.50 carrying=identicard,kit_bag seated=- eye_m=1.70
hud: MOORING CLAMPS blue/0/0 hdg=0 ring=179.9 r=209.4 prompt=- credits=420.50 carrying=identicard,kit_bag seated=- eye_m=1.70
hud: MOORING CLAMPS blue/0/0 hdg=0 ring=180.0 r=209.4 prompt=- credits=420.50 carrying=identicard,kit_bag seated=- eye_m=1.70
hud: MOORING CLAMPS blue/0/0 hdg=0 ring=179.9 r=209.4 prompt=- credits=420.50 carrying=identicard,kit_bag seated=- eye_m=1.70
hud: MOORING CLAMPS blue/0/0 hdg=0 ring=180.0 r=209.4 prompt=- credits=420.50 carrying=identicard,kit_bag seated=- eye_m=1.70
hud: MOORING CLAMPS blue/0/0 hdg=0 ring=179.9 r=209.4 prompt=- credits=420.50 carrying=identicard,kit_bag seated=- eye_m=1.70
hud: MOORING CLAMPS blue/0/0 hdg=0 ring=180.0 r=209.4 prompt=- credits=420.50 carrying=identicard,kit_bag seated=- eye_m=1.70
hud: MOORING CLAMPS blue/0/0 hdg=0 ring=179.9 r=209.4 prompt=- credits=420.50 carrying=identicard,kit_bag seated=- eye_m=1.70
hud: MOORING CLAMPS blue/0/0 hdg=0 ring=180.0 r=209.4 prompt=- credits=420.50 carrying=identicard,kit_bag seated=- eye_m=1.70
hud: MOORING CLAMPS blue/0/0 hdg=0 ring=179.9 r=209.4 prompt=- credits=420.50 carrying=identicard,kit_bag seated=- eye_m=1.70
hud: MOORING CLAMPS blue/0/0 hdg=0 ring=180.0 r=209.4 prompt=- credits=420.50 carrying=identicard,kit_bag seated=- eye_m=1.70
hud: MOORING CLAMPS blue/0/0 hdg=0 ring=179.9 r=209.4 prompt=- credits=420.50 carrying=identicard,kit_bag seated=- eye_m=1.70
hud: MOORING CLAMPS blue/0/0 hdg=0 ring=180.0 r=209.4 prompt=- credits=420.50 carrying=identicard,kit_bag seated=- eye_m=1.70
hud: MOORING CLAMPS blue/0/0 hdg=0 ring=179.9 r=209.4 prompt=- credits=420.50 carrying=identicard,kit_bag seated=- eye_m=1.70
hud: MOORING CLAMPS blue/0/0 hdg=0 ring=180.0 r=209.4 prompt=- credits=420.50 carrying=identicard,kit_bag seated=- eye_m=1.70
hud: MOORING CLAMPS blue/0/0 hdg=0 ring=179.9 r=209.4 prompt=- credits=420.50 carrying=identicard,kit_bag seated=- eye_m=1.70
hud: MOORING CLAMPS blue/0/0 hdg=0 ring=180.0 r=209.4 prompt=- credits=420.50 carrying=identicard,kit_bag seated=- eye_m=1.70
hud: MOORING CLAMPS blue/0/0 hdg=0 ring=179.9 r=209.4 prompt=- credits=420.50 carrying=identicard,kit_bag seated=- eye_m=1.70
hud: MOORING CLAMPS blue/0/0 hdg=0 ring=180.0 r=209.4 prompt=- credits=420.50 carrying=identicard,kit_bag seated=- eye_m=1.70
hud: MOORING CLAMPS blue/0/0 hdg=0 ring=179.9 r=209.4 prompt=- credits=420.50 carrying=identicard,kit_bag seated=- eye_m=1.70
hud: MOORING CLAMPS blue/0/0 hdg=0 ring=180.0 r=209.4 prompt=- credits=420.50 carrying=identicard,kit_bag seated=- eye_m=1.70
hud: MOORING CLAMPS blue/0/0 hdg=0 ring=179.9 r=209.4 prompt=- credits=420.50 carrying=identicard,kit_bag seated=- eye_m=1.70
hud: MOORING CLAMPS blue/0/0 hdg=0 ring=180.0 r=209.4 prompt=- credits=420.50 carrying=identicard,kit_bag seated=- eye_m=1.70
hud: MOORING CLAMPS blue/0/0 hdg=0 ring=179.9 r=209.4 prompt=- credits=420.50 carrying=identicard,kit_bag seated=- eye_m=1.70
hud: MOORING CLAMPS blue/0/0 hdg=0 ring=180.0 r=209.4 prompt=- credits=420.50 carrying=identicard,kit_bag seated=- eye_m=1.70
hud: MOORING CLAMPS blue/0/0 hdg=0 ring=179.9 r=209.4 prompt=- credits=420.50 carrying=identicard,kit_bag seated=- eye_m=1.70
hud: MOORING CLAMPS blue/0/0 hdg=0 ring=180.0 r=209.4 prompt=- credits=420.50 carrying=identicard,kit_bag seated=- eye_m=1.70
hud: MOORING CLAMPS blue/0/0 hdg=0 ring=179.9 r=209.4 prompt=- credits=420.50 carrying=identicard,kit_bag seated=- eye_m=1.70
hud: MOORING CLAMPS blue/0/0 hdg=0 ring=180.0 r=209.4 prompt=- credits=420.50 carrying=identicard,kit_bag seated=- eye_m=1.70
hud: MOORING CLAMPS blue/0/0 hdg=0 ring=179.9 r=209.4 prompt=- credits=420.50 carrying=identicard,kit_bag seated=- eye_m=1.70
hud: MOORING CLAMPS blue/0/0 hdg=0 ring=180.0 r=209.4 prompt=- credits=420.50 carrying=identicard,kit_bag seated=- eye_m=1.70
hud: MOORING CLAMPS blue/0/0 hdg=0 ring=179.9 r=209.4 prompt=- credits=420.50 carrying=identicard,kit_bag seated=- eye_m=1.70
hud: MOORING CLAMPS blue/0/0 hdg=0 ring=180.0 r=209.4 prompt=- credits=420.50 carrying=identicard,kit_bag seated=- eye_m=1.70
hud: MOORING CLAMPS blue/0/0 hdg=0 ring=179.9 r=209.4 prompt=- credits=420.50 carrying=identicard,kit_bag seated=- eye_m=1.70
hud: MOORING CLAMPS blue/0/0 hdg=0 ring=180.0 r=209.4 prompt=- credits=420.50 carrying=identicard,kit_bag seated=- eye_m=1.70
hud: MOORING CLAMPS blue/0/0 hdg=0 ring=179.9 r=209.4 prompt=- credits=420.50 carrying=identicard,kit_bag seated=- eye_m=1.70
hud: MOORING CLAMPS blue/0/0 hdg=0 ring=180.0 r=209.4 prompt=- credits=420.50 carrying=identicard,kit_bag seated=- eye_m=1.70
hud: MOORING CLAMPS blue/0/0 hdg=0 ring=179.9 r=209.4 prompt=- credits=420.50 carrying=identicard,kit_bag seated=- eye_m=1.70
hud: MOORING CLAMPS blue/0/0 hdg=0 ring=180.0 r=209.4 prompt=- credits=420.50 carrying=identicard,kit_bag seated=- eye_m=1.70
hud: MOORING CLAMPS blue/0/0 hdg=0 ring=179.9 r=209.4 prompt=- credits=420.50 carrying=identicard,kit_bag seated=- eye_m=1.70
hud: MOORING CLAMPS blue/0/0 hdg=0 ring=180.0 r=209.4 prompt=- credits=420.50 carrying=identicard,kit_bag seated=- eye_m=1.70
hud: MOORING CLAMPS blue/0/0 hdg=0 ring=179.9 r=209.4 prompt=- credits=420.50 carrying=identicard,kit_bag seated=- eye_m=1.70
hud: MOORING CLAMPS blue/0/0 hdg=0 ring=180.0 r=209.4 prompt=- credits=420.50 carrying=identicard,kit_bag seated=- eye_m=1.70
ARREST David Nakamura* + Bo Rossi arriving 0.0 m away, at 1.30 m/s
hud: MOORING CLAMPS blue/0/0 hdg=0 ring=179.9 r=209.4 prompt=- credits=420.50 carrying=identicard,kit_bag seated=- eye_m=1.70
ARREST arrived -- 0.44 m from the player, 0.0 m of floor covered by a body in the crowd
hud: MOORING CLAMPS blue/0/0 hdg=0 ring=180.0 r=209.4 prompt=- credits=420.50 carrying=identicard,kit_bag seated=- eye_m=1.70
ARREST moved on at mooring_clamps -- moved on -- no arrest, no record (2.7 rung 3) (no arrest, no record (LAW-CRIME 2.7 rung 3))
hud: CORRIDOR(near MOORING CLAMPS 4.0m) blue/0/0 hdg=0 ring=179.9 r=206.6 prompt=- credits=420.50 carrying=identicard,kit_bag seated=- eye_m=1.70
hud: CORRIDOR(near MOORING CLAMPS 3.6m) blue/0/0 hdg=0 ring=179.9 r=207.0 prompt=- credits=420.50 carrying=identicard,kit_bag seated=- eye_m=1.70
hud: CORRIDOR(near MOORING CLAMPS 3.3m) blue/0/0 hdg=0 ring=179.9 r=207.4 prompt=- credits=420.50 carrying=identicard,kit_bag seated=- eye_m=1.70
hud: CORRIDOR(near MOORING CLAMPS 2.9m) blue/0/0 hdg=0 ring=179.9 r=207.7 prompt=- credits=420.50 carrying=identicard,kit_bag seated=- eye_m=1.70
hud: CORRIDOR(near MOORING CLAMPS 2.5m) blue/0/0 hdg=0 ring=179.9 r=208.1 prompt=- credits=420.50 carrying=identicard,kit_bag seated=- eye_m=1.70
hud: CORRIDOR(near MOORING CLAMPS 2.1m) blue/0/0 hdg=0 ring=179.9 r=208.5 prompt=- credits=420.50 carrying=identicard,kit_bag seated=- eye_m=1.70
hud: CORRIDOR(near MOORING CLAMPS 1.8m) blue/0/0 hdg=0 ring=179.9 r=208.9 prompt=- credits=420.50 carrying=identicard,kit_bag seated=- eye_m=1.70
CHECK place=mooring_clamps need=2(transit) tier=0(no_status) result=refuse why=P-05: blue is access-restricted, so its boundary is a controlled one
hud: MOORING CLAMPS blue/0/0 hdg=0 ring=179.9 r=209.2 prompt=- credits=420.50 carrying=identicard,kit_bag seated=- eye_m=1.70
ARREST refused at mooring_clamps -- David Nakamura* + Bo Rossi notified, 114 s away (customs_south)
hud: MOORING CLAMPS blue/0/0 hdg=0 ring=180.0 r=209.2 prompt=- credits=420.50 carrying=identicard,kit_bag seated=- eye_m=1.70
hud: MOORING CLAMPS blue/0/0 hdg=0 ring=180.0 r=209.3 prompt=- credits=420.50 carrying=identicard,kit_bag seated=- eye_m=1.70
hud: MOORING CLAMPS blue/0/0 hdg=0 ring=179.8 r=209.3 prompt=- credits=420.50 carrying=identicard,kit_bag seated=- eye_m=1.70
hud: MOORING CLAMPS blue/0/0 hdg=0 ring=180.0 r=209.3 prompt=- credits=420.50 carrying=identicard,kit_bag seated=- eye_m=1.70
hud: MOORING CLAMPS blue/0/0 hdg=0 ring=179.9 r=209.3 prompt=- credits=420.50 carrying=identicard,kit_bag seated=- eye_m=1.70
hud: MOORING CLAMPS blue/0/0 hdg=0 ring=180.0 r=209.3 prompt=- credits=420.50 carrying=identicard,kit_bag seated=- eye_m=1.70
hud: MOORING CLAMPS blue/0/0 hdg=0 ring=179.9 r=209.3 prompt=- credits=420.50 carrying=identicard,kit_bag seated=- eye_m=1.70
hud: MOORING CLAMPS blue/0/0 hdg=0 ring=180.0 r=209.3 prompt=- credits=420.50 carrying=identicard,kit_bag seated=- eye_m=1.70
hud: MOORING CLAMPS blue/0/0 hdg=0 ring=179.9 r=209.3 prompt=- credits=420.50 carrying=identicard,kit_bag seated=- eye_m=1.70
hud: MOORING CLAMPS blue/0/0 hdg=0 ring=180.0 r=209.3 prompt=- credits=420.50 carrying=identicard,kit_bag seated=- eye_m=1.70
hud: MOORING CLAMPS blue/0/0 hdg=0 ring=179.9 r=209.3 prompt=- credits=420.50 carrying=identicard,kit_bag seated=- eye_m=1.70
hud: MOORING CLAMPS blue/0/0 hdg=0 ring=180.0 r=209.3 prompt=- credits=420.50 carrying=identicard,kit_bag seated=- eye_m=1.70
hud: MOORING CLAMPS blue/0/0 hdg=0 ring=179.9 r=209.3 prompt=- credits=420.50 carrying=identicard,kit_bag seated=- eye_m=1.70
hud: MOORING CLAMPS blue/0/0 hdg=0 ring=180.0 r=209.3 prompt=- credits=420.50 carrying=identicard,kit_bag seated=- eye_m=1.70
hud: MOORING CLAMPS blue/0/0 hdg=0 ring=179.9 r=209.3 prompt=- credits=420.50 carrying=identicard,kit_bag seated=- eye_m=1.70
hud: MOORING CLAMPS blue/0/0 hdg=0 ring=180.0 r=209.3 prompt=- credits=420.50 carrying=identicard,kit_bag seated=- eye_m=1.70
hud: MOORING CLAMPS blue/0/0 hdg=0 ring=179.9 r=209.3 prompt=- credits=420.50 carrying=identicard,kit_bag seated=- eye_m=1.70
hud: MOORING CLAMPS blue/0/0 hdg=0 ring=180.0 r=209.3 prompt=- credits=420.50 carrying=identicard,kit_bag seated=- eye_m=1.70
hud: MOORING CLAMPS blue/0/0 hdg=0 ring=179.9 r=209.3 prompt=- credits=420.50 carrying=identicard,kit_bag seated=- eye_m=1.70
hud: MOORING CLAMPS blue/0/0 hdg=0 ring=180.0 r=209.3 prompt=- credits=420.50 carrying=identicard,kit_bag seated=- eye_m=1.70
hud: MOORING CLAMPS blue/0/0 hdg=0 ring=179.9 r=209.3 prompt=- credits=420.50 carrying=identicard,kit_bag seated=- eye_m=1.70
hud: MOORING CLAMPS blue/0/0 hdg=0 ring=180.0 r=209.3 prompt=- credits=420.50 carrying=identicard,kit_bag seated=- eye_m=1.70
hud: MOORING CLAMPS blue/0/0 hdg=0 ring=179.9 r=209.3 prompt=- credits=420.50 carrying=identicard,kit_bag seated=- eye_m=1.70
hud: MOORING CLAMPS blue/0/0 hdg=0 ring=180.0 r=209.3 prompt=- credits=420.50 carrying=identicard,kit_bag seated=- eye_m=1.70
hud: MOORING CLAMPS blue/0/0 hdg=0 ring=179.9 r=209.3 prompt=- credits=420.50 carrying=identicard,kit_bag seated=- eye_m=1.70
hud: MOORING CLAMPS blue/0/0 hdg=0 ring=180.0 r=209.3 prompt=- credits=420.50 carrying=identicard,kit_bag seated=- eye_m=1.70
hud: MOORING CLAMPS blue/0/0 hdg=0 ring=179.9 r=209.3 prompt=- credits=420.50 carrying=identicard,kit_bag seated=- eye_m=1.70
hud: MOORING CLAMPS blue/0/0 hdg=0 ring=180.0 r=209.3 prompt=- credits=420.50 carrying=identicard,kit_bag seated=- eye_m=1.70
hud: MOORING CLAMPS blue/0/0 hdg=0 ring=179.9 r=209.3 prompt=- credits=420.50 carrying=identicard,kit_bag seated=- eye_m=1.70
hud: MOORING CLAMPS blue/0/0 hdg=0 ring=180.0 r=209.3 prompt=- credits=420.50 carrying=identicard,kit_bag seated=- eye_m=1.70
hud: MOORING CLAMPS blue/0/0 hdg=0 ring=179.9 r=209.3 prompt=- credits=420.50 carrying=identicard,kit_bag seated=- eye_m=1.70
hud: MOORING CLAMPS blue/0/0 hdg=0 ring=180.0 r=209.3 prompt=- credits=420.50 carrying=identicard,kit_bag seated=- eye_m=1.70
hud: MOORING CLAMPS blue/0/0 hdg=0 ring=179.9 r=209.3 prompt=- credits=420.50 carrying=identicard,kit_bag seated=- eye_m=1.70
hud: MOORING CLAMPS blue/0/0 hdg=0 ring=180.0 r=209.3 prompt=- credits=420.50 carrying=identicard,kit_bag seated=- eye_m=1.70
hud: MOORING CLAMPS blue/0/0 hdg=0 ring=179.9 r=209.4 prompt=- credits=420.50 carrying=identicard,kit_bag seated=- eye_m=1.70
hud: MOORING CLAMPS blue/0/0 hdg=0 ring=180.0 r=209.4 prompt=- credits=420.50 carrying=identicard,kit_bag seated=- eye_m=1.70
hud: MOORING CLAMPS blue/0/0 hdg=0 ring=179.9 r=209.4 prompt=- credits=420.50 carrying=identicard,kit_bag seated=- eye_m=1.70
hud: MOORING CLAMPS blue/0/0 hdg=0 ring=180.0 r=209.4 prompt=- credits=420.50 carrying=identicard,kit_bag seated=- eye_m=1.70
hud: MOORING CLAMPS blue/0/0 hdg=0 ring=179.9 r=209.4 prompt=- credits=420.50 carrying=identicard,kit_bag seated=- eye_m=1.70
hud: MOORING CLAMPS blue/0/0 hdg=0 ring=180.0 r=209.4 prompt=- credits=420.50 carrying=identicard,kit_bag seated=- eye_m=1.70
hud: MOORING CLAMPS blue/0/0 hdg=0 ring=179.9 r=209.4 prompt=- credits=420.50 carrying=identicard,kit_bag seated=- eye_m=1.70
hud: MOORING CLAMPS blue/0/0 hdg=0 ring=180.0 r=209.4 prompt=- credits=420.50 carrying=identicard,kit_bag seated=- eye_m=1.70
hud: MOORING CLAMPS blue/0/0 hdg=0 ring=179.9 r=209.4 prompt=- credits=420.50 carrying=identicard,kit_bag seated=- eye_m=1.70
hud: MOORING CLAMPS blue/0/0 hdg=0 ring=180.0 r=209.4 prompt=- credits=420.50 carrying=identicard,kit_bag seated=- eye_m=1.70
hud: MOORING CLAMPS blue/0/0 hdg=0 ring=179.9 r=209.4 prompt=- credits=420.50 carrying=identicard,kit_bag seated=- eye_m=1.70
hud: MOORING CLAMPS blue/0/0 hdg=0 ring=180.0 r=209.4 prompt=- credits=420.50 carrying=identicard,kit_bag seated=- eye_m=1.70
hud: MOORING CLAMPS blue/0/0 hdg=0 ring=179.9 r=209.4 prompt=- credits=420.50 carrying=identicard,kit_bag seated=- eye_m=1.70
hud: MOORING CLAMPS blue/0/0 hdg=0 ring=180.0 r=209.4 prompt=- credits=420.50 carrying=identicard,kit_bag seated=- eye_m=1.70
hud: MOORING CLAMPS blue/0/0 hdg=0 ring=179.9 r=209.4 prompt=- credits=420.50 carrying=identicard,kit_bag seated=- eye_m=1.70
hud: MOORING CLAMPS blue/0/0 hdg=0 ring=180.0 r=209.4 prompt=- credits=420.50 carrying=identicard,kit_bag seated=- eye_m=1.70
hud: MOORING CLAMPS blue/0/0 hdg=0 ring=179.9 r=209.4 prompt=- credits=420.50 carrying=identicard,kit_bag seated=- eye_m=1.70
hud: MOORING CLAMPS blue/0/0 hdg=0 ring=180.0 r=209.4 prompt=- credits=420.50 carrying=identicard,kit_bag seated=- eye_m=1.70
hud: MOORING CLAMPS blue/0/0 hdg=0 ring=179.9 r=209.4 prompt=- credits=420.50 carrying=identicard,kit_bag seated=- eye_m=1.70
hud: MOORING CLAMPS blue/0/0 hdg=0 ring=180.0 r=209.4 prompt=- credits=420.50 carrying=identicard,kit_bag seated=- eye_m=1.70
hud: MOORING CLAMPS blue/0/0 hdg=0 ring=179.9 r=209.4 prompt=- credits=420.50 carrying=identicard,kit_bag seated=- eye_m=1.70
hud: MOORING CLAMPS blue/0/0 hdg=0 ring=180.0 r=209.4 prompt=- credits=420.50 carrying=identicard,kit_bag seated=- eye_m=1.70
hud: MOORING CLAMPS blue/0/0 hdg=0 ring=179.9 r=209.4 prompt=- credits=420.50 carrying=identicard,kit_bag seated=- eye_m=1.70
hud: MOORING CLAMPS blue/0/0 hdg=0 ring=180.0 r=209.4 prompt=- credits=420.50 carrying=identicard,kit_bag seated=- eye_m=1.70
hud: MOORING CLAMPS blue/0/0 hdg=0 ring=179.9 r=209.4 prompt=- credits=420.50 carrying=identicard,kit_bag seated=- eye_m=1.70
hud: MOORING CLAMPS blue/0/0 hdg=0 ring=180.0 r=209.4 prompt=- credits=420.50 carrying=identicard,kit_bag seated=- eye_m=1.70
hud: MOORING CLAMPS blue/0/0 hdg=0 ring=179.9 r=209.4 prompt=- credits=420.50 carrying=identicard,kit_bag seated=- eye_m=1.70
hud: MOORING CLAMPS blue/0/0 hdg=0 ring=180.0 r=209.4 prompt=- credits=420.50 carrying=identicard,kit_bag seated=- eye_m=1.70
hud: MOORING CLAMPS blue/0/0 hdg=0 ring=179.9 r=209.4 prompt=- credits=420.50 carrying=identicard,kit_bag seated=- eye_m=1.70
hud: MOORING CLAMPS blue/0/0 hdg=0 ring=180.0 r=209.4 prompt=- credits=420.50 carrying=identicard,kit_bag seated=- eye_m=1.70
hud: MOORING CLAMPS blue/0/0 hdg=0 ring=179.9 r=209.4 prompt=- credits=420.50 carrying=identicard,kit_bag seated=- eye_m=1.70
hud: MOORING CLAMPS blue/0/0 hdg=0 ring=180.0 r=209.4 prompt=- credits=420.50 carrying=identicard,kit_bag seated=- eye_m=1.70
hud: MOORING CLAMPS blue/0/0 hdg=0 ring=179.9 r=209.4 prompt=- credits=420.50 carrying=identicard,kit_bag seated=- eye_m=1.70
hud: MOORING CLAMPS blue/0/0 hdg=0 ring=180.0 r=209.4 prompt=- credits=420.50 carrying=identicard,kit_bag seated=- eye_m=1.70
hud: MOORING CLAMPS blue/0/0 hdg=0 ring=179.9 r=209.4 prompt=- credits=420.50 carrying=identicard,kit_bag seated=- eye_m=1.70
hud: MOORING CLAMPS blue/0/0 hdg=0 ring=180.0 r=209.4 prompt=- credits=420.50 carrying=identicard,kit_bag seated=- eye_m=1.70
hud: MOORING CLAMPS blue/0/0 hdg=0 ring=179.9 r=209.4 prompt=- credits=420.50 carrying=identicard,kit_bag seated=- eye_m=1.70
hud: MOORING CLAMPS blue/0/0 hdg=0 ring=180.0 r=209.4 prompt=- credits=420.50 carrying=identicard,kit_bag seated=- eye_m=1.70
hud: MOORING CLAMPS blue/0/0 hdg=0 ring=179.9 r=209.4 prompt=- credits=420.50 carrying=identicard,kit_bag seated=- eye_m=1.70
hud: MOORING CLAMPS blue/0/0 hdg=0 ring=180.0 r=209.4 prompt=- credits=420.50 carrying=identicard,kit_bag seated=- eye_m=1.70
hud: MOORING CLAMPS blue/0/0 hdg=0 ring=179.9 r=209.4 prompt=- credits=420.50 carrying=identicard,kit_bag seated=- eye_m=1.70
hud: MOORING CLAMPS blue/0/0 hdg=0 ring=180.0 r=209.4 prompt=- credits=420.50 carrying=identicard,kit_bag seated=- eye_m=1.70
hud: MOORING CLAMPS blue/0/0 hdg=0 ring=179.9 r=209.4 prompt=- credits=420.50 carrying=identicard,kit_bag seated=- eye_m=1.70
hud: MOORING CLAMPS blue/0/0 hdg=0 ring=180.0 r=209.4 prompt=- credits=420.50 carrying=identicard,kit_bag seated=- eye_m=1.70
hud: MOORING CLAMPS blue/0/0 hdg=0 ring=179.9 r=209.4 prompt=- credits=420.50 carrying=identicard,kit_bag seated=- eye_m=1.70
hud: MOORING CLAMPS blue/0/0 hdg=0 ring=180.0 r=209.4 prompt=- credits=420.50 carrying=identicard,kit_bag seated=- eye_m=1.70
hud: MOORING CLAMPS blue/0/0 hdg=0 ring=179.9 r=209.4 prompt=- credits=420.50 carrying=identicard,kit_bag seated=- eye_m=1.70
hud: MOORING CLAMPS blue/0/0 hdg=0 ring=180.0 r=209.4 prompt=- credits=420.50 carrying=identicard,kit_bag seated=- eye_m=1.70
hud: MOORING CLAMPS blue/0/0 hdg=0 ring=179.9 r=209.4 prompt=- credits=420.50 carrying=identicard,kit_bag seated=- eye_m=1.70
hud: MOORING CLAMPS blue/0/0 hdg=0 ring=180.0 r=209.4 prompt=- credits=420.50 carrying=identicard,kit_bag seated=- eye_m=1.70
hud: MOORING CLAMPS blue/0/0 hdg=0 ring=179.9 r=209.4 prompt=- credits=420.50 carrying=identicard,kit_bag seated=- eye_m=1.70
hud: MOORING CLAMPS blue/0/0 hdg=0 ring=180.0 r=209.4 prompt=- credits=420.50 carrying=identicard,kit_bag seated=- eye_m=1.70
hud: MOORING CLAMPS blue/0/0 hdg=0 ring=179.9 r=209.4 prompt=- credits=420.50 carrying=identicard,kit_bag seated=- eye_m=1.70
hud: MOORING CLAMPS blue/0/0 hdg=0 ring=180.0 r=209.4 prompt=- credits=420.50 carrying=identicard,kit_bag seated=- eye_m=1.70
hud: MOORING CLAMPS blue/0/0 hdg=0 ring=179.9 r=209.4 prompt=- credits=420.50 carrying=identicard,kit_bag seated=- eye_m=1.70
hud: MOORING CLAMPS blue/0/0 hdg=0 ring=180.0 r=209.4 prompt=- credits=420.50 carrying=identicard,kit_bag seated=- eye_m=1.70
hud: MOORING CLAMPS blue/0/0 hdg=0 ring=179.9 r=209.4 prompt=- credits=420.50 carrying=identicard,kit_bag seated=- eye_m=1.70
hud: MOORING CLAMPS blue/0/0 hdg=0 ring=180.0 r=209.4 prompt=- credits=420.50 carrying=identicard,kit_bag seated=- eye_m=1.70
hud: MOORING CLAMPS blue/0/0 hdg=0 ring=179.9 r=209.4 prompt=- credits=420.50 carrying=identicard,kit_bag seated=- eye_m=1.70
hud: MOORING CLAMPS blue/0/0 hdg=0 ring=180.0 r=209.4 prompt=- credits=420.50 carrying=identicard,kit_bag seated=- eye_m=1.70
hud: MOORING CLAMPS blue/0/0 hdg=0 ring=179.9 r=209.4 prompt=- credits=420.50 carrying=identicard,kit_bag seated=- eye_m=1.70
hud: MOORING CLAMPS blue/0/0 hdg=0 ring=180.0 r=209.4 prompt=- credits=420.50 carrying=identicard,kit_bag seated=- eye_m=1.70
hud: MOORING CLAMPS blue/0/0 hdg=0 ring=179.9 r=209.4 prompt=- credits=420.50 carrying=identicard,kit_bag seated=- eye_m=1.70
hud: MOORING CLAMPS blue/0/0 hdg=0 ring=180.0 r=209.4 prompt=- credits=420.50 carrying=identicard,kit_bag seated=- eye_m=1.70
hud: MOORING CLAMPS blue/0/0 hdg=0 ring=179.9 r=209.4 prompt=- credits=420.50 carrying=identicard,kit_bag seated=- eye_m=1.70
hud: MOORING CLAMPS blue/0/0 hdg=0 ring=180.0 r=209.4 prompt=- credits=420.50 carrying=identicard,kit_bag seated=- eye_m=1.70
hud: MOORING CLAMPS blue/0/0 hdg=0 ring=179.9 r=209.4 prompt=- credits=420.50 carrying=identicard,kit_bag seated=- eye_m=1.70
hud: MOORING CLAMPS blue/0/0 hdg=0 ring=180.0 r=209.4 prompt=- credits=420.50 carrying=identicard,kit_bag seated=- eye_m=1.70
hud: MOORING CLAMPS blue/0/0 hdg=0 ring=179.9 r=209.4 prompt=- credits=420.50 carrying=identicard,kit_bag seated=- eye_m=1.70
hud: MOORING CLAMPS blue/0/0 hdg=0 ring=180.0 r=209.4 prompt=- credits=420.50 carrying=identicard,kit_bag seated=- eye_m=1.70
hud: MOORING CLAMPS blue/0/0 hdg=0 ring=179.9 r=209.4 prompt=- credits=420.50 carrying=identicard,kit_bag seated=- eye_m=1.70
hud: MOORING CLAMPS blue/0/0 hdg=0 ring=180.0 r=209.4 prompt=- credits=420.50 carrying=identicard,kit_bag seated=- eye_m=1.70
hud: MOORING CLAMPS blue/0/0 hdg=0 ring=179.9 r=209.4 prompt=- credits=420.50 carrying=identicard,kit_bag seated=- eye_m=1.70
hud: MOORING CLAMPS blue/0/0 hdg=0 ring=180.0 r=209.4 prompt=- credits=420.50 carrying=identicard,kit_bag seated=- eye_m=1.70
hud: MOORING CLAMPS blue/0/0 hdg=0 ring=179.9 r=209.4 prompt=- credits=420.50 carrying=identicard,kit_bag seated=- eye_m=1.70
hud: MOORING CLAMPS blue/0/0 hdg=0 ring=180.0 r=209.4 prompt=- credits=420.50 carrying=identicard,kit_bag seated=- eye_m=1.70
hud: MOORING CLAMPS blue/0/0 hdg=0 ring=179.9 r=209.4 prompt=- credits=420.50 carrying=identicard,kit_bag seated=- eye_m=1.70
hud: MOORING CLAMPS blue/0/0 hdg=0 ring=180.0 r=209.4 prompt=- credits=420.50 carrying=identicard,kit_bag seated=- eye_m=1.70
hud: MOORING CLAMPS blue/0/0 hdg=0 ring=179.9 r=209.4 prompt=- credits=420.50 carrying=identicard,kit_bag seated=- eye_m=1.70
hud: MOORING CLAMPS blue/0/0 hdg=0 ring=180.0 r=209.4 prompt=- credits=420.50 carrying=identicard,kit_bag seated=- eye_m=1.70
hud: MOORING CLAMPS blue/0/0 hdg=0 ring=179.9 r=209.4 prompt=- credits=420.50 carrying=identicard,kit_bag seated=- eye_m=1.70
hud: MOORING CLAMPS blue/0/0 hdg=0 ring=180.0 r=209.4 prompt=- credits=420.50 carrying=identicard,kit_bag seated=- eye_m=1.70
hud: MOORING CLAMPS blue/0/0 hdg=0 ring=179.9 r=209.4 prompt=- credits=420.50 carrying=identicard,kit_bag seated=- eye_m=1.70
hud: MOORING CLAMPS blue/0/0 hdg=0 ring=180.0 r=209.4 prompt=- credits=420.50 carrying=identicard,kit_bag seated=- eye_m=1.70
hud: MOORING CLAMPS blue/0/0 hdg=0 ring=179.9 r=209.4 prompt=- credits=420.50 carrying=identicard,kit_bag seated=- eye_m=1.70
hud: MOORING CLAMPS blue/0/0 hdg=0 ring=180.0 r=209.4 prompt=- credits=420.50 carrying=identicard,kit_bag seated=- eye_m=1.70
hud: MOORING CLAMPS blue/0/0 hdg=0 ring=179.9 r=209.4 prompt=- credits=420.50 carrying=identicard,kit_bag seated=- eye_m=1.70
hud: MOORING CLAMPS blue/0/0 hdg=0 ring=180.0 r=209.4 prompt=- credits=420.50 carrying=identicard,kit_bag seated=- eye_m=1.70
hud: MOORING CLAMPS blue/0/0 hdg=0 ring=179.9 r=209.4 prompt=- credits=420.50 carrying=identicard,kit_bag seated=- eye_m=1.70
hud: MOORING CLAMPS blue/0/0 hdg=0 ring=180.0 r=209.4 prompt=- credits=420.50 carrying=identicard,kit_bag seated=- eye_m=1.70
hud: MOORING CLAMPS blue/0/0 hdg=0 ring=179.9 r=209.4 prompt=- credits=420.50 carrying=identicard,kit_bag seated=- eye_m=1.70
hud: MOORING CLAMPS blue/0/0 hdg=0 ring=180.0 r=209.4 prompt=- credits=420.50 carrying=identicard,kit_bag seated=- eye_m=1.70
hud: MOORING CLAMPS blue/0/0 hdg=0 ring=179.9 r=209.4 prompt=- credits=420.50 carrying=identicard,kit_bag seated=- eye_m=1.70
hud: MOORING CLAMPS blue/0/0 hdg=0 ring=180.0 r=209.4 prompt=- credits=420.50 carrying=identicard,kit_bag seated=- eye_m=1.70
hud: MOORING CLAMPS blue/0/0 hdg=0 ring=179.9 r=209.4 prompt=- credits=420.50 carrying=identicard,kit_bag seated=- eye_m=1.70
hud: MOORING CLAMPS blue/0/0 hdg=0 ring=180.0 r=209.4 prompt=- credits=420.50 carrying=identicard,kit_bag seated=- eye_m=1.70
hud: MOORING CLAMPS blue/0/0 hdg=0 ring=179.9 r=209.4 prompt=- credits=420.50 carrying=identicard,kit_bag seated=- eye_m=1.70
hud: MOORING CLAMPS blue/0/0 hdg=0 ring=180.0 r=209.4 prompt=- credits=420.50 carrying=identicard,kit_bag seated=- eye_m=1.70
hud: MOORING CLAMPS blue/0/0 hdg=0 ring=179.9 r=209.4 prompt=- credits=420.50 carrying=identicard,kit_bag seated=- eye_m=1.70
hud: MOORING CLAMPS blue/0/0 hdg=0 ring=180.0 r=209.4 prompt=- credits=420.50 carrying=identicard,kit_bag seated=- eye_m=1.70
hud: MOORING CLAMPS blue/0/0 hdg=0 ring=179.9 r=209.4 prompt=- credits=420.50 carrying=identicard,kit_bag seated=- eye_m=1.70
hud: MOORING CLAMPS blue/0/0 hdg=0 ring=180.0 r=209.4 prompt=- credits=420.50 carrying=identicard,kit_bag seated=- eye_m=1.70
hud: MOORING CLAMPS blue/0/0 hdg=0 ring=179.9 r=209.4 prompt=- credits=420.50 carrying=identicard,kit_bag seated=- eye_m=1.70
hud: MOORING CLAMPS blue/0/0 hdg=0 ring=180.0 r=209.4 prompt=- credits=420.50 carrying=identicard,kit_bag seated=- eye_m=1.70
hud: MOORING CLAMPS blue/0/0 hdg=0 ring=179.9 r=209.4 prompt=- credits=420.50 carrying=identicard,kit_bag seated=- eye_m=1.70
hud: MOORING CLAMPS blue/0/0 hdg=0 ring=180.0 r=209.4 prompt=- credits=420.50 carrying=identicard,kit_bag seated=- eye_m=1.70
hud: MOORING CLAMPS blue/0/0 hdg=0 ring=179.9 r=209.4 prompt=- credits=420.50 carrying=identicard,kit_bag seated=- eye_m=1.70
hud: MOORING CLAMPS blue/0/0 hdg=0 ring=180.0 r=209.4 prompt=- credits=420.50 carrying=identicard,kit_bag seated=- eye_m=1.70
hud: MOORING CLAMPS blue/0/0 hdg=0 ring=179.9 r=209.4 prompt=- credits=420.50 carrying=identicard,kit_bag seated=- eye_m=1.70
hud: MOORING CLAMPS blue/0/0 hdg=0 ring=180.0 r=209.4 prompt=- credits=420.50 carrying=identicard,kit_bag seated=- eye_m=1.70
hud: MOORING CLAMPS blue/0/0 hdg=0 ring=179.9 r=209.4 prompt=- credits=420.50 carrying=identicard,kit_bag seated=- eye_m=1.70
hud: MOORING CLAMPS blue/0/0 hdg=0 ring=180.0 r=209.4 prompt=- credits=420.50 carrying=identicard,kit_bag seated=- eye_m=1.70
hud: MOORING CLAMPS blue/0/0 hdg=0 ring=179.9 r=209.4 prompt=- credits=420.50 carrying=identicard,kit_bag seated=- eye_m=1.70
hud: MOORING CLAMPS blue/0/0 hdg=0 ring=180.0 r=209.4 prompt=- credits=420.50 carrying=identicard,kit_bag seated=- eye_m=1.70
hud: MOORING CLAMPS blue/0/0 hdg=0 ring=179.9 r=209.4 prompt=- credits=420.50 carrying=identicard,kit_bag seated=- eye_m=1.70
hud: MOORING CLAMPS blue/0/0 hdg=0 ring=180.0 r=209.4 prompt=- credits=420.50 carrying=identicard,kit_bag seated=- eye_m=1.70
hud: MOORING CLAMPS blue/0/0 hdg=0 ring=179.9 r=209.4 prompt=- credits=420.50 carrying=identicard,kit_bag seated=- eye_m=1.70
hud: MOORING CLAMPS blue/0/0 hdg=0 ring=180.0 r=209.4 prompt=- credits=420.50 carrying=identicard,kit_bag seated=- eye_m=1.70
hud: MOORING CLAMPS blue/0/0 hdg=0 ring=179.9 r=209.4 prompt=- credits=420.50 carrying=identicard,kit_bag seated=- eye_m=1.70
hud: MOORING CLAMPS blue/0/0 hdg=0 ring=180.0 r=209.4 prompt=- credits=420.50 carrying=identicard,kit_bag seated=- eye_m=1.70
hud: MOORING CLAMPS blue/0/0 hdg=0 ring=179.9 r=209.4 prompt=- credits=420.50 carrying=identicard,kit_bag seated=- eye_m=1.70
hud: MOORING CLAMPS blue/0/0 hdg=0 ring=180.0 r=209.4 prompt=- credits=420.50 carrying=identicard,kit_bag seated=- eye_m=1.70
hud: MOORING CLAMPS blue/0/0 hdg=0 ring=179.9 r=209.4 prompt=- credits=420.50 carrying=identicard,kit_bag seated=- eye_m=1.70
hud: MOORING CLAMPS blue/0/0 hdg=0 ring=180.0 r=209.4 prompt=- credits=420.50 carrying=identicard,kit_bag seated=- eye_m=1.70
hud: MOORING CLAMPS blue/0/0 hdg=0 ring=179.9 r=209.4 prompt=- credits=420.50 carrying=identicard,kit_bag seated=- eye_m=1.70
hud: MOORING CLAMPS blue/0/0 hdg=0 ring=180.0 r=209.4 prompt=- credits=420.50 carrying=identicard,kit_bag seated=- eye_m=1.70
hud: MOORING CLAMPS blue/0/0 hdg=0 ring=179.9 r=209.4 prompt=- credits=420.50 carrying=identicard,kit_bag seated=- eye_m=1.70
hud: MOORING CLAMPS blue/0/0 hdg=0 ring=180.0 r=209.4 prompt=- credits=420.50 carrying=identicard,kit_bag seated=- eye_m=1.70
hud: MOORING CLAMPS blue/0/0 hdg=0 ring=179.9 r=209.4 prompt=- credits=420.50 carrying=identicard,kit_bag seated=- eye_m=1.70
hud: MOORING CLAMPS blue/0/0 hdg=0 ring=180.0 r=209.4 prompt=- credits=420.50 carrying=identicard,kit_bag seated=- eye_m=1.70
ARREST David Nakamura* + Bo Rossi arriving 0.0 m away, at 1.30 m/s
hud: MOORING CLAMPS blue/0/0 hdg=0 ring=179.9 r=209.4 prompt=- credits=420.50 carrying=identicard,kit_bag seated=- eye_m=1.70
ARREST arrived -- 0.26 m from the player, 0.0 m of floor covered by a body in the crowd
hud: MOORING CLAMPS blue/0/0 hdg=0 ring=180.0 r=209.4 prompt=- credits=420.50 carrying=identicard,kit_bag seated=- eye_m=1.70
hud: MOORING CLAMPS blue/0/0 hdg=0 ring=179.9 r=209.4 prompt=- credits=420.50 carrying=identicard,kit_bag seated=- eye_m=1.70
hud: MOORING CLAMPS blue/0/0 hdg=0 ring=180.0 r=209.4 prompt=- credits=420.50 carrying=identicard,kit_bag seated=- eye_m=1.70
hud: MOORING CLAMPS blue/0/0 hdg=0 ring=179.9 r=209.4 prompt=- credits=420.50 carrying=identicard,kit_bag seated=- eye_m=1.70
ARREST   ESCORTED TO THE BRIG -- 15.2 min on the routed graph
hud: MOORING CLAMPS blue/0/0 hdg=0 ring=180.0 r=209.4 prompt=- credits=420.50 carrying=identicard,kit_bag seated=- eye_m=1.70
hud: MOORING CLAMPS blue/0/0 hdg=0 ring=179.9 r=209.4 prompt=- credits=420.50 carrying=identicard,kit_bag seated=- eye_m=1.70
hud: MOORING CLAMPS blue/0/0 hdg=0 ring=180.0 r=209.4 prompt=- credits=420.50 carrying=identicard,kit_bag seated=- eye_m=1.70
ARREST   BOOKED -- 60 min
hud: MOORING CLAMPS blue/0/0 hdg=0 ring=179.9 r=209.4 prompt=- credits=420.50 carrying=identicard,kit_bag seated=- eye_m=1.70
hud: MOORING CLAMPS blue/0/0 hdg=0 ring=180.0 r=209.4 prompt=- credits=420.50 carrying=identicard,kit_bag seated=- eye_m=1.70
hud: MOORING CLAMPS blue/0/0 hdg=0 ring=179.9 r=209.4 prompt=- credits=420.50 carrying=identicard,kit_bag seated=- eye_m=1.70
ARREST   HELD TO THE NEXT OMBUDS SITTING -- 17.7 h
hud: MOORING CLAMPS blue/0/0 hdg=0 ring=180.0 r=209.4 prompt=- credits=420.50 carrying=identicard,kit_bag seated=- eye_m=1.70
hud: MOORING CLAMPS blue/0/0 hdg=0 ring=179.9 r=209.4 prompt=- credits=420.50 carrying=identicard,kit_bag seated=- eye_m=1.70
hud: MOORING CLAMPS blue/0/0 hdg=0 ring=180.0 r=209.4 prompt=- credits=420.50 carrying=identicard,kit_bag seated=- eye_m=1.70
ARREST   OMBUDS COURT -- already at the floor; 4.3 step 6's next disposal is transfer off
hud: MOORING CLAMPS blue/0/0 hdg=0 ring=179.9 r=209.4 prompt=- credits=420.50 carrying=identicard,kit_bag seated=- eye_m=1.70
hud: MOORING CLAMPS blue/0/0 hdg=0 ring=180.0 r=209.4 prompt=- credits=420.50 carrying=identicard,kit_bag seated=- eye_m=1.70
hud: MOORING CLAMPS blue/0/0 hdg=0 ring=179.9 r=209.4 prompt=- credits=420.50 carrying=identicard,kit_bag seated=- eye_m=1.70
ARREST   FINE 9.62 CR -- FINE PAID
hud: MOORING CLAMPS blue/0/0 hdg=0 ring=180.0 r=209.4 prompt=- credits=420.50 carrying=identicard,kit_bag seated=- eye_m=1.70
hud: MOORING CLAMPS blue/0/0 hdg=0 ring=179.9 r=209.4 prompt=- credits=420.50 carrying=identicard,kit_bag seated=- eye_m=1.70
hud: MOORING CLAMPS blue/0/0 hdg=0 ring=180.0 r=209.4 prompt=- credits=420.50 carrying=identicard,kit_bag seated=- eye_m=1.70
ARREST   RELEASED -- 19.1 h in custody, CARD ENDORSED
hud: MOORING CLAMPS blue/0/0 hdg=0 ring=179.9 r=209.4 prompt=- credits=420.50 carrying=identicard,kit_bag seated=- eye_m=1.70
hud: MOORING CLAMPS blue/0/0 hdg=0 ring=180.0 r=209.4 prompt=- credits=420.50 carrying=identicard,kit_bag seated=- eye_m=1.70
hud: MOORING CLAMPS blue/0/0 hdg=0 ring=179.9 r=209.4 prompt=- credits=420.50 carrying=identicard,kit_bag seated=- eye_m=1.70
ARREST clock 13.12 -> 08.19 EMT (19.1 h in custody)
ARREST fine 9.62 cr paid -- 410.88 cr left
interact: conviction 1 on the card -- id_check_fail
hud: CORRIDOR(near MOORING CLAMPS 4.0m) blue/0/0 hdg=0 ring=179.9 r=206.6 prompt=- credits=410.88 carrying=identicard,kit_bag seated=- eye_m=1.70
hud: CORRIDOR(near MOORING CLAMPS 3.6m) blue/0/0 hdg=0 ring=179.9 r=207.0 prompt=- credits=410.88 carrying=identicard,kit_bag seated=- eye_m=1.70
hud: CORRIDOR(near MOORING CLAMPS 3.3m) blue/0/0 hdg=0 ring=179.9 r=207.4 prompt=- credits=410.88 carrying=identicard,kit_bag seated=- eye_m=1.70
hud: CORRIDOR(near MOORING CLAMPS 2.9m) blue/0/0 hdg=0 ring=179.9 r=207.7 prompt=- credits=410.88 carrying=identicard,kit_bag seated=- eye_m=1.70
hud: CORRIDOR(near MOORING CLAMPS 2.5m) blue/0/0 hdg=0 ring=179.9 r=208.1 prompt=- credits=410.88 carrying=identicard,kit_bag seated=- eye_m=1.70
hud: CORRIDOR(near MOORING CLAMPS 2.1m) blue/0/0 hdg=0 ring=179.9 r=208.5 prompt=- credits=410.88 carrying=identicard,kit_bag seated=- eye_m=1.70
hud: CORRIDOR(near MOORING CLAMPS 1.8m) blue/0/0 hdg=0 ring=179.9 r=208.9 prompt=- credits=410.88 carrying=identicard,kit_bag seated=- eye_m=1.70
CHECK place=mooring_clamps need=2(transit) tier=0(no_status) result=refuse why=P-05: blue is access-restricted, so its boundary is a controlled one
hud: MOORING CLAMPS blue/0/0 hdg=0 ring=179.9 r=209.2 prompt=- credits=410.88 carrying=identicard,kit_bag seated=- eye_m=1.70
ARREST refused at mooring_clamps -- David Nakamura* + Bo Rossi notified, 114 s away (customs_south)
hud: MOORING CLAMPS blue/0/0 hdg=0 ring=180.0 r=209.2 prompt=- credits=410.88 carrying=identicard,kit_bag seated=- eye_m=1.70
hud: MOORING CLAMPS blue/0/0 hdg=0 ring=180.0 r=209.3 prompt=- credits=410.88 carrying=identicard,kit_bag seated=- eye_m=1.70
hud: MOORING CLAMPS blue/0/0 hdg=0 ring=179.8 r=209.3 prompt=- credits=410.88 carrying=identicard,kit_bag seated=- eye_m=1.70
hud: MOORING CLAMPS blue/0/0 hdg=0 ring=180.0 r=209.3 prompt=- credits=410.88 carrying=identicard,kit_bag seated=- eye_m=1.70
hud: MOORING CLAMPS blue/0/0 hdg=0 ring=179.9 r=209.3 prompt=- credits=410.88 carrying=identicard,kit_bag seated=- eye_m=1.70
hud: MOORING CLAMPS blue/0/0 hdg=0 ring=180.0 r=209.3 prompt=- credits=410.88 carrying=identicard,kit_bag seated=- eye_m=1.70
hud: MOORING CLAMPS blue/0/0 hdg=0 ring=179.9 r=209.3 prompt=- credits=410.88 carrying=identicard,kit_bag seated=- eye_m=1.70
hud: MOORING CLAMPS blue/0/0 hdg=0 ring=180.0 r=209.3 prompt=- credits=410.88 carrying=identicard,kit_bag seated=- eye_m=1.70
hud: MOORING CLAMPS blue/0/0 hdg=0 ring=179.9 r=209.3 prompt=- credits=410.88 carrying=identicard,kit_bag seated=- eye_m=1.70
hud: MOORING CLAMPS blue/0/0 hdg=0 ring=180.0 r=209.3 prompt=- credits=410.88 carrying=identicard,kit_bag seated=- eye_m=1.70
hud: MOORING CLAMPS blue/0/0 hdg=0 ring=179.9 r=209.3 prompt=- credits=410.88 carrying=identicard,kit_bag seated=- eye_m=1.70
hud: MOORING CLAMPS blue/0/0 hdg=0 ring=180.0 r=209.3 prompt=- credits=410.88 carrying=identicard,kit_bag seated=- eye_m=1.70
hud: MOORING CLAMPS blue/0/0 hdg=0 ring=179.9 r=209.3 prompt=- credits=410.88 carrying=identicard,kit_bag seated=- eye_m=1.70
hud: MOORING CLAMPS blue/0/0 hdg=0 ring=180.0 r=209.3 prompt=- credits=410.88 carrying=identicard,kit_bag seated=- eye_m=1.70
hud: MOORING CLAMPS blue/0/0 hdg=0 ring=179.9 r=209.3 prompt=- credits=410.88 carrying=identicard,kit_bag seated=- eye_m=1.70
hud: MOORING CLAMPS blue/0/0 hdg=0 ring=180.0 r=209.3 prompt=- credits=410.88 carrying=identicard,kit_bag seated=- eye_m=1.70
hud: MOORING CLAMPS blue/0/0 hdg=0 ring=179.9 r=209.3 prompt=- credits=410.88 carrying=identicard,kit_bag seated=- eye_m=1.70
hud: MOORING CLAMPS blue/0/0 hdg=0 ring=180.0 r=209.3 prompt=- credits=410.88 carrying=identicard,kit_bag seated=- eye_m=1.70
hud: MOORING CLAMPS blue/0/0 hdg=0 ring=179.9 r=209.3 prompt=- credits=410.88 carrying=identicard,kit_bag seated=- eye_m=1.70
hud: MOORING CLAMPS blue/0/0 hdg=0 ring=180.0 r=209.3 prompt=- credits=410.88 carrying=identicard,kit_bag seated=- eye_m=1.70
hud: MOORING CLAMPS blue/0/0 hdg=0 ring=179.9 r=209.3 prompt=- credits=410.88 carrying=identicard,kit_bag seated=- eye_m=1.70
hud: MOORING CLAMPS blue/0/0 hdg=0 ring=180.0 r=209.3 prompt=- credits=410.88 carrying=identicard,kit_bag seated=- eye_m=1.70
hud: MOORING CLAMPS blue/0/0 hdg=0 ring=179.9 r=209.3 prompt=- credits=410.88 carrying=identicard,kit_bag seated=- eye_m=1.70
hud: MOORING CLAMPS blue/0/0 hdg=0 ring=180.0 r=209.3 prompt=- credits=410.88 carrying=identicard,kit_bag seated=- eye_m=1.70
hud: MOORING CLAMPS blue/0/0 hdg=0 ring=179.9 r=209.3 prompt=- credits=410.88 carrying=identicard,kit_bag seated=- eye_m=1.70
hud: MOORING CLAMPS blue/0/0 hdg=0 ring=180.0 r=209.3 prompt=- credits=410.88 carrying=identicard,kit_bag seated=- eye_m=1.70
hud: MOORING CLAMPS blue/0/0 hdg=0 ring=179.9 r=209.3 prompt=- credits=410.88 carrying=identicard,kit_bag seated=- eye_m=1.70
hud: MOORING CLAMPS blue/0/0 hdg=0 ring=180.0 r=209.3 prompt=- credits=410.88 carrying=identicard,kit_bag seated=- eye_m=1.70
hud: MOORING CLAMPS blue/0/0 hdg=0 ring=179.9 r=209.3 prompt=- credits=410.88 carrying=identicard,kit_bag seated=- eye_m=1.70
hud: MOORING CLAMPS blue/0/0 hdg=0 ring=180.0 r=209.3 prompt=- credits=410.88 carrying=identicard,kit_bag seated=- eye_m=1.70
hud: MOORING CLAMPS blue/0/0 hdg=0 ring=179.9 r=209.3 prompt=- credits=410.88 carrying=identicard,kit_bag seated=- eye_m=1.70
hud: MOORING CLAMPS blue/0/0 hdg=0 ring=180.0 r=209.3 prompt=- credits=410.88 carrying=identicard,kit_bag seated=- eye_m=1.70
hud: MOORING CLAMPS blue/0/0 hdg=0 ring=179.9 r=209.3 prompt=- credits=410.88 carrying=identicard,kit_bag seated=- eye_m=1.70
hud: MOORING CLAMPS blue/0/0 hdg=0 ring=180.0 r=209.3 prompt=- credits=410.88 carrying=identicard,kit_bag seated=- eye_m=1.70
hud: MOORING CLAMPS blue/0/0 hdg=0 ring=179.9 r=209.3 prompt=- credits=410.88 carrying=identicard,kit_bag seated=- eye_m=1.70
hud: MOORING CLAMPS blue/0/0 hdg=0 ring=180.0 r=209.3 prompt=- credits=410.88 carrying=identicard,kit_bag seated=- eye_m=1.70
hud: MOORING CLAMPS blue/0/0 hdg=0 ring=179.9 r=209.3 prompt=- credits=410.88 carrying=identicard,kit_bag seated=- eye_m=1.70
hud: MOORING CLAMPS blue/0/0 hdg=0 ring=180.0 r=209.3 prompt=- credits=410.88 carrying=identicard,kit_bag seated=- eye_m=1.70
hud: MOORING CLAMPS blue/0/0 hdg=0 ring=179.9 r=209.3 prompt=- credits=410.88 carrying=identicard,kit_bag seated=- eye_m=1.70
hud: MOORING CLAMPS blue/0/0 hdg=0 ring=180.0 r=209.3 prompt=- credits=410.88 carrying=identicard,kit_bag seated=- eye_m=1.70
hud: MOORING CLAMPS blue/0/0 hdg=0 ring=179.9 r=209.3 prompt=- credits=410.88 carrying=identicard,kit_bag seated=- eye_m=1.70
hud: MOORING CLAMPS blue/0/0 hdg=0 ring=180.0 r=209.3 prompt=- credits=410.88 carrying=identicard,kit_bag seated=- eye_m=1.70
hud: MOORING CLAMPS blue/0/0 hdg=0 ring=179.9 r=209.3 prompt=- credits=410.88 carrying=identicard,kit_bag seated=- eye_m=1.70
hud: MOORING CLAMPS blue/0/0 hdg=0 ring=180.0 r=209.3 prompt=- credits=410.88 carrying=identicard,kit_bag seated=- eye_m=1.70
hud: MOORING CLAMPS blue/0/0 hdg=0 ring=179.9 r=209.3 prompt=- credits=410.88 carrying=identicard,kit_bag seated=- eye_m=1.70
hud: MOORING CLAMPS blue/0/0 hdg=0 ring=180.0 r=209.3 prompt=- credits=410.88 carrying=identicard,kit_bag seated=- eye_m=1.70
hud: MOORING CLAMPS blue/0/0 hdg=0 ring=179.9 r=209.3 prompt=- credits=410.88 carrying=identicard,kit_bag seated=- eye_m=1.70
hud: MOORING CLAMPS blue/0/0 hdg=0 ring=180.0 r=209.3 prompt=- credits=410.88 carrying=identicard,kit_bag seated=- eye_m=1.70
hud: MOORING CLAMPS blue/0/0 hdg=0 ring=179.9 r=209.3 prompt=- credits=410.88 carrying=identicard,kit_bag seated=- eye_m=1.70
hud: MOORING CLAMPS blue/0/0 hdg=0 ring=180.0 r=209.3 prompt=- credits=410.88 carrying=identicard,kit_bag seated=- eye_m=1.70
hud: MOORING CLAMPS blue/0/0 hdg=0 ring=179.9 r=209.3 prompt=- credits=410.88 carrying=identicard,kit_bag seated=- eye_m=1.70
hud: MOORING CLAMPS blue/0/0 hdg=0 ring=180.0 r=209.3 prompt=- credits=410.88 carrying=identicard,kit_bag seated=- eye_m=1.70
hud: MOORING CLAMPS blue/0/0 hdg=0 ring=179.9 r=209.3 prompt=- credits=410.88 carrying=identicard,kit_bag seated=- eye_m=1.70
hud: MOORING CLAMPS blue/0/0 hdg=0 ring=180.0 r=209.3 prompt=- credits=410.88 carrying=identicard,kit_bag seated=- eye_m=1.70
hud: MOORING CLAMPS blue/0/0 hdg=0 ring=179.9 r=209.3 prompt=- credits=410.88 carrying=identicard,kit_bag seated=- eye_m=1.70
hud: MOORING CLAMPS blue/0/0 hdg=0 ring=180.0 r=209.3 prompt=- credits=410.88 carrying=identicard,kit_bag seated=- eye_m=1.70
hud: MOORING CLAMPS blue/0/0 hdg=0 ring=179.9 r=209.3 prompt=- credits=410.88 carrying=identicard,kit_bag seated=- eye_m=1.70
hud: MOORING CLAMPS blue/0/0 hdg=0 ring=180.0 r=209.3 prompt=- credits=410.88 carrying=identicard,kit_bag seated=- eye_m=1.70
hud: MOORING CLAMPS blue/0/0 hdg=0 ring=179.9 r=209.3 prompt=- credits=410.88 carrying=identicard,kit_bag seated=- eye_m=1.70
hud: MOORING CLAMPS blue/0/0 hdg=0 ring=180.0 r=209.4 prompt=- credits=410.88 carrying=identicard,kit_bag seated=- eye_m=1.70
hud: MOORING CLAMPS blue/0/0 hdg=0 ring=179.9 r=209.4 prompt=- credits=410.88 carrying=identicard,kit_bag seated=- eye_m=1.70
hud: MOORING CLAMPS blue/0/0 hdg=0 ring=180.0 r=209.4 prompt=- credits=410.88 carrying=identicard,kit_bag seated=- eye_m=1.70
hud: MOORING CLAMPS blue/0/0 hdg=0 ring=179.9 r=209.4 prompt=- credits=410.88 carrying=identicard,kit_bag seated=- eye_m=1.70
hud: MOORING CLAMPS blue/0/0 hdg=0 ring=180.0 r=209.4 prompt=- credits=410.88 carrying=identicard,kit_bag seated=- eye_m=1.70
hud: MOORING CLAMPS blue/0/0 hdg=0 ring=179.9 r=209.4 prompt=- credits=410.88 carrying=identicard,kit_bag seated=- eye_m=1.70
hud: MOORING CLAMPS blue/0/0 hdg=0 ring=180.0 r=209.4 prompt=- credits=410.88 carrying=identicard,kit_bag seated=- eye_m=1.70
hud: MOORING CLAMPS blue/0/0 hdg=0 ring=179.9 r=209.4 prompt=- credits=410.88 carrying=identicard,kit_bag seated=- eye_m=1.70
hud: MOORING CLAMPS blue/0/0 hdg=0 ring=180.0 r=209.4 prompt=- credits=410.88 carrying=identicard,kit_bag seated=- eye_m=1.70
hud: MOORING CLAMPS blue/0/0 hdg=0 ring=179.9 r=209.4 prompt=- credits=410.88 carrying=identicard,kit_bag seated=- eye_m=1.70
hud: MOORING CLAMPS blue/0/0 hdg=0 ring=180.0 r=209.4 prompt=- credits=410.88 carrying=identicard,kit_bag seated=- eye_m=1.70
hud: MOORING CLAMPS blue/0/0 hdg=0 ring=179.9 r=209.4 prompt=- credits=410.88 carrying=identicard,kit_bag seated=- eye_m=1.70
hud: MOORING CLAMPS blue/0/0 hdg=0 ring=180.0 r=209.4 prompt=- credits=410.88 carrying=identicard,kit_bag seated=- eye_m=1.70
hud: MOORING CLAMPS blue/0/0 hdg=0 ring=179.9 r=209.4 prompt=- credits=410.88 carrying=identicard,kit_bag seated=- eye_m=1.70
hud: MOORING CLAMPS blue/0/0 hdg=0 ring=180.0 r=209.4 prompt=- credits=410.88 carrying=identicard,kit_bag seated=- eye_m=1.70
hud: MOORING CLAMPS blue/0/0 hdg=0 ring=179.9 r=209.4 prompt=- credits=410.88 carrying=identicard,kit_bag seated=- eye_m=1.70
hud: MOORING CLAMPS blue/0/0 hdg=0 ring=180.0 r=209.4 prompt=- credits=410.88 carrying=identicard,kit_bag seated=- eye_m=1.70
hud: MOORING CLAMPS blue/0/0 hdg=0 ring=179.9 r=209.4 prompt=- credits=410.88 carrying=identicard,kit_bag seated=- eye_m=1.70
hud: MOORING CLAMPS blue/0/0 hdg=0 ring=180.0 r=209.4 prompt=- credits=410.88 carrying=identicard,kit_bag seated=- eye_m=1.70
hud: MOORING CLAMPS blue/0/0 hdg=0 ring=179.9 r=209.4 prompt=- credits=410.88 carrying=identicard,kit_bag seated=- eye_m=1.70
hud: MOORING CLAMPS blue/0/0 hdg=0 ring=180.0 r=209.4 prompt=- credits=410.88 carrying=identicard,kit_bag seated=- eye_m=1.70
hud: MOORING CLAMPS blue/0/0 hdg=0 ring=179.9 r=209.4 prompt=- credits=410.88 carrying=identicard,kit_bag seated=- eye_m=1.70
hud: MOORING CLAMPS blue/0/0 hdg=0 ring=180.0 r=209.4 prompt=- credits=410.88 carrying=identicard,kit_bag seated=- eye_m=1.70
hud: MOORING CLAMPS blue/0/0 hdg=0 ring=179.9 r=209.4 prompt=- credits=410.88 carrying=identicard,kit_bag seated=- eye_m=1.70
hud: MOORING CLAMPS blue/0/0 hdg=0 ring=180.0 r=209.4 prompt=- credits=410.88 carrying=identicard,kit_bag seated=- eye_m=1.70
hud: MOORING CLAMPS blue/0/0 hdg=0 ring=179.9 r=209.4 prompt=- credits=410.88 carrying=identicard,kit_bag seated=- eye_m=1.70
hud: MOORING CLAMPS blue/0/0 hdg=0 ring=180.0 r=209.4 prompt=- credits=410.88 carrying=identicard,kit_bag seated=- eye_m=1.70
hud: MOORING CLAMPS blue/0/0 hdg=0 ring=179.9 r=209.4 prompt=- credits=410.88 carrying=identicard,kit_bag seated=- eye_m=1.70
hud: MOORING CLAMPS blue/0/0 hdg=0 ring=180.0 r=209.4 prompt=- credits=410.88 carrying=identicard,kit_bag seated=- eye_m=1.70
hud: MOORING CLAMPS blue/0/0 hdg=0 ring=179.9 r=209.4 prompt=- credits=410.88 carrying=identicard,kit_bag seated=- eye_m=1.70
hud: MOORING CLAMPS blue/0/0 hdg=0 ring=180.0 r=209.4 prompt=- credits=410.88 carrying=identicard,kit_bag seated=- eye_m=1.70
hud: MOORING CLAMPS blue/0/0 hdg=0 ring=179.9 r=209.4 prompt=- credits=410.88 carrying=identicard,kit_bag seated=- eye_m=1.70
hud: MOORING CLAMPS blue/0/0 hdg=0 ring=180.0 r=209.4 prompt=- credits=410.88 carrying=identicard,kit_bag seated=- eye_m=1.70
hud: MOORING CLAMPS blue/0/0 hdg=0 ring=179.9 r=209.4 prompt=- credits=410.88 carrying=identicard,kit_bag seated=- eye_m=1.70
hud: MOORING CLAMPS blue/0/0 hdg=0 ring=180.0 r=209.4 prompt=- credits=410.88 carrying=identicard,kit_bag seated=- eye_m=1.70
hud: MOORING CLAMPS blue/0/0 hdg=0 ring=179.9 r=209.4 prompt=- credits=410.88 carrying=identicard,kit_bag seated=- eye_m=1.70
hud: MOORING CLAMPS blue/0/0 hdg=0 ring=180.0 r=209.4 prompt=- credits=410.88 carrying=identicard,kit_bag seated=- eye_m=1.70
hud: MOORING CLAMPS blue/0/0 hdg=0 ring=179.9 r=209.4 prompt=- credits=410.88 carrying=identicard,kit_bag seated=- eye_m=1.70
hud: MOORING CLAMPS blue/0/0 hdg=0 ring=180.0 r=209.4 prompt=- credits=410.88 carrying=identicard,kit_bag seated=- eye_m=1.70
hud: MOORING CLAMPS blue/0/0 hdg=0 ring=179.9 r=209.4 prompt=- credits=410.88 carrying=identicard,kit_bag seated=- eye_m=1.70
hud: MOORING CLAMPS blue/0/0 hdg=0 ring=180.0 r=209.4 prompt=- credits=410.88 carrying=identicard,kit_bag seated=- eye_m=1.70
hud: MOORING CLAMPS blue/0/0 hdg=0 ring=179.9 r=209.4 prompt=- credits=410.88 carrying=identicard,kit_bag seated=- eye_m=1.70
hud: MOORING CLAMPS blue/0/0 hdg=0 ring=180.0 r=209.4 prompt=- credits=410.88 carrying=identicard,kit_bag seated=- eye_m=1.70
hud: MOORING CLAMPS blue/0/0 hdg=0 ring=179.9 r=209.4 prompt=- credits=410.88 carrying=identicard,kit_bag seated=- eye_m=1.70
hud: MOORING CLAMPS blue/0/0 hdg=0 ring=180.0 r=209.4 prompt=- credits=410.88 carrying=identicard,kit_bag seated=- eye_m=1.70
hud: MOORING CLAMPS blue/0/0 hdg=0 ring=179.9 r=209.4 prompt=- credits=410.88 carrying=identicard,kit_bag seated=- eye_m=1.70
hud: MOORING CLAMPS blue/0/0 hdg=0 ring=180.0 r=209.4 prompt=- credits=410.88 carrying=identicard,kit_bag seated=- eye_m=1.70
hud: MOORING CLAMPS blue/0/0 hdg=0 ring=179.9 r=209.4 prompt=- credits=410.88 carrying=identicard,kit_bag seated=- eye_m=1.70
hud: MOORING CLAMPS blue/0/0 hdg=0 ring=180.0 r=209.4 prompt=- credits=410.88 carrying=identicard,kit_bag seated=- eye_m=1.70
hud: MOORING CLAMPS blue/0/0 hdg=0 ring=179.9 r=209.4 prompt=- credits=410.88 carrying=identicard,kit_bag seated=- eye_m=1.70
hud: MOORING CLAMPS blue/0/0 hdg=0 ring=180.0 r=209.4 prompt=- credits=410.88 carrying=identicard,kit_bag seated=- eye_m=1.70
hud: MOORING CLAMPS blue/0/0 hdg=0 ring=179.9 r=209.4 prompt=- credits=410.88 carrying=identicard,kit_bag seated=- eye_m=1.70
hud: MOORING CLAMPS blue/0/0 hdg=0 ring=180.0 r=209.4 prompt=- credits=410.88 carrying=identicard,kit_bag seated=- eye_m=1.70
hud: MOORING CLAMPS blue/0/0 hdg=0 ring=179.9 r=209.4 prompt=- credits=410.88 carrying=identicard,kit_bag seated=- eye_m=1.70
hud: MOORING CLAMPS blue/0/0 hdg=0 ring=180.0 r=209.4 prompt=- credits=410.88 carrying=identicard,kit_bag seated=- eye_m=1.70
hud: MOORING CLAMPS blue/0/0 hdg=0 ring=179.9 r=209.4 prompt=- credits=410.88 carrying=identicard,kit_bag seated=- eye_m=1.70
hud: MOORING CLAMPS blue/0/0 hdg=0 ring=180.0 r=209.4 prompt=- credits=410.88 carrying=identicard,kit_bag seated=- eye_m=1.70
hud: MOORING CLAMPS blue/0/0 hdg=0 ring=179.9 r=209.4 prompt=- credits=410.88 carrying=identicard,kit_bag seated=- eye_m=1.70
hud: MOORING CLAMPS blue/0/0 hdg=0 ring=180.0 r=209.4 prompt=- credits=410.88 carrying=identicard,kit_bag seated=- eye_m=1.70
hud: MOORING CLAMPS blue/0/0 hdg=0 ring=179.9 r=209.4 prompt=- credits=410.88 carrying=identicard,kit_bag seated=- eye_m=1.70
hud: MOORING CLAMPS blue/0/0 hdg=0 ring=180.0 r=209.4 prompt=- credits=410.88 carrying=identicard,kit_bag seated=- eye_m=1.70
hud: MOORING CLAMPS blue/0/0 hdg=0 ring=179.9 r=209.4 prompt=- credits=410.88 carrying=identicard,kit_bag seated=- eye_m=1.70
hud: MOORING CLAMPS blue/0/0 hdg=0 ring=180.0 r=209.4 prompt=- credits=410.88 carrying=identicard,kit_bag seated=- eye_m=1.70
hud: MOORING CLAMPS blue/0/0 hdg=0 ring=179.9 r=209.4 prompt=- credits=410.88 carrying=identicard,kit_bag seated=- eye_m=1.70
hud: MOORING CLAMPS blue/0/0 hdg=0 ring=180.0 r=209.4 prompt=- credits=410.88 carrying=identicard,kit_bag seated=- eye_m=1.70
hud: MOORING CLAMPS blue/0/0 hdg=0 ring=179.9 r=209.4 prompt=- credits=410.88 carrying=identicard,kit_bag seated=- eye_m=1.70
hud: MOORING CLAMPS blue/0/0 hdg=0 ring=180.0 r=209.4 prompt=- credits=410.88 carrying=identicard,kit_bag seated=- eye_m=1.70
hud: MOORING CLAMPS blue/0/0 hdg=0 ring=179.9 r=209.4 prompt=- credits=410.88 carrying=identicard,kit_bag seated=- eye_m=1.70
hud: MOORING CLAMPS blue/0/0 hdg=0 ring=180.0 r=209.4 prompt=- credits=410.88 carrying=identicard,kit_bag seated=- eye_m=1.70
hud: MOORING CLAMPS blue/0/0 hdg=0 ring=179.9 r=209.4 prompt=- credits=410.88 carrying=identicard,kit_bag seated=- eye_m=1.70
hud: MOORING CLAMPS blue/0/0 hdg=0 ring=180.0 r=209.4 prompt=- credits=410.88 carrying=identicard,kit_bag seated=- eye_m=1.70
hud: MOORING CLAMPS blue/0/0 hdg=0 ring=179.9 r=209.4 prompt=- credits=410.88 carrying=identicard,kit_bag seated=- eye_m=1.70
hud: MOORING CLAMPS blue/0/0 hdg=0 ring=180.0 r=209.4 prompt=- credits=410.88 carrying=identicard,kit_bag seated=- eye_m=1.70
hud: MOORING CLAMPS blue/0/0 hdg=0 ring=179.9 r=209.4 prompt=- credits=410.88 carrying=identicard,kit_bag seated=- eye_m=1.70
hud: MOORING CLAMPS blue/0/0 hdg=0 ring=180.0 r=209.4 prompt=- credits=410.88 carrying=identicard,kit_bag seated=- eye_m=1.70
hud: MOORING CLAMPS blue/0/0 hdg=0 ring=179.9 r=209.4 prompt=- credits=410.88 carrying=identicard,kit_bag seated=- eye_m=1.70
hud: MOORING CLAMPS blue/0/0 hdg=0 ring=180.0 r=209.4 prompt=- credits=410.88 carrying=identicard,kit_bag seated=- eye_m=1.70
hud: MOORING CLAMPS blue/0/0 hdg=0 ring=179.9 r=209.4 prompt=- credits=410.88 carrying=identicard,kit_bag seated=- eye_m=1.70
hud: MOORING CLAMPS blue/0/0 hdg=0 ring=180.0 r=209.4 prompt=- credits=410.88 carrying=identicard,kit_bag seated=- eye_m=1.70
hud: MOORING CLAMPS blue/0/0 hdg=0 ring=179.9 r=209.4 prompt=- credits=410.88 carrying=identicard,kit_bag seated=- eye_m=1.70
hud: MOORING CLAMPS blue/0/0 hdg=0 ring=180.0 r=209.4 prompt=- credits=410.88 carrying=identicard,kit_bag seated=- eye_m=1.70
hud: MOORING CLAMPS blue/0/0 hdg=0 ring=179.9 r=209.4 prompt=- credits=410.88 carrying=identicard,kit_bag seated=- eye_m=1.70
hud: MOORING CLAMPS blue/0/0 hdg=0 ring=180.0 r=209.4 prompt=- credits=410.88 carrying=identicard,kit_bag seated=- eye_m=1.70
hud: MOORING CLAMPS blue/0/0 hdg=0 ring=179.9 r=209.4 prompt=- credits=410.88 carrying=identicard,kit_bag seated=- eye_m=1.70
hud: MOORING CLAMPS blue/0/0 hdg=0 ring=180.0 r=209.4 prompt=- credits=410.88 carrying=identicard,kit_bag seated=- eye_m=1.70
hud: MOORING CLAMPS blue/0/0 hdg=0 ring=179.9 r=209.4 prompt=- credits=410.88 carrying=identicard,kit_bag seated=- eye_m=1.70
hud: MOORING CLAMPS blue/0/0 hdg=0 ring=180.0 r=209.4 prompt=- credits=410.88 carrying=identicard,kit_bag seated=- eye_m=1.70
hud: MOORING CLAMPS blue/0/0 hdg=0 ring=179.9 r=209.4 prompt=- credits=410.88 carrying=identicard,kit_bag seated=- eye_m=1.70
hud: MOORING CLAMPS blue/0/0 hdg=0 ring=180.0 r=209.4 prompt=- credits=410.88 carrying=identicard,kit_bag seated=- eye_m=1.70
hud: MOORING CLAMPS blue/0/0 hdg=0 ring=179.9 r=209.4 prompt=- credits=410.88 carrying=identicard,kit_bag seated=- eye_m=1.70
hud: MOORING CLAMPS blue/0/0 hdg=0 ring=180.0 r=209.4 prompt=- credits=410.88 carrying=identicard,kit_bag seated=- eye_m=1.70
hud: MOORING CLAMPS blue/0/0 hdg=0 ring=179.9 r=209.4 prompt=- credits=410.88 carrying=identicard,kit_bag seated=- eye_m=1.70
hud: MOORING CLAMPS blue/0/0 hdg=0 ring=180.0 r=209.4 prompt=- credits=410.88 carrying=identicard,kit_bag seated=- eye_m=1.70
hud: MOORING CLAMPS blue/0/0 hdg=0 ring=179.9 r=209.4 prompt=- credits=410.88 carrying=identicard,kit_bag seated=- eye_m=1.70
hud: MOORING CLAMPS blue/0/0 hdg=0 ring=180.0 r=209.4 prompt=- credits=410.88 carrying=identicard,kit_bag seated=- eye_m=1.70
hud: MOORING CLAMPS blue/0/0 hdg=0 ring=179.9 r=209.4 prompt=- credits=410.88 carrying=identicard,kit_bag seated=- eye_m=1.70
hud: MOORING CLAMPS blue/0/0 hdg=0 ring=180.0 r=209.4 prompt=- credits=410.88 carrying=identicard,kit_bag seated=- eye_m=1.70
hud: MOORING CLAMPS blue/0/0 hdg=0 ring=179.9 r=209.4 prompt=- credits=410.88 carrying=identicard,kit_bag seated=- eye_m=1.70
hud: MOORING CLAMPS blue/0/0 hdg=0 ring=180.0 r=209.4 prompt=- credits=410.88 carrying=identicard,kit_bag seated=- eye_m=1.70
hud: MOORING CLAMPS blue/0/0 hdg=0 ring=179.9 r=209.4 prompt=- credits=410.88 carrying=identicard,kit_bag seated=- eye_m=1.70
hud: MOORING CLAMPS blue/0/0 hdg=0 ring=180.0 r=209.4 prompt=- credits=410.88 carrying=identicard,kit_bag seated=- eye_m=1.70
hud: MOORING CLAMPS blue/0/0 hdg=0 ring=179.9 r=209.4 prompt=- credits=410.88 carrying=identicard,kit_bag seated=- eye_m=1.70
hud: MOORING CLAMPS blue/0/0 hdg=0 ring=180.0 r=209.4 prompt=- credits=410.88 carrying=identicard,kit_bag seated=- eye_m=1.70
hud: MOORING CLAMPS blue/0/0 hdg=0 ring=179.9 r=209.4 prompt=- credits=410.88 carrying=identicard,kit_bag seated=- eye_m=1.70
hud: MOORING CLAMPS blue/0/0 hdg=0 ring=180.0 r=209.4 prompt=- credits=410.88 carrying=identicard,kit_bag seated=- eye_m=1.70
ARREST David Nakamura* + Bo Rossi arriving 0.0 m away, at 1.30 m/s
hud: MOORING CLAMPS blue/0/0 hdg=0 ring=179.9 r=209.4 prompt=- credits=410.88 carrying=identicard,kit_bag seated=- eye_m=1.70
ARREST arrived -- 0.26 m from the player, 0.0 m of floor covered by a body in the crowd
hud: MOORING CLAMPS blue/0/0 hdg=0 ring=180.0 r=209.4 prompt=- credits=410.88 carrying=identicard,kit_bag seated=- eye_m=1.70
ARREST moved on at mooring_clamps -- moved on -- no arrest, no record (2.7 rung 3) (no arrest, no record (LAW-CRIME 2.7 rung 3))
ARREST gate=FAIL refused=3 responded=3 arrived=3 moved_on=2 detained=1 walked=0.0m cr=-9.62 clock=+19.2h out=2.8m rate=x40 place=mooring_clamps
hud: MOORING CLAMPS blue/0/0 hdg=0 ring=179.9 r=209.4 prompt=- credits=410.88 carrying=identicard,kit_bag seated=- eye_m=1.70
ERROR: Pages in use exist at exit in PagedAllocator: N20RasterizerSceneDummy21GeometryInstanceDummyE
   at: ~PagedAllocator (./core/templates/paged_allocator.h:170)
ERROR: 1 RID allocations of type 'N26RendererEnvironmentStorage11EnvironmentE' were leaked at exit.
ERROR: 42 RID allocations of type 'PN13RendererDummy14TextureStorage12DummyTextureE' were leaked at exit.
ERROR: 1024 RID allocations of type 'N13RendererDummy9DummyMeshE' were leaked at exit.
WARNING: Leaked instance dependency: Bug - did not call instance_notify_deleted when freeing.
     at: ~Dependency (servers/rendering/storage/utilities.cpp:56)
WARNING: Leaked instance dependency: Bug - did not call instance_notify_deleted when freeing.
     at: ~Dependency (servers/rendering/storage/utilities.cpp:56)
WARNING: Leaked instance dependency: Bug - did not call instance_notify_deleted when freeing.
     at: ~Dependency (servers/rendering/storage/utilities.cpp:56)
WARNING: Leaked instance dependency: Bug - did not call instance_notify_deleted when freeing.
     at: ~Dependency (servers/rendering/storage/utilities.cpp:56)
WARNING: Leaked instance dependency: Bug - did not call instance_notify_deleted when freeing.
     at: ~Dependency (servers/rendering/storage/utilities.cpp:56)
WARNING: Leaked instance dependency: Bug - did not call instance_notify_deleted when freeing.
     at: ~Dependency (servers/rendering/storage/utilities.cpp:56)
WARNING: Leaked instance dependency: Bug - did not call instance_notify_deleted when freeing.
     at: ~Dependency (servers/rendering/storage/utilities.cpp:56)
WARNING: Leaked instance dependency: Bug - did not call instance_notify_deleted when freeing.
     at: ~Dependency (servers/rendering/storage/utilities.cpp:56)
WARNING: Leaked instance dependency: Bug - did not call instance_notify_deleted when freeing.
     at: ~Dependency (servers/rendering/storage/utilities.cpp:56)
WARNING: Leaked instance dependency: Bug - did not call instance_notify_deleted when freeing.
     at: ~Dependency (servers/rendering/storage/utilities.cpp:56)
WARNING: Leaked instance dependency: Bug - did not call instance_notify_deleted when freeing.
     at: ~Dependency (servers/rendering/storage/utilities.cpp:56)
WARNING: Leaked instance dependency: Bug - did not call instance_notify_deleted when freeing.
     at: ~Dependency (servers/rendering/storage/utilities.cpp:56)
WARNING: Leaked instance dependency: Bug - did not call instance_notify_deleted when freeing.
     at: ~Dependency (servers/rendering/storage/utilities.cpp:56)
WARNING: Leaked instance dependency: Bug - did not call instance_notify_deleted when freeing.
     at: ~Dependency (servers/rendering/storage/utilities.cpp:56)
WARNING: Leaked instance dependency: Bug - did not call instance_notify_deleted when freeing.
     at: ~Dependency (servers/rendering/storage/utilities.cpp:56)
WARNING: Leaked instance dependency: Bug - did not call instance_notify_deleted when freeing.
     at: ~Dependency (servers/rendering/storage/utilities.cpp:56)
WARNING: Leaked instance dependency: Bug - did not call instance_notify_deleted when freeing.
     at: ~Dependency (servers/rendering/storage/utilities.cpp:56)
WARNING: Leaked instance dependency: Bug - did not call instance_notify_deleted when freeing.
     at: ~Dependency (servers/rendering/storage/utilities.cpp:56)
WARNING: Leaked instance dependency: Bug - did not call instance_notify_deleted when freeing.
     at: ~Dependency (servers/rendering/storage/utilities.cpp:56)
WARNING: Leaked instance dependency: Bug - did not call instance_notify_deleted when freeing.
     at: ~Dependency (servers/rendering/storage/utilities.cpp:56)
WARNING: Leaked instance dependency: Bug - did not call instance_notify_deleted when freeing.
     at: ~Dependency (servers/rendering/storage/utilities.cpp:56)
WARNING: Leaked instance dependency: Bug - did not call instance_notify_deleted when freeing.
     at: ~Dependency (servers/rendering/storage/utilities.cpp:56)
WARNING: Leaked instance dependency: Bug - did not call instance_notify_deleted when freeing.
     at: ~Dependency (servers/rendering/storage/utilities.cpp:56)
WARNING: Leaked instance dependency: Bug - did not call instance_notify_deleted when freeing.
     at: ~Dependency (servers/rendering/storage/utilities.cpp:56)
WARNING: Leaked instance dependency: Bug - did not call instance_notify_deleted when freeing.
     at: ~Dependency (servers/rendering/storage/utilities.cpp:56)
WARNING: Leaked instance dependency: Bug - did not call instance_notify_deleted when freeing.
     at: ~Dependency (servers/rendering/storage/utilities.cpp:56)
WARNING: Leaked instance dependency: Bug - did not call instance_notify_deleted when freeing.
     at: ~Dependency (servers/rendering/storage/utilities.cpp:56)
WARNING: Leaked instance dependency: Bug - did not call instance_notify_deleted when freeing.
     at: ~Dependency (servers/rendering/storage/utilities.cpp:56)
WARNING: Leaked instance dependency: Bug - did not call instance_notify_deleted when freeing.
     at: ~Dependency (servers/rendering/storage/utilities.cpp:56)
WARNING: Leaked instance dependency: Bug - did not call instance_notify_deleted when freeing.
     at: ~Dependency (servers/rendering/storage/utilities.cpp:56)
WARNING: Leaked instance dependency: Bug - did not call instance_notify_deleted when freeing.
     at: ~Dependency (servers/rendering/storage/utilities.cpp:56)
WARNING: Leaked instance dependency: Bug - did not call instance_notify_deleted when freeing.
     at: ~Dependency (servers/rendering/storage/utilities.cpp:56)
WARNING: Leaked instance dependency: Bug - did not call instance_notify_deleted when freeing.
     at: ~Dependency (servers/rendering/storage/utilities.cpp:56)
WARNING: Leaked instance dependency: Bug - did not call instance_notify_deleted when freeing.
     at: ~Dependency (servers/rendering/storage/utilities.cpp:56)
WARNING: Leaked instance dependency: Bug - did not call instance_notify_deleted when freeing.
     at: ~Dependency (servers/rendering/storage/utilities.cpp:56)
WARNING: Leaked instance dependency: Bug - did not call instance_notify_deleted when freeing.
     at: ~Dependency (servers/rendering/storage/utilities.cpp:56)
WARNING: Leaked instance dependency: Bug - did not call instance_notify_deleted when freeing.
     at: ~Dependency (servers/rendering/storage/utilities.cpp:56)
WARNING: Leaked instance dependency: Bug - did not call instance_notify_deleted when freeing.
     at: ~Dependency (servers/rendering/storage/utilities.cpp:56)
WARNING: Leaked instance dependency: Bug - did not call instance_notify_deleted when freeing.
     at: ~Dependency (servers/rendering/storage/utilities.cpp:56)
WARNING: Leaked instance dependency: Bug - did not call instance_notify_deleted when freeing.
     at: ~Dependency (servers/rendering/storage/utilities.cpp:56)
WARNING: Leaked instance dependency: Bug - did not call instance_notify_deleted when freeing.
     at: ~Dependency (servers/rendering/storage/utilities.cpp:56)
WARNING: Leaked instance dependency: Bug - did not call instance_notify_deleted when freeing.
     at: ~Dependency (servers/rendering/storage/utilities.cpp:56)
WARNING: Leaked instance dependency: Bug - did not call instance_notify_deleted when freeing.
     at: ~Dependency (servers/rendering/storage/utilities.cpp:56)
WARNING: Leaked instance dependency: Bug - did not call instance_notify_deleted when freeing.
     at: ~Dependency (servers/rendering/storage/utilities.cpp:56)
WARNING: Leaked instance dependency: Bug - did not call instance_notify_deleted when freeing.
     at: ~Dependency (servers/rendering/storage/utilities.cpp:56)
WARNING: Leaked instance dependency: Bug - did not call instance_notify_deleted when freeing.
     at: ~Dependency (servers/rendering/storage/utilities.cpp:56)
WARNING: Leaked instance dependency: Bug - did not call instance_notify_deleted when freeing.
     at: ~Dependency (servers/rendering/storage/utilities.cpp:56)
WARNING: Leaked instance dependency: Bug - did not call instance_notify_deleted when freeing.
     at: ~Dependency (servers/rendering/storage/utilities.cpp:56)
WARNING: Leaked instance dependency: Bug - did not call instance_notify_deleted when freeing.
     at: ~Dependency (servers/rendering/storage/utilities.cpp:56)
WARNING: Leaked instance dependency: Bug - did not call instance_notify_deleted when freeing.
     at: ~Dependency (servers/rendering/storage/utilities.cpp:56)
WARNING: Leaked instance dependency: Bug - did not call instance_notify_deleted when freeing.
     at: ~Dependency (servers/rendering/storage/utilities.cpp:56)
WARNING: Leaked instance dependency: Bug - did not call instance_notify_deleted when freeing.
     at: ~Dependency (servers/rendering/storage/utilities.cpp:56)
WARNING: Leaked instance dependency: Bug - did not call instance_notify_deleted when freeing.
     at: ~Dependency (servers/rendering/storage/utilities.cpp:56)
WARNING: Leaked instance dependency: Bug - did not call instance_notify_deleted when freeing.
     at: ~Dependency (servers/rendering/storage/utilities.cpp:56)
WARNING: Leaked instance dependency: Bug - did not call instance_notify_deleted when freeing.
     at: ~Dependency (servers/rendering/storage/utilities.cpp:56)
WARNING: Leaked instance dependency: Bug - did not call instance_notify_deleted when freeing.
     at: ~Dependency (servers/rendering/storage/utilities.cpp:56)
WARNING: Leaked instance dependency: Bug - did not call instance_notify_deleted when freeing.
     at: ~Dependency (servers/rendering/storage/utilities.cpp:56)
WARNING: Leaked instance dependency: Bug - did not call instance_notify_deleted when freeing.
     at: ~Dependency (servers/rendering/storage/utilities.cpp:56)
WARNING: Leaked instance dependency: Bug - did not call instance_notify_deleted when freeing.
     at: ~Dependency (servers/rendering/storage/utilities.cpp:56)
WARNING: Leaked instance dependency: Bug - did not call instance_notify_deleted when freeing.
     at: ~Dependency (servers/rendering/storage/utilities.cpp:56)
WARNING: Leaked instance dependency: Bug - did not call instance_notify_deleted when freeing.
     at: ~Dependency (servers/rendering/storage/utilities.cpp:56)
WARNING: Leaked instance dependency: Bug - did not call instance_notify_deleted when freeing.
     at: ~Dependency (servers/rendering/storage/utilities.cpp:56)
WARNING: Leaked instance dependency: Bug - did not call instance_notify_deleted when freeing.
     at: ~Dependency (servers/rendering/storage/utilities.cpp:56)
WARNING: Leaked instance dependency: Bug - did not call instance_notify_deleted when freeing.
     at: ~Dependency (servers/rendering/storage/utilities.cpp:56)
WARNING: Leaked instance dependency: Bug - did not call instance_notify_deleted when freeing.
     at: ~Dependency (servers/rendering/storage/utilities.cpp:56)
WARNING: Leaked instance dependency: Bug - did not call instance_notify_deleted when freeing.
     at: ~Dependency (servers/rendering/storage/utilities.cpp:56)
WARNING: Leaked instance dependency: Bug - did not call instance_notify_deleted when freeing.
     at: ~Dependency (servers/rendering/storage/utilities.cpp:56)
WARNING: Leaked instance dependency: Bug - did not call instance_notify_deleted when freeing.
     at: ~Dependency (servers/rendering/storage/utilities.cpp:56)
WARNING: Leaked instance dependency: Bug - did not call instance_notify_deleted when freeing.
     at: ~Dependency (servers/rendering/storage/utilities.cpp:56)
WARNING: Leaked instance dependency: Bug - did not call instance_notify_deleted when freeing.
     at: ~Dependency (servers/rendering/storage/utilities.cpp:56)
WARNING: Leaked instance dependency: Bug - did not call instance_notify_deleted when freeing.
     at: ~Dependency (servers/rendering/storage/utilities.cpp:56)
WARNING: Leaked instance dependency: Bug - did not call instance_notify_deleted when freeing.
     at: ~Dependency (servers/rendering/storage/utilities.cpp:56)
WARNING: Leaked instance dependency: Bug - did not call instance_notify_deleted when freeing.
     at: ~Dependency (servers/rendering/storage/utilities.cpp:56)
WARNING: Leaked instance dependency: Bug - did not call instance_notify_deleted when freeing.
     at: ~Dependency (servers/rendering/storage/utilities.cpp:56)
WARNING: Leaked instance dependency: Bug - did not call instance_notify_deleted when freeing.
     at: ~Dependency (servers/rendering/storage/utilities.cpp:56)
WARNING: Leaked instance dependency: Bug - did not call instance_notify_deleted when freeing.
     at: ~Dependency (servers/rendering/storage/utilities.cpp:56)
WARNING: Leaked instance dependency: Bug - did not call instance_notify_deleted when freeing.
     at: ~Dependency (servers/rendering/storage/utilities.cpp:56)
WARNING: Leaked instance dependency: Bug - did not call instance_notify_deleted when freeing.
     at: ~Dependency (servers/rendering/storage/utilities.cpp:56)
WARNING: Leaked instance dependency: Bug - did not call instance_notify_deleted when freeing.
     at: ~Dependency (servers/rendering/storage/utilities.cpp:56)
WARNING: Leaked instance dependency: Bug - did not call instance_notify_deleted when freeing.
     at: ~Dependency (servers/rendering/storage/utilities.cpp:56)
WARNING: Leaked instance dependency: Bug - did not call instance_notify_deleted when freeing.
     at: ~Dependency (servers/rendering/storage/utilities.cpp:56)
WARNING: Leaked instance dependency: Bug - did not call instance_notify_deleted when freeing.
     at: ~Dependency (servers/rendering/storage/utilities.cpp:56)
WARNING: Leaked instance dependency: Bug - did not call instance_notify_deleted when freeing.
     at: ~Dependency (servers/rendering/storage/utilities.cpp:56)
WARNING: Leaked instance dependency: Bug - did not call instance_notify_deleted when freeing.
     at: ~Dependency (servers/rendering/storage/utilities.cpp:56)
WARNING: Leaked instance dependency: Bug - did not call instance_notify_deleted when freeing.
     at: ~Dependency (servers/rendering/storage/utilities.cpp:56)
WARNING: Leaked instance dependency: Bug - did not call instance_notify_deleted when freeing.
     at: ~Dependency (servers/rendering/storage/utilities.cpp:56)
WARNING: Leaked instance dependency: Bug - did not call instance_notify_deleted when freeing.
     at: ~Dependency (servers/rendering/storage/utilities.cpp:56)
WARNING: Leaked instance dependency: Bug - did not call instance_notify_deleted when freeing.
     at: ~Dependency (servers/rendering/storage/utilities.cpp:56)
WARNING: Leaked instance dependency: Bug - did not call instance_notify_deleted when freeing.
     at: ~Dependency (servers/rendering/storage/utilities.cpp:56)
WARNING: Leaked instance dependency: Bug - did not call instance_notify_deleted when freeing.
     at: ~Dependency (servers/rendering/storage/utilities.cpp:56)
WARNING: Leaked instance dependency: Bug - did not call instance_notify_deleted when freeing.
     at: ~Dependency (servers/rendering/storage/utilities.cpp:56)
WARNING: Leaked instance dependency: Bug - did not call instance_notify_deleted when freeing.
     at: ~Dependency (servers/rendering/storage/utilities.cpp:56)
WARNING: Leaked instance dependency: Bug - did not call instance_notify_deleted when freeing.
     at: ~Dependency (servers/rendering/storage/utilities.cpp:56)
WARNING: Leaked instance dependency: Bug - did not call instance_notify_deleted when freeing.
     at: ~Dependency (servers/rendering/storage/utilities.cpp:56)
WARNING: Leaked instance dependency: Bug - did not call instance_notify_deleted when freeing.
     at: ~Dependency (servers/rendering/storage/utilities.cpp:56)
WARNING: Leaked instance dependency: Bug - did not call instance_notify_deleted when freeing.
     at: ~Dependency (servers/rendering/storage/utilities.cpp:56)
WARNING: Leaked instance dependency: Bug - did not call instance_notify_deleted when freeing.
     at: ~Dependency (servers/rendering/storage/utilities.cpp:56)
WARNING: Leaked instance dependency: Bug - did not call instance_notify_deleted when freeing.
     at: ~Dependency (servers/rendering/storage/utilities.cpp:56)
WARNING: Leaked instance dependency: Bug - did not call instance_notify_deleted when freeing.
     at: ~Dependency (servers/rendering/storage/utilities.cpp:56)
WARNING: Leaked instance dependency: Bug - did not call instance_notify_deleted when freeing.
     at: ~Dependency (servers/rendering/storage/utilities.cpp:56)
WARNING: Leaked instance dependency: Bug - did not call instance_notify_deleted when freeing.
     at: ~Dependency (servers/rendering/storage/utilities.cpp:56)
WARNING: Leaked instance dependency: Bug - did not call instance_notify_deleted when freeing.
     at: ~Dependency (servers/rendering/storage/utilities.cpp:56)
WARNING: Leaked instance dependency: Bug - did not call instance_notify_deleted when freeing.
     at: ~Dependency (servers/rendering/storage/utilities.cpp:56)
WARNING: Leaked instance dependency: Bug - did not call instance_notify_deleted when freeing.
     at: ~Dependency (servers/rendering/storage/utilities.cpp:56)
WARNING: Leaked instance dependency: Bug - did not call instance_notify_deleted when freeing.
     at: ~Dependency (servers/rendering/storage/utilities.cpp:56)
WARNING: Leaked instance dependency: Bug - did not call instance_notify_deleted when freeing.
     at: ~Dependency (servers/rendering/storage/utilities.cpp:56)
WARNING: Leaked instance dependency: Bug - did not call instance_notify_deleted when freeing.
     at: ~Dependency (servers/rendering/storage/utilities.cpp:56)
WARNING: Leaked instance dependency: Bug - did not call instance_notify_deleted when freeing.
     at: ~Dependency (servers/rendering/storage/utilities.cpp:56)
WARNING: Leaked instance dependency: Bug - did not call instance_notify_deleted when freeing.
     at: ~Dependency (servers/rendering/storage/utilities.cpp:56)
WARNING: Leaked instance dependency: Bug - did not call instance_notify_deleted when freeing.
     at: ~Dependency (servers/rendering/storage/utilities.cpp:56)
WARNING: Leaked instance dependency: Bug - did not call instance_notify_deleted when freeing.
     at: ~Dependency (servers/rendering/storage/utilities.cpp:56)
WARNING: Leaked instance dependency: Bug - did not call instance_notify_deleted when freeing.
     at: ~Dependency (servers/rendering/storage/utilities.cpp:56)
WARNING: Leaked instance dependency: Bug - did not call instance_notify_deleted when freeing.
     at: ~Dependency (servers/rendering/storage/utilities.cpp:56)
WARNING: Leaked instance dependency: Bug - did not call instance_notify_deleted when freeing.
     at: ~Dependency (servers/rendering/storage/utilities.cpp:56)
WARNING: Leaked instance dependency: Bug - did not call instance_notify_deleted when freeing.
     at: ~Dependency (servers/rendering/storage/utilities.cpp:56)
WARNING: Leaked instance dependency: Bug - did not call instance_notify_deleted when freeing.
     at: ~Dependency (servers/rendering/storage/utilities.cpp:56)
WARNING: Leaked instance dependency: Bug - did not call instance_notify_deleted when freeing.
     at: ~Dependency (servers/rendering/storage/utilities.cpp:56)
WARNING: Leaked instance dependency: Bug - did not call instance_notify_deleted when freeing.
     at: ~Dependency (servers/rendering/storage/utilities.cpp:56)
WARNING: Leaked instance dependency: Bug - did not call instance_notify_deleted when freeing.
     at: ~Dependency (servers/rendering/storage/utilities.cpp:56)
WARNING: Leaked instance dependency: Bug - did not call instance_notify_deleted when freeing.
     at: ~Dependency (servers/rendering/storage/utilities.cpp:56)
WARNING: Leaked instance dependency: Bug - did not call instance_notify_deleted when freeing.
     at: ~Dependency (servers/rendering/storage/utilities.cpp:56)
WARNING: Leaked instance dependency: Bug - did not call instance_notify_deleted when freeing.
     at: ~Dependency (servers/rendering/storage/utilities.cpp:56)
WARNING: Leaked instance dependency: Bug - did not call instance_notify_deleted when freeing.
     at: ~Dependency (servers/rendering/storage/utilities.cpp:56)
WARNING: Leaked instance dependency: Bug - did not call instance_notify_deleted when freeing.
     at: ~Dependency (servers/rendering/storage/utilities.cpp:56)
WARNING: Leaked instance dependency: Bug - did not call instance_notify_deleted when freeing.
     at: ~Dependency (servers/rendering/storage/utilities.cpp:56)
WARNING: Leaked instance dependency: Bug - did not call instance_notify_deleted when freeing.
     at: ~Dependency (servers/rendering/storage/utilities.cpp:56)
WARNING: Leaked instance dependency: Bug - did not call instance_notify_deleted when freeing.
     at: ~Dependency (servers/rendering/storage/utilities.cpp:56)
WARNING: Leaked instance dependency: Bug - did not call instance_notify_deleted when freeing.
     at: ~Dependency (servers/rendering/storage/utilities.cpp:56)
WARNING: Leaked instance dependency: Bug - did not call instance_notify_deleted when freeing.
     at: ~Dependency (servers/rendering/storage/utilities.cpp:56)
WARNING: Leaked instance dependency: Bug - did not call instance_notify_deleted when freeing.
     at: ~Dependency (servers/rendering/storage/utilities.cpp:56)
WARNING: Leaked instance dependency: Bug - did not call instance_notify_deleted when freeing.
     at: ~Dependency (servers/rendering/storage/utilities.cpp:56)
WARNING: Leaked instance dependency: Bug - did not call instance_notify_deleted when freeing.
     at: ~Dependency (servers/rendering/storage/utilities.cpp:56)
WARNING: Leaked instance dependency: Bug - did not call instance_notify_deleted when freeing.
     at: ~Dependency (servers/rendering/storage/utilities.cpp:56)
WARNING: Leaked instance dependency: Bug - did not call instance_notify_deleted when freeing.
     at: ~Dependency (servers/rendering/storage/utilities.cpp:56)
WARNING: Leaked instance dependency: Bug - did not call instance_notify_deleted when freeing.
     at: ~Dependency (servers/rendering/storage/utilities.cpp:56)
WARNING: Leaked instance dependency: Bug - did not call instance_notify_deleted when freeing.
     at: ~Dependency (servers/rendering/storage/utilities.cpp:56)
WARNING: Leaked instance dependency: Bug - did not call instance_notify_deleted when freeing.
     at: ~Dependency (servers/rendering/storage/utilities.cpp:56)
WARNING: Leaked instance dependency: Bug - did not call instance_notify_deleted when freeing.
     at: ~Dependency (servers/rendering/storage/utilities.cpp:56)
WARNING: Leaked instance dependency: Bug - did not call instance_notify_deleted when freeing.
     at: ~Dependency (servers/rendering/storage/utilities.cpp:56)
WARNING: Leaked instance dependency: Bug - did not call instance_notify_deleted when freeing.
     at: ~Dependency (servers/rendering/storage/utilities.cpp:56)
WARNING: Leaked instance dependency: Bug - did not call instance_notify_deleted when freeing.
     at: ~Dependency (servers/rendering/storage/utilities.cpp:56)
WARNING: Leaked instance dependency: Bug - did not call instance_notify_deleted when freeing.
     at: ~Dependency (servers/rendering/storage/utilities.cpp:56)
WARNING: Leaked instance dependency: Bug - did not call instance_notify_deleted when freeing.
     at: ~Dependency (servers/rendering/storage/utilities.cpp:56)
WARNING: Leaked instance dependency: Bug - did not call instance_notify_deleted when freeing.
     at: ~Dependency (servers/rendering/storage/utilities.cpp:56)
WARNING: Leaked instance dependency: Bug - did not call instance_notify_deleted when freeing.
     at: ~Dependency (servers/rendering/storage/utilities.cpp:56)
WARNING: Leaked instance dependency: Bug - did not call instance_notify_deleted when freeing.
     at: ~Dependency (servers/rendering/storage/utilities.cpp:56)
WARNING: Leaked instance dependency: Bug - did not call instance_notify_deleted when freeing.
     at: ~Dependency (servers/rendering/storage/utilities.cpp:56)
WARNING: Leaked instance dependency: Bug - did not call instance_notify_deleted when freeing.
     at: ~Dependency (servers/rendering/storage/utilities.cpp:56)
WARNING: Leaked instance dependency: Bug - did not call instance_notify_deleted when freeing.
     at: ~Dependency (servers/rendering/storage/utilities.cpp:56)
WARNING: Leaked instance dependency: Bug - did not call instance_notify_deleted when freeing.
     at: ~Dependency (servers/rendering/storage/utilities.cpp:56)
WARNING: Leaked instance dependency: Bug - did not call instance_notify_deleted when freeing.
     at: ~Dependency (servers/rendering/storage/utilities.cpp:56)
WARNING: Leaked instance dependency: Bug - did not call instance_notify_deleted when freeing.
     at: ~Dependency (servers/rendering/storage/utilities.cpp:56)
WARNING: Leaked instance dependency: Bug - did not call instance_notify_deleted when freeing.
     at: ~Dependency (servers/rendering/storage/utilities.cpp:56)
WARNING: Leaked instance dependency: Bug - did not call instance_notify_deleted when freeing.
     at: ~Dependency (servers/rendering/storage/utilities.cpp:56)
WARNING: Leaked instance dependency: Bug - did not call instance_notify_deleted when freeing.
     at: ~Dependency (servers/rendering/storage/utilities.cpp:56)
WARNING: Leaked instance dependency: Bug - did not call instance_notify_deleted when freeing.
     at: ~Dependency (servers/rendering/storage/utilities.cpp:56)
WARNING: Leaked instance dependency: Bug - did not call instance_notify_deleted when freeing.
     at: ~Dependency (servers/rendering/storage/utilities.cpp:56)
WARNING: Leaked instance dependency: Bug - did not call instance_notify_deleted when freeing.
     at: ~Dependency (servers/rendering/storage/utilities.cpp:56)
WARNING: Leaked instance dependency: Bug - did not call instance_notify_deleted when freeing.
     at: ~Dependency (servers/rendering/storage/utilities.cpp:56)
WARNING: Leaked instance dependency: Bug - did not call instance_notify_deleted when freeing.
     at: ~Dependency (servers/rendering/storage/utilities.cpp:56)
WARNING: Leaked instance dependency: Bug - did not call instance_notify_deleted when freeing.
     at: ~Dependency (servers/rendering/storage/utilities.cpp:56)
WARNING: Leaked instance dependency: Bug - did not call instance_notify_deleted when freeing.
     at: ~Dependency (servers/rendering/storage/utilities.cpp:56)
WARNING: Leaked instance dependency: Bug - did not call instance_notify_deleted when freeing.
     at: ~Dependency (servers/rendering/storage/utilities.cpp:56)
WARNING: Leaked instance dependency: Bug - did not call instance_notify_deleted when freeing.
     at: ~Dependency (servers/rendering/storage/utilities.cpp:56)
WARNING: Leaked instance dependency: Bug - did not call instance_notify_deleted when freeing.
     at: ~Dependency (servers/rendering/storage/utilities.cpp:56)
WARNING: Leaked instance dependency: Bug - did not call instance_notify_deleted when freeing.
     at: ~Dependency (servers/rendering/storage/utilities.cpp:56)
WARNING: Leaked instance dependency: Bug - did not call instance_notify_deleted when freeing.
     at: ~Dependency (servers/rendering/storage/utilities.cpp:56)
WARNING: Leaked instance dependency: Bug - did not call instance_notify_deleted when freeing.
     at: ~Dependency (servers/rendering/storage/utilities.cpp:56)
WARNING: Leaked instance dependency: Bug - did not call instance_notify_deleted when freeing.
     at: ~Dependency (servers/rendering/storage/utilities.cpp:56)
WARNING: Leaked instance dependency: Bug - did not call instance_notify_deleted when freeing.
     at: ~Dependency (servers/rendering/storage/utilities.cpp:56)
WARNING: Leaked instance dependency: Bug - did not call instance_notify_deleted when freeing.
     at: ~Dependency (servers/rendering/storage/utilities.cpp:56)
WARNING: Leaked instance dependency: Bug - did not call instance_notify_deleted when freeing.
     at: ~Dependency (servers/rendering/storage/utilities.cpp:56)
WARNING: Leaked instance dependency: Bug - did not call instance_notify_deleted when freeing.
     at: ~Dependency (servers/rendering/storage/utilities.cpp:56)
WARNING: Leaked instance dependency: Bug - did not call instance_notify_deleted when freeing.
     at: ~Dependency (servers/rendering/storage/utilities.cpp:56)
WARNING: Leaked instance dependency: Bug - did not call instance_notify_deleted when freeing.
     at: ~Dependency (servers/rendering/storage/utilities.cpp:56)
WARNING: Leaked instance dependency: Bug - did not call instance_notify_deleted when freeing.
     at: ~Dependency (servers/rendering/storage/utilities.cpp:56)
WARNING: Leaked instance dependency: Bug - did not call instance_notify_deleted when freeing.
     at: ~Dependency (servers/rendering/storage/utilities.cpp:56)
WARNING: Leaked instance dependency: Bug - did not call instance_notify_deleted when freeing.
     at: ~Dependency (servers/rendering/storage/utilities.cpp:56)
WARNING: Leaked instance dependency: Bug - did not call instance_notify_deleted when freeing.
     at: ~Dependency (servers/rendering/storage/utilities.cpp:56)
WARNING: Leaked instance dependency: Bug - did not call instance_notify_deleted when freeing.
     at: ~Dependency (servers/rendering/storage/utilities.cpp:56)
WARNING: Leaked instance dependency: Bug - did not call instance_notify_deleted when freeing.
     at: ~Dependency (servers/rendering/storage/utilities.cpp:56)
WARNING: Leaked instance dependency: Bug - did not call instance_notify_deleted when freeing.
     at: ~Dependency (servers/rendering/storage/utilities.cpp:56)
WARNING: Leaked instance dependency: Bug - did not call instance_notify_deleted when freeing.
     at: ~Dependency (servers/rendering/storage/utilities.cpp:56)
WARNING: Leaked instance dependency: Bug - did not call instance_notify_deleted when freeing.
     at: ~Dependency (servers/rendering/storage/utilities.cpp:56)
WARNING: Leaked instance dependency: Bug - did not call instance_notify_deleted when freeing.
     at: ~Dependency (servers/rendering/storage/utilities.cpp:56)
WARNING: Leaked instance dependency: Bug - did not call instance_notify_deleted when freeing.
     at: ~Dependency (servers/rendering/storage/utilities.cpp:56)
WARNING: Leaked instance dependency: Bug - did not call instance_notify_deleted when freeing.
     at: ~Dependency (servers/rendering/storage/utilities.cpp:56)
WARNING: Leaked instance dependency: Bug - did not call instance_notify_deleted when freeing.
     at: ~Dependency (servers/rendering/storage/utilities.cpp:56)
WARNING: Leaked instance dependency: Bug - did not call instance_notify_deleted when freeing.
     at: ~Dependency (servers/rendering/storage/utilities.cpp:56)
WARNING: Leaked instance dependency: Bug - did not call instance_notify_deleted when freeing.
     at: ~Dependency (servers/rendering/storage/utilities.cpp:56)
WARNING: Leaked instance dependency: Bug - did not call instance_notify_deleted when freeing.
     at: ~Dependency (servers/rendering/storage/utilities.cpp:56)
WARNING: Leaked instance dependency: Bug - did not call instance_notify_deleted when freeing.
     at: ~Dependency (servers/rendering/storage/utilities.cpp:56)
WARNING: Leaked instance dependency: Bug - did not call instance_notify_deleted when freeing.
     at: ~Dependency (servers/rendering/storage/utilities.cpp:56)
WARNING: Leaked instance dependency: Bug - did not call instance_notify_deleted when freeing.
     at: ~Dependency (servers/rendering/storage/utilities.cpp:56)
WARNING: Leaked instance dependency: Bug - did not call instance_notify_deleted when freeing.
     at: ~Dependency (servers/rendering/storage/utilities.cpp:56)
WARNING: Leaked instance dependency: Bug - did not call instance_notify_deleted when freeing.
     at: ~Dependency (servers/rendering/storage/utilities.cpp:56)
WARNING: Leaked instance dependency: Bug - did not call instance_notify_deleted when freeing.
     at: ~Dependency (servers/rendering/storage/utilities.cpp:56)
WARNING: Leaked instance dependency: Bug - did not call instance_notify_deleted when freeing.
     at: ~Dependency (servers/rendering/storage/utilities.cpp:56)
WARNING: Leaked instance dependency: Bug - did not call instance_notify_deleted when freeing.
     at: ~Dependency (servers/rendering/storage/utilities.cpp:56)
WARNING: Leaked instance dependency: Bug - did not call instance_notify_deleted when freeing.
     at: ~Dependency (servers/rendering/storage/utilities.cpp:56)
WARNING: Leaked instance dependency: Bug - did not call instance_notify_deleted when freeing.
     at: ~Dependency (servers/rendering/storage/utilities.cpp:56)
WARNING: Leaked instance dependency: Bug - did not call instance_notify_deleted when freeing.
     at: ~Dependency (servers/rendering/storage/utilities.cpp:56)
WARNING: Leaked instance dependency: Bug - did not call instance_notify_deleted when freeing.
     at: ~Dependency (servers/rendering/storage/utilities.cpp:56)
WARNING: Leaked instance dependency: Bug - did not call instance_notify_deleted when freeing.
     at: ~Dependency (servers/rendering/storage/utilities.cpp:56)
WARNING: Leaked instance dependency: Bug - did not call instance_notify_deleted when freeing.
     at: ~Dependency (servers/rendering/storage/utilities.cpp:56)
WARNING: Leaked instance dependency: Bug - did not call instance_notify_deleted when freeing.
     at: ~Dependency (servers/rendering/storage/utilities.cpp:56)
WARNING: Leaked instance dependency: Bug - did not call instance_notify_deleted when freeing.
     at: ~Dependency (servers/rendering/storage/utilities.cpp:56)
WARNING: Leaked instance dependency: Bug - did not call instance_notify_deleted when freeing.
     at: ~Dependency (servers/rendering/storage/utilities.cpp:56)
WARNING: Leaked instance dependency: Bug - did not call instance_notify_deleted when freeing.
     at: ~Dependency (servers/rendering/storage/utilities.cpp:56)
WARNING: Leaked instance dependency: Bug - did not call instance_notify_deleted when freeing.
     at: ~Dependency (servers/rendering/storage/utilities.cpp:56)
WARNING: Leaked instance dependency: Bug - did not call instance_notify_deleted when freeing.
     at: ~Dependency (servers/rendering/storage/utilities.cpp:56)
WARNING: Leaked instance dependency: Bug - did not call instance_notify_deleted when freeing.
     at: ~Dependency (servers/rendering/storage/utilities.cpp:56)
WARNING: Leaked instance dependency: Bug - did not call instance_notify_deleted when freeing.
     at: ~Dependency (servers/rendering/storage/utilities.cpp:56)
WARNING: Leaked instance dependency: Bug - did not call instance_notify_deleted when freeing.
     at: ~Dependency (servers/rendering/storage/utilities.cpp:56)
WARNING: Leaked instance dependency: Bug - did not call instance_notify_deleted when freeing.
     at: ~Dependency (servers/rendering/storage/utilities.cpp:56)
WARNING: Leaked instance dependency: Bug - did not call instance_notify_deleted when freeing.
     at: ~Dependency (servers/rendering/storage/utilities.cpp:56)
WARNING: Leaked instance dependency: Bug - did not call instance_notify_deleted when freeing.
     at: ~Dependency (servers/rendering/storage/utilities.cpp:56)
WARNING: Leaked instance dependency: Bug - did not call instance_notify_deleted when freeing.
     at: ~Dependency (servers/rendering/storage/utilities.cpp:56)
WARNING: Leaked instance dependency: Bug - did not call instance_notify_deleted when freeing.
     at: ~Dependency (servers/rendering/storage/utilities.cpp:56)
WARNING: Leaked instance dependency: Bug - did not call instance_notify_deleted when freeing.
     at: ~Dependency (servers/rendering/storage/utilities.cpp:56)
WARNING: Leaked instance dependency: Bug - did not call instance_notify_deleted when freeing.
     at: ~Dependency (servers/rendering/storage/utilities.cpp:56)
WARNING: Leaked instance dependency: Bug - did not call instance_notify_deleted when freeing.
     at: ~Dependency (servers/rendering/storage/utilities.cpp:56)
WARNING: Leaked instance dependency: Bug - did not call instance_notify_deleted when freeing.
     at: ~Dependency (servers/rendering/storage/utilities.cpp:56)
WARNING: Leaked instance dependency: Bug - did not call instance_notify_deleted when freeing.
     at: ~Dependency (servers/rendering/storage/utilities.cpp:56)
WARNING: Leaked instance dependency: Bug - did not call instance_notify_deleted when freeing.
     at: ~Dependency (servers/rendering/storage/utilities.cpp:56)
WARNING: Leaked instance dependency: Bug - did not call instance_notify_deleted when freeing.
     at: ~Dependency (servers/rendering/storage/utilities.cpp:56)
WARNING: Leaked instance dependency: Bug - did not call instance_notify_deleted when freeing.
     at: ~Dependency (servers/rendering/storage/utilities.cpp:56)
WARNING: Leaked instance dependency: Bug - did not call instance_notify_deleted when freeing.
     at: ~Dependency (servers/rendering/storage/utilities.cpp:56)
WARNING: Leaked instance dependency: Bug - did not call instance_notify_deleted when freeing.
     at: ~Dependency (servers/rendering/storage/utilities.cpp:56)
WARNING: Leaked instance dependency: Bug - did not call instance_notify_deleted when freeing.
     at: ~Dependency (servers/rendering/storage/utilities.cpp:56)
WARNING: Leaked instance dependency: Bug - did not call instance_notify_deleted when freeing.
     at: ~Dependency (servers/rendering/storage/utilities.cpp:56)
WARNING: Leaked instance dependency: Bug - did not call instance_notify_deleted when freeing.
     at: ~Dependency (servers/rendering/storage/utilities.cpp:56)
WARNING: Leaked instance dependency: Bug - did not call instance_notify_deleted when freeing.
     at: ~Dependency (servers/rendering/storage/utilities.cpp:56)
WARNING: Leaked instance dependency: Bug - did not call instance_notify_deleted when freeing.
     at: ~Dependency (servers/rendering/storage/utilities.cpp:56)
WARNING: Leaked instance dependency: Bug - did not call instance_notify_deleted when freeing.
     at: ~Dependency (servers/rendering/storage/utilities.cpp:56)
WARNING: Leaked instance dependency: Bug - did not call instance_notify_deleted when freeing.
     at: ~Dependency (servers/rendering/storage/utilities.cpp:56)
WARNING: Leaked instance dependency: Bug - did not call instance_notify_deleted when freeing.
     at: ~Dependency (servers/rendering/storage/utilities.cpp:56)
WARNING: Leaked instance dependency: Bug - did not call instance_notify_deleted when freeing.
     at: ~Dependency (servers/rendering/storage/utilities.cpp:56)
WARNING: Leaked instance dependency: Bug - did not call instance_notify_deleted when freeing.
     at: ~Dependency (servers/rendering/storage/utilities.cpp:56)
WARNING: Leaked instance dependency: Bug - did not call instance_notify_deleted when freeing.
     at: ~Dependency (servers/rendering/storage/utilities.cpp:56)
WARNING: Leaked instance dependency: Bug - did not call instance_notify_deleted when freeing.
     at: ~Dependency (servers/rendering/storage/utilities.cpp:56)
WARNING: Leaked instance dependency: Bug - did not call instance_notify_deleted when freeing.
     at: ~Dependency (servers/rendering/storage/utilities.cpp:56)
WARNING: Leaked instance dependency: Bug - did not call instance_notify_deleted when freeing.
     at: ~Dependency (servers/rendering/storage/utilities.cpp:56)
WARNING: Leaked instance dependency: Bug - did not call instance_notify_deleted when freeing.
     at: ~Dependency (servers/rendering/storage/utilities.cpp:56)
WARNING: Leaked instance dependency: Bug - did not call instance_notify_deleted when freeing.
     at: ~Dependency (servers/rendering/storage/utilities.cpp:56)
WARNING: Leaked instance dependency: Bug - did not call instance_notify_deleted when freeing.
     at: ~Dependency (servers/rendering/storage/utilities.cpp:56)
WARNING: Leaked instance dependency: Bug - did not call instance_notify_deleted when freeing.
     at: ~Dependency (servers/rendering/storage/utilities.cpp:56)
WARNING: Leaked instance dependency: Bug - did not call instance_notify_deleted when freeing.
     at: ~Dependency (servers/rendering/storage/utilities.cpp:56)
WARNING: Leaked instance dependency: Bug - did not call instance_notify_deleted when freeing.
     at: ~Dependency (servers/rendering/storage/utilities.cpp:56)
WARNING: Leaked instance dependency: Bug - did not call instance_notify_deleted when freeing.
     at: ~Dependency (servers/rendering/storage/utilities.cpp:56)
WARNING: Leaked instance dependency: Bug - did not call instance_notify_deleted when freeing.
     at: ~Dependency (servers/rendering/storage/utilities.cpp:56)
WARNING: Leaked instance dependency: Bug - did not call instance_notify_deleted when freeing.
     at: ~Dependency (servers/rendering/storage/utilities.cpp:56)
WARNING: Leaked instance dependency: Bug - did not call instance_notify_deleted when freeing.
     at: ~Dependency (servers/rendering/storage/utilities.cpp:56)
WARNING: Leaked instance dependency: Bug - did not call instance_notify_deleted when freeing.
     at: ~Dependency (servers/rendering/storage/utilities.cpp:56)
WARNING: Leaked instance dependency: Bug - did not call instance_notify_deleted when freeing.
     at: ~Dependency (servers/rendering/storage/utilities.cpp:56)
WARNING: Leaked instance dependency: Bug - did not call instance_notify_deleted when freeing.
     at: ~Dependency (servers/rendering/storage/utilities.cpp:56)
WARNING: Leaked instance dependency: Bug - did not call instance_notify_deleted when freeing.
     at: ~Dependency (servers/rendering/storage/utilities.cpp:56)
WARNING: Leaked instance dependency: Bug - did not call instance_notify_deleted when freeing.
     at: ~Dependency (servers/rendering/storage/utilities.cpp:56)
WARNING: Leaked instance dependency: Bug - did not call instance_notify_deleted when freeing.
     at: ~Dependency (servers/rendering/storage/utilities.cpp:56)
WARNING: Leaked instance dependency: Bug - did not call instance_notify_deleted when freeing.
     at: ~Dependency (servers/rendering/storage/utilities.cpp:56)
WARNING: Leaked instance dependency: Bug - did not call instance_notify_deleted when freeing.
     at: ~Dependency (servers/rendering/storage/utilities.cpp:56)
WARNING: Leaked instance dependency: Bug - did not call instance_notify_deleted when freeing.
     at: ~Dependency (servers/rendering/storage/utilities.cpp:56)
WARNING: Leaked instance dependency: Bug - did not call instance_notify_deleted when freeing.
     at: ~Dependency (servers/rendering/storage/utilities.cpp:56)
WARNING: Leaked instance dependency: Bug - did not call instance_notify_deleted when freeing.
     at: ~Dependency (servers/rendering/storage/utilities.cpp:56)
WARNING: Leaked instance dependency: Bug - did not call instance_notify_deleted when freeing.
     at: ~Dependency (servers/rendering/storage/utilities.cpp:56)
WARNING: Leaked instance dependency: Bug - did not call instance_notify_deleted when freeing.
     at: ~Dependency (servers/rendering/storage/utilities.cpp:56)
WARNING: Leaked instance dependency: Bug - did not call instance_notify_deleted when freeing.
     at: ~Dependency (servers/rendering/storage/utilities.cpp:56)
WARNING: Leaked instance dependency: Bug - did not call instance_notify_deleted when freeing.
     at: ~Dependency (servers/rendering/storage/utilities.cpp:56)
WARNING: Leaked instance dependency: Bug - did not call instance_notify_deleted when freeing.
     at: ~Dependency (servers/rendering/storage/utilities.cpp:56)
WARNING: Leaked instance dependency: Bug - did not call instance_notify_deleted when freeing.
     at: ~Dependency (servers/rendering/storage/utilities.cpp:56)
WARNING: Leaked instance dependency: Bug - did not call instance_notify_deleted when freeing.
     at: ~Dependency (servers/rendering/storage/utilities.cpp:56)
WARNING: Leaked instance dependency: Bug - did not call instance_notify_deleted when freeing.
     at: ~Dependency (servers/rendering/storage/utilities.cpp:56)
WARNING: Leaked instance dependency: Bug - did not call instance_notify_deleted when freeing.
     at: ~Dependency (servers/rendering/storage/utilities.cpp:56)
WARNING: Leaked instance dependency: Bug - did not call instance_notify_deleted when freeing.
     at: ~Dependency (servers/rendering/storage/utilities.cpp:56)
WARNING: Leaked instance dependency: Bug - did not call instance_notify_deleted when freeing.
     at: ~Dependency (servers/rendering/storage/utilities.cpp:56)
WARNING: Leaked instance dependency: Bug - did not call instance_notify_deleted when freeing.
     at: ~Dependency (servers/rendering/storage/utilities.cpp:56)
WARNING: Leaked instance dependency: Bug - did not call instance_notify_deleted when freeing.
     at: ~Dependency (servers/rendering/storage/utilities.cpp:56)
WARNING: Leaked instance dependency: Bug - did not call instance_notify_deleted when freeing.
     at: ~Dependency (servers/rendering/storage/utilities.cpp:56)
WARNING: Leaked instance dependency: Bug - did not call instance_notify_deleted when freeing.
     at: ~Dependency (servers/rendering/storage/utilities.cpp:56)
WARNING: Leaked instance dependency: Bug - did not call instance_notify_deleted when freeing.
     at: ~Dependency (servers/rendering/storage/utilities.cpp:56)
WARNING: Leaked instance dependency: Bug - did not call instance_notify_deleted when freeing.
     at: ~Dependency (servers/rendering/storage/utilities.cpp:56)
WARNING: Leaked instance dependency: Bug - did not call instance_notify_deleted when freeing.
     at: ~Dependency (servers/rendering/storage/utilities.cpp:56)
WARNING: Leaked instance dependency: Bug - did not call instance_notify_deleted when freeing.
     at: ~Dependency (servers/rendering/storage/utilities.cpp:56)
WARNING: Leaked instance dependency: Bug - did not call instance_notify_deleted when freeing.
     at: ~Dependency (servers/rendering/storage/utilities.cpp:56)
WARNING: Leaked instance dependency: Bug - did not call instance_notify_deleted when freeing.
     at: ~Dependency (servers/rendering/storage/utilities.cpp:56)
WARNING: Leaked instance dependency: Bug - did not call instance_notify_deleted when freeing.
     at: ~Dependency (servers/rendering/storage/utilities.cpp:56)
WARNING: Leaked instance dependency: Bug - did not call instance_notify_deleted when freeing.
     at: ~Dependency (servers/rendering/storage/utilities.cpp:56)
WARNING: Leaked instance dependency: Bug - did not call instance_notify_deleted when freeing.
     at: ~Dependency (servers/rendering/storage/utilities.cpp:56)
WARNING: Leaked instance dependency: Bug - did not call instance_notify_deleted when freeing.
     at: ~Dependency (servers/rendering/storage/utilities.cpp:56)
WARNING: Leaked instance dependency: Bug - did not call instance_notify_deleted when freeing.
     at: ~Dependency (servers/rendering/storage/utilities.cpp:56)
WARNING: Leaked instance dependency: Bug - did not call instance_notify_deleted when freeing.
     at: ~Dependency (servers/rendering/storage/utilities.cpp:56)
WARNING: Leaked instance dependency: Bug - did not call instance_notify_deleted when freeing.
     at: ~Dependency (servers/rendering/storage/utilities.cpp:56)
WARNING: Leaked instance dependency: Bug - did not call instance_notify_deleted when freeing.
     at: ~Dependency (servers/rendering/storage/utilities.cpp:56)
WARNING: Leaked instance dependency: Bug - did not call instance_notify_deleted when freeing.
     at: ~Dependency (servers/rendering/storage/utilities.cpp:56)
WARNING: Leaked instance dependency: Bug - did not call instance_notify_deleted when freeing.
     at: ~Dependency (servers/rendering/storage/utilities.cpp:56)
WARNING: Leaked instance dependency: Bug - did not call instance_notify_deleted when freeing.
     at: ~Dependency (servers/rendering/storage/utilities.cpp:56)
WARNING: Leaked instance dependency: Bug - did not call instance_notify_deleted when freeing.
     at: ~Dependency (servers/rendering/storage/utilities.cpp:56)
WARNING: Leaked instance dependency: Bug - did not call instance_notify_deleted when freeing.
     at: ~Dependency (servers/rendering/storage/utilities.cpp:56)
WARNING: Leaked instance dependency: Bug - did not call instance_notify_deleted when freeing.
     at: ~Dependency (servers/rendering/storage/utilities.cpp:56)
WARNING: Leaked instance dependency: Bug - did not call instance_notify_deleted when freeing.
     at: ~Dependency (servers/rendering/storage/utilities.cpp:56)
WARNING: Leaked instance dependency: Bug - did not call instance_notify_deleted when freeing.
     at: ~Dependency (servers/rendering/storage/utilities.cpp:56)
WARNING: Leaked instance dependency: Bug - did not call instance_notify_deleted when freeing.
     at: ~Dependency (servers/rendering/storage/utilities.cpp:56)
WARNING: Leaked instance dependency: Bug - did not call instance_notify_deleted when freeing.
     at: ~Dependency (servers/rendering/storage/utilities.cpp:56)
WARNING: Leaked instance dependency: Bug - did not call instance_notify_deleted when freeing.
     at: ~Dependency (servers/rendering/storage/utilities.cpp:56)
WARNING: Leaked instance dependency: Bug - did not call instance_notify_deleted when freeing.
     at: ~Dependency (servers/rendering/storage/utilities.cpp:56)
WARNING: Leaked instance dependency: Bug - did not call instance_notify_deleted when freeing.
     at: ~Dependency (servers/rendering/storage/utilities.cpp:56)
WARNING: Leaked instance dependency: Bug - did not call instance_notify_deleted when freeing.
     at: ~Dependency (servers/rendering/storage/utilities.cpp:56)
WARNING: Leaked instance dependency: Bug - did not call instance_notify_deleted when freeing.
     at: ~Dependency (servers/rendering/storage/utilities.cpp:56)
WARNING: Leaked instance dependency: Bug - did not call instance_notify_deleted when freeing.
     at: ~Dependency (servers/rendering/storage/utilities.cpp:56)
WARNING: Leaked instance dependency: Bug - did not call instance_notify_deleted when freeing.
     at: ~Dependency (servers/rendering/storage/utilities.cpp:56)
WARNING: Leaked instance dependency: Bug - did not call instance_notify_deleted when freeing.
     at: ~Dependency (servers/rendering/storage/utilities.cpp:56)
WARNING: Leaked instance dependency: Bug - did not call instance_notify_deleted when freeing.
     at: ~Dependency (servers/rendering/storage/utilities.cpp:56)
WARNING: Leaked instance dependency: Bug - did not call instance_notify_deleted when freeing.
     at: ~Dependency (servers/rendering/storage/utilities.cpp:56)
WARNING: Leaked instance dependency: Bug - did not call instance_notify_deleted when freeing.
     at: ~Dependency (servers/rendering/storage/utilities.cpp:56)
WARNING: Leaked instance dependency: Bug - did not call instance_notify_deleted when freeing.
     at: ~Dependency (servers/rendering/storage/utilities.cpp:56)
WARNING: Leaked instance dependency: Bug - did not call instance_notify_deleted when freeing.
     at: ~Dependency (servers/rendering/storage/utilities.cpp:56)
WARNING: Leaked instance dependency: Bug - did not call instance_notify_deleted when freeing.
     at: ~Dependency (servers/rendering/storage/utilities.cpp:56)
WARNING: Leaked instance dependency: Bug - did not call instance_notify_deleted when freeing.
     at: ~Dependency (servers/rendering/storage/utilities.cpp:56)
WARNING: Leaked instance dependency: Bug - did not call instance_notify_deleted when freeing.
     at: ~Dependency (servers/rendering/storage/utilities.cpp:56)
WARNING: Leaked instance dependency: Bug - did not call instance_notify_deleted when freeing.
     at: ~Dependency (servers/rendering/storage/utilities.cpp:56)
WARNING: Leaked instance dependency: Bug - did not call instance_notify_deleted when freeing.
     at: ~Dependency (servers/rendering/storage/utilities.cpp:56)
WARNING: Leaked instance dependency: Bug - did not call instance_notify_deleted when freeing.
     at: ~Dependency (servers/rendering/storage/utilities.cpp:56)
WARNING: Leaked instance dependency: Bug - did not call instance_notify_deleted when freeing.
     at: ~Dependency (servers/rendering/storage/utilities.cpp:56)
WARNING: Leaked instance dependency: Bug - did not call instance_notify_deleted when freeing.
     at: ~Dependency (servers/rendering/storage/utilities.cpp:56)
WARNING: Leaked instance dependency: Bug - did not call instance_notify_deleted when freeing.
     at: ~Dependency (servers/rendering/storage/utilities.cpp:56)
WARNING: Leaked instance dependency: Bug - did not call instance_notify_deleted when freeing.
     at: ~Dependency (servers/rendering/storage/utilities.cpp:56)
WARNING: Leaked instance dependency: Bug - did not call instance_notify_deleted when freeing.
     at: ~Dependency (servers/rendering/storage/utilities.cpp:56)
WARNING: Leaked instance dependency: Bug - did not call instance_notify_deleted when freeing.
     at: ~Dependency (servers/rendering/storage/utilities.cpp:56)
WARNING: Leaked instance dependency: Bug - did not call instance_notify_deleted when freeing.
     at: ~Dependency (servers/rendering/storage/utilities.cpp:56)
WARNING: Leaked instance dependency: Bug - did not call instance_notify_deleted when freeing.
     at: ~Dependency (servers/rendering/storage/utilities.cpp:56)
WARNING: Leaked instance dependency: Bug - did not call instance_notify_deleted when freeing.
     at: ~Dependency (servers/rendering/storage/utilities.cpp:56)
WARNING: Leaked instance dependency: Bug - did not call instance_notify_deleted when freeing.
     at: ~Dependency (servers/rendering/storage/utilities.cpp:56)
WARNING: Leaked instance dependency: Bug - did not call instance_notify_deleted when freeing.
     at: ~Dependency (servers/rendering/storage/utilities.cpp:56)
WARNING: Leaked instance dependency: Bug - did not call instance_notify_deleted when freeing.
     at: ~Dependency (servers/rendering/storage/utilities.cpp:56)
WARNING: Leaked instance dependency: Bug - did not call instance_notify_deleted when freeing.
     at: ~Dependency (servers/rendering/storage/utilities.cpp:56)
WARNING: Leaked instance dependency: Bug - did not call instance_notify_deleted when freeing.
     at: ~Dependency (servers/rendering/storage/utilities.cpp:56)
WARNING: Leaked instance dependency: Bug - did not call instance_notify_deleted when freeing.
     at: ~Dependency (servers/rendering/storage/utilities.cpp:56)
WARNING: Leaked instance dependency: Bug - did not call instance_notify_deleted when freeing.
     at: ~Dependency (servers/rendering/storage/utilities.cpp:56)
WARNING: Leaked instance dependency: Bug - did not call instance_notify_deleted when freeing.
     at: ~Dependency (servers/rendering/storage/utilities.cpp:56)
WARNING: Leaked instance dependency: Bug - did not call instance_notify_deleted when freeing.
     at: ~Dependency (servers/rendering/storage/utilities.cpp:56)
WARNING: Leaked instance dependency: Bug - did not call instance_notify_deleted when freeing.
     at: ~Dependency (servers/rendering/storage/utilities.cpp:56)
WARNING: Leaked instance dependency: Bug - did not call instance_notify_deleted when freeing.
     at: ~Dependency (servers/rendering/storage/utilities.cpp:56)
WARNING: Leaked instance dependency: Bug - did not call instance_notify_deleted when freeing.
     at: ~Dependency (servers/rendering/storage/utilities.cpp:56)
WARNING: Leaked instance dependency: Bug - did not call instance_notify_deleted when freeing.
     at: ~Dependency (servers/rendering/storage/utilities.cpp:56)
WARNING: Leaked instance dependency: Bug - did not call instance_notify_deleted when freeing.
     at: ~Dependency (servers/rendering/storage/utilities.cpp:56)
WARNING: Leaked instance dependency: Bug - did not call instance_notify_deleted when freeing.
     at: ~Dependency (servers/rendering/storage/utilities.cpp:56)
WARNING: Leaked instance dependency: Bug - did not call instance_notify_deleted when freeing.
     at: ~Dependency (servers/rendering/storage/utilities.cpp:56)
WARNING: Leaked instance dependency: Bug - did not call instance_notify_deleted when freeing.
     at: ~Dependency (servers/rendering/storage/utilities.cpp:56)
WARNING: Leaked instance dependency: Bug - did not call instance_notify_deleted when freeing.
     at: ~Dependency (servers/rendering/storage/utilities.cpp:56)
WARNING: Leaked instance dependency: Bug - did not call instance_notify_deleted when freeing.
     at: ~Dependency (servers/rendering/storage/utilities.cpp:56)
WARNING: Leaked instance dependency: Bug - did not call instance_notify_deleted when freeing.
     at: ~Dependency (servers/rendering/storage/utilities.cpp:56)
WARNING: Leaked instance dependency: Bug - did not call instance_notify_deleted when freeing.
     at: ~Dependency (servers/rendering/storage/utilities.cpp:56)
WARNING: Leaked instance dependency: Bug - did not call instance_notify_deleted when freeing.
     at: ~Dependency (servers/rendering/storage/utilities.cpp:56)
WARNING: Leaked instance dependency: Bug - did not call instance_notify_deleted when freeing.
     at: ~Dependency (servers/rendering/storage/utilities.cpp:56)
WARNING: Leaked instance dependency: Bug - did not call instance_notify_deleted when freeing.
     at: ~Dependency (servers/rendering/storage/utilities.cpp:56)
WARNING: Leaked instance dependency: Bug - did not call instance_notify_deleted when freeing.
     at: ~Dependency (servers/rendering/storage/utilities.cpp:56)
WARNING: Leaked instance dependency: Bug - did not call instance_notify_deleted when freeing.
     at: ~Dependency (servers/rendering/storage/utilities.cpp:56)
WARNING: Leaked instance dependency: Bug - did not call instance_notify_deleted when freeing.
     at: ~Dependency (servers/rendering/storage/utilities.cpp:56)
WARNING: Leaked instance dependency: Bug - did not call instance_notify_deleted when freeing.
     at: ~Dependency (servers/rendering/storage/utilities.cpp:56)
WARNING: Leaked instance dependency: Bug - did not call instance_notify_deleted when freeing.
     at: ~Dependency (servers/rendering/storage/utilities.cpp:56)
WARNING: Leaked instance dependency: Bug - did not call instance_notify_deleted when freeing.
     at: ~Dependency (servers/rendering/storage/utilities.cpp:56)
WARNING: Leaked instance dependency: Bug - did not call instance_notify_deleted when freeing.
     at: ~Dependency (servers/rendering/storage/utilities.cpp:56)
WARNING: Leaked instance dependency: Bug - did not call instance_notify_deleted when freeing.
     at: ~Dependency (servers/rendering/storage/utilities.cpp:56)
WARNING: Leaked instance dependency: Bug - did not call instance_notify_deleted when freeing.
     at: ~Dependency (servers/rendering/storage/utilities.cpp:56)
WARNING: Leaked instance dependency: Bug - did not call instance_notify_deleted when freeing.
     at: ~Dependency (servers/rendering/storage/utilities.cpp:56)
WARNING: Leaked instance dependency: Bug - did not call instance_notify_deleted when freeing.
     at: ~Dependency (servers/rendering/storage/utilities.cpp:56)
WARNING: Leaked instance dependency: Bug - did not call instance_notify_deleted when freeing.
     at: ~Dependency (servers/rendering/storage/utilities.cpp:56)
WARNING: Leaked instance dependency: Bug - did not call instance_notify_deleted when freeing.
     at: ~Dependency (servers/rendering/storage/utilities.cpp:56)
WARNING: Leaked instance dependency: Bug - did not call instance_notify_deleted when freeing.
     at: ~Dependency (servers/rendering/storage/utilities.cpp:56)
WARNING: Leaked instance dependency: Bug - did not call instance_notify_deleted when freeing.
     at: ~Dependency (servers/rendering/storage/utilities.cpp:56)
WARNING: Leaked instance dependency: Bug - did not call instance_notify_deleted when freeing.
     at: ~Dependency (servers/rendering/storage/utilities.cpp:56)
WARNING: Leaked instance dependency: Bug - did not call instance_notify_deleted when freeing.
     at: ~Dependency (servers/rendering/storage/utilities.cpp:56)
WARNING: Leaked instance dependency: Bug - did not call instance_notify_deleted when freeing.
     at: ~Dependency (servers/rendering/storage/utilities.cpp:56)
WARNING: Leaked instance dependency: Bug - did not call instance_notify_deleted when freeing.
     at: ~Dependency (servers/rendering/storage/utilities.cpp:56)
WARNING: Leaked instance dependency: Bug - did not call instance_notify_deleted when freeing.
     at: ~Dependency (servers/rendering/storage/utilities.cpp:56)
WARNING: Leaked instance dependency: Bug - did not call instance_notify_deleted when freeing.
     at: ~Dependency (servers/rendering/storage/utilities.cpp:56)
WARNING: Leaked instance dependency: Bug - did not call instance_notify_deleted when freeing.
     at: ~Dependency (servers/rendering/storage/utilities.cpp:56)
WARNING: Leaked instance dependency: Bug - did not call instance_notify_deleted when freeing.
     at: ~Dependency (servers/rendering/storage/utilities.cpp:56)
WARNING: Leaked instance dependency: Bug - did not call instance_notify_deleted when freeing.
     at: ~Dependency (servers/rendering/storage/utilities.cpp:56)
WARNING: Leaked instance dependency: Bug - did not call instance_notify_deleted when freeing.
     at: ~Dependency (servers/rendering/storage/utilities.cpp:56)
WARNING: Leaked instance dependency: Bug - did not call instance_notify_deleted when freeing.
     at: ~Dependency (servers/rendering/storage/utilities.cpp:56)
WARNING: Leaked instance dependency: Bug - did not call instance_notify_deleted when freeing.
     at: ~Dependency (servers/rendering/storage/utilities.cpp:56)
WARNING: Leaked instance dependency: Bug - did not call instance_notify_deleted when freeing.
     at: ~Dependency (servers/rendering/storage/utilities.cpp:56)
WARNING: Leaked instance dependency: Bug - did not call instance_notify_deleted when freeing.
     at: ~Dependency (servers/rendering/storage/utilities.cpp:56)
WARNING: Leaked instance dependency: Bug - did not call instance_notify_deleted when freeing.
     at: ~Dependency (servers/rendering/storage/utilities.cpp:56)
WARNING: Leaked instance dependency: Bug - did not call instance_notify_deleted when freeing.
     at: ~Dependency (servers/rendering/storage/utilities.cpp:56)
WARNING: Leaked instance dependency: Bug - did not call instance_notify_deleted when freeing.
     at: ~Dependency (servers/rendering/storage/utilities.cpp:56)
WARNING: Leaked instance dependency: Bug - did not call instance_notify_deleted when freeing.
     at: ~Dependency (servers/rendering/storage/utilities.cpp:56)
WARNING: Leaked instance dependency: Bug - did not call instance_notify_deleted when freeing.
     at: ~Dependency (servers/rendering/storage/utilities.cpp:56)
WARNING: Leaked instance dependency: Bug - did not call instance_notify_deleted when freeing.
     at: ~Dependency (servers/rendering/storage/utilities.cpp:56)
WARNING: Leaked instance dependency: Bug - did not call instance_notify_deleted when freeing.
     at: ~Dependency (servers/rendering/storage/utilities.cpp:56)
WARNING: Leaked instance dependency: Bug - did not call instance_notify_deleted when freeing.
     at: ~Dependency (servers/rendering/storage/utilities.cpp:56)
WARNING: Leaked instance dependency: Bug - did not call instance_notify_deleted when freeing.
     at: ~Dependency (servers/rendering/storage/utilities.cpp:56)
WARNING: Leaked instance dependency: Bug - did not call instance_notify_deleted when freeing.
     at: ~Dependency (servers/rendering/storage/utilities.cpp:56)
WARNING: Leaked instance dependency: Bug - did not call instance_notify_deleted when freeing.
     at: ~Dependency (servers/rendering/storage/utilities.cpp:56)
WARNING: Leaked instance dependency: Bug - did not call instance_notify_deleted when freeing.
     at: ~Dependency (servers/rendering/storage/utilities.cpp:56)
WARNING: Leaked instance dependency: Bug - did not call instance_notify_deleted when freeing.
     at: ~Dependency (servers/rendering/storage/utilities.cpp:56)
WARNING: Leaked instance dependency: Bug - did not call instance_notify_deleted when freeing.
     at: ~Dependency (servers/rendering/storage/utilities.cpp:56)
WARNING: Leaked instance dependency: Bug - did not call instance_notify_deleted when freeing.
     at: ~Dependency (servers/rendering/storage/utilities.cpp:56)
WARNING: Leaked instance dependency: Bug - did not call instance_notify_deleted when freeing.
     at: ~Dependency (servers/rendering/storage/utilities.cpp:56)
WARNING: Leaked instance dependency: Bug - did not call instance_notify_deleted when freeing.
     at: ~Dependency (servers/rendering/storage/utilities.cpp:56)
WARNING: Leaked instance dependency: Bug - did not call instance_notify_deleted when freeing.
     at: ~Dependency (servers/rendering/storage/utilities.cpp:56)
WARNING: Leaked instance dependency: Bug - did not call instance_notify_deleted when freeing.
     at: ~Dependency (servers/rendering/storage/utilities.cpp:56)
WARNING: Leaked instance dependency: Bug - did not call instance_notify_deleted when freeing.
     at: ~Dependency (servers/rendering/storage/utilities.cpp:56)
WARNING: Leaked instance dependency: Bug - did not call instance_notify_deleted when freeing.
     at: ~Dependency (servers/rendering/storage/utilities.cpp:56)
WARNING: Leaked instance dependency: Bug - did not call instance_notify_deleted when freeing.
     at: ~Dependency (servers/rendering/storage/utilities.cpp:56)
WARNING: Leaked instance dependency: Bug - did not call instance_notify_deleted when freeing.
     at: ~Dependency (servers/rendering/storage/utilities.cpp:56)
WARNING: Leaked instance dependency: Bug - did not call instance_notify_deleted when freeing.
     at: ~Dependency (servers/rendering/storage/utilities.cpp:56)
WARNING: Leaked instance dependency: Bug - did not call instance_notify_deleted when freeing.
     at: ~Dependency (servers/rendering/storage/utilities.cpp:56)
WARNING: Leaked instance dependency: Bug - did not call instance_notify_deleted when freeing.
     at: ~Dependency (servers/rendering/storage/utilities.cpp:56)
WARNING: Leaked instance dependency: Bug - did not call instance_notify_deleted when freeing.
     at: ~Dependency (servers/rendering/storage/utilities.cpp:56)
WARNING: Leaked instance dependency: Bug - did not call instance_notify_deleted when freeing.
     at: ~Dependency (servers/rendering/storage/utilities.cpp:56)
WARNING: Leaked instance dependency: Bug - did not call instance_notify_deleted when freeing.
     at: ~Dependency (servers/rendering/storage/utilities.cpp:56)
WARNING: Leaked instance dependency: Bug - did not call instance_notify_deleted when freeing.
     at: ~Dependency (servers/rendering/storage/utilities.cpp:56)
WARNING: Leaked instance dependency: Bug - did not call instance_notify_deleted when freeing.
     at: ~Dependency (servers/rendering/storage/utilities.cpp:56)
WARNING: Leaked instance dependency: Bug - did not call instance_notify_deleted when freeing.
     at: ~Dependency (servers/rendering/storage/utilities.cpp:56)
WARNING: Leaked instance dependency: Bug - did not call instance_notify_deleted when freeing.
     at: ~Dependency (servers/rendering/storage/utilities.cpp:56)
WARNING: Leaked instance dependency: Bug - did not call instance_notify_deleted when freeing.
     at: ~Dependency (servers/rendering/storage/utilities.cpp:56)
WARNING: Leaked instance dependency: Bug - did not call instance_notify_deleted when freeing.
     at: ~Dependency (servers/rendering/storage/utilities.cpp:56)
WARNING: Leaked instance dependency: Bug - did not call instance_notify_deleted when freeing.
     at: ~Dependency (servers/rendering/storage/utilities.cpp:56)
WARNING: Leaked instance dependency: Bug - did not call instance_notify_deleted when freeing.
     at: ~Dependency (servers/rendering/storage/utilities.cpp:56)
WARNING: Leaked instance dependency: Bug - did not call instance_notify_deleted when freeing.
     at: ~Dependency (servers/rendering/storage/utilities.cpp:56)
WARNING: Leaked instance dependency: Bug - did not call instance_notify_deleted when freeing.
     at: ~Dependency (servers/rendering/storage/utilities.cpp:56)
WARNING: Leaked instance dependency: Bug - did not call instance_notify_deleted when freeing.
     at: ~Dependency (servers/rendering/storage/utilities.cpp:56)
WARNING: Leaked instance dependency: Bug - did not call instance_notify_deleted when freeing.
     at: ~Dependency (servers/rendering/storage/utilities.cpp:56)
WARNING: Leaked instance dependency: Bug - did not call instance_notify_deleted when freeing.
     at: ~Dependency (servers/rendering/storage/utilities.cpp:56)
WARNING: Leaked instance dependency: Bug - did not call instance_notify_deleted when freeing.
     at: ~Dependency (servers/rendering/storage/utilities.cpp:56)
WARNING: Leaked instance dependency: Bug - did not call instance_notify_deleted when freeing.
     at: ~Dependency (servers/rendering/storage/utilities.cpp:56)
WARNING: Leaked instance dependency: Bug - did not call instance_notify_deleted when freeing.
     at: ~Dependency (servers/rendering/storage/utilities.cpp:56)
WARNING: Leaked instance dependency: Bug - did not call instance_notify_deleted when freeing.
     at: ~Dependency (servers/rendering/storage/utilities.cpp:56)
WARNING: Leaked instance dependency: Bug - did not call instance_notify_deleted when freeing.
     at: ~Dependency (servers/rendering/storage/utilities.cpp:56)
WARNING: Leaked instance dependency: Bug - did not call instance_notify_deleted when freeing.
     at: ~Dependency (servers/rendering/storage/utilities.cpp:56)
WARNING: Leaked instance dependency: Bug - did not call instance_notify_deleted when freeing.
     at: ~Dependency (servers/rendering/storage/utilities.cpp:56)
WARNING: Leaked instance dependency: Bug - did not call instance_notify_deleted when freeing.
     at: ~Dependency (servers/rendering/storage/utilities.cpp:56)
WARNING: Leaked instance dependency: Bug - did not call instance_notify_deleted when freeing.
     at: ~Dependency (servers/rendering/storage/utilities.cpp:56)
WARNING: Leaked instance dependency: Bug - did not call instance_notify_deleted when freeing.
     at: ~Dependency (servers/rendering/storage/utilities.cpp:56)
WARNING: Leaked instance dependency: Bug - did not call instance_notify_deleted when freeing.
     at: ~Dependency (servers/rendering/storage/utilities.cpp:56)
WARNING: Leaked instance dependency: Bug - did not call instance_notify_deleted when freeing.
     at: ~Dependency (servers/rendering/storage/utilities.cpp:56)
WARNING: Leaked instance dependency: Bug - did not call instance_notify_deleted when freeing.
     at: ~Dependency (servers/rendering/storage/utilities.cpp:56)
WARNING: Leaked instance dependency: Bug - did not call instance_notify_deleted when freeing.
     at: ~Dependency (servers/rendering/storage/utilities.cpp:56)
WARNING: Leaked instance dependency: Bug - did not call instance_notify_deleted when freeing.
     at: ~Dependency (servers/rendering/storage/utilities.cpp:56)
WARNING: Leaked instance dependency: Bug - did not call instance_notify_deleted when freeing.
     at: ~Dependency (servers/rendering/storage/utilities.cpp:56)
WARNING: Leaked instance dependency: Bug - did not call instance_notify_deleted when freeing.
     at: ~Dependency (servers/rendering/storage/utilities.cpp:56)
WARNING: Leaked instance dependency: Bug - did not call instance_notify_deleted when freeing.
     at: ~Dependency (servers/rendering/storage/utilities.cpp:56)
WARNING: Leaked instance dependency: Bug - did not call instance_notify_deleted when freeing.
     at: ~Dependency (servers/rendering/storage/utilities.cpp:56)
WARNING: Leaked instance dependency: Bug - did not call instance_notify_deleted when freeing.
     at: ~Dependency (servers/rendering/storage/utilities.cpp:56)
WARNING: Leaked instance dependency: Bug - did not call instance_notify_deleted when freeing.
     at: ~Dependency (servers/rendering/storage/utilities.cpp:56)
WARNING: Leaked instance dependency: Bug - did not call instance_notify_deleted when freeing.
     at: ~Dependency (servers/rendering/storage/utilities.cpp:56)
WARNING: Leaked instance dependency: Bug - did not call instance_notify_deleted when freeing.
     at: ~Dependency (servers/rendering/storage/utilities.cpp:56)
WARNING: Leaked instance dependency: Bug - did not call instance_notify_deleted when freeing.
     at: ~Dependency (servers/rendering/storage/utilities.cpp:56)
WARNING: Leaked instance dependency: Bug - did not call instance_notify_deleted when freeing.
     at: ~Dependency (servers/rendering/storage/utilities.cpp:56)
WARNING: Leaked instance dependency: Bug - did not call instance_notify_deleted when freeing.
     at: ~Dependency (servers/rendering/storage/utilities.cpp:56)
WARNING: Leaked instance dependency: Bug - did not call instance_notify_deleted when freeing.
     at: ~Dependency (servers/rendering/storage/utilities.cpp:56)
WARNING: Leaked instance dependency: Bug - did not call instance_notify_deleted when freeing.
     at: ~Dependency (servers/rendering/storage/utilities.cpp:56)
WARNING: Leaked instance dependency: Bug - did not call instance_notify_deleted when freeing.
     at: ~Dependency (servers/rendering/storage/utilities.cpp:56)
WARNING: Leaked instance dependency: Bug - did not call instance_notify_deleted when freeing.
     at: ~Dependency (servers/rendering/storage/utilities.cpp:56)
WARNING: Leaked instance dependency: Bug - did not call instance_notify_deleted when freeing.
     at: ~Dependency (servers/rendering/storage/utilities.cpp:56)
WARNING: Leaked instance dependency: Bug - did not call instance_notify_deleted when freeing.
     at: ~Dependency (servers/rendering/storage/utilities.cpp:56)
WARNING: Leaked instance dependency: Bug - did not call instance_notify_deleted when freeing.
     at: ~Dependency (servers/rendering/storage/utilities.cpp:56)
WARNING: Leaked instance dependency: Bug - did not call instance_notify_deleted when freeing.
     at: ~Dependency (servers/rendering/storage/utilities.cpp:56)
WARNING: Leaked instance dependency: Bug - did not call instance_notify_deleted when freeing.
     at: ~Dependency (servers/rendering/storage/utilities.cpp:56)
WARNING: Leaked instance dependency: Bug - did not call instance_notify_deleted when freeing.
     at: ~Dependency (servers/rendering/storage/utilities.cpp:56)
WARNING: Leaked instance dependency: Bug - did not call instance_notify_deleted when freeing.
     at: ~Dependency (servers/rendering/storage/utilities.cpp:56)
WARNING: Leaked instance dependency: Bug - did not call instance_notify_deleted when freeing.
     at: ~Dependency (servers/rendering/storage/utilities.cpp:56)
WARNING: Leaked instance dependency: Bug - did not call instance_notify_deleted when freeing.
     at: ~Dependency (servers/rendering/storage/utilities.cpp:56)
WARNING: Leaked instance dependency: Bug - did not call instance_notify_deleted when freeing.
     at: ~Dependency (servers/rendering/storage/utilities.cpp:56)
WARNING: Leaked instance dependency: Bug - did not call instance_notify_deleted when freeing.
     at: ~Dependency (servers/rendering/storage/utilities.cpp:56)
WARNING: Leaked instance dependency: Bug - did not call instance_notify_deleted when freeing.
     at: ~Dependency (servers/rendering/storage/utilities.cpp:56)
WARNING: Leaked instance dependency: Bug - did not call instance_notify_deleted when freeing.
     at: ~Dependency (servers/rendering/storage/utilities.cpp:56)
WARNING: Leaked instance dependency: Bug - did not call instance_notify_deleted when freeing.
     at: ~Dependency (servers/rendering/storage/utilities.cpp:56)
WARNING: Leaked instance dependency: Bug - did not call instance_notify_deleted when freeing.
     at: ~Dependency (servers/rendering/storage/utilities.cpp:56)
WARNING: Leaked instance dependency: Bug - did not call instance_notify_deleted when freeing.
     at: ~Dependency (servers/rendering/storage/utilities.cpp:56)
WARNING: Leaked instance dependency: Bug - did not call instance_notify_deleted when freeing.
     at: ~Dependency (servers/rendering/storage/utilities.cpp:56)
WARNING: Leaked instance dependency: Bug - did not call instance_notify_deleted when freeing.
     at: ~Dependency (servers/rendering/storage/utilities.cpp:56)
WARNING: Leaked instance dependency: Bug - did not call instance_notify_deleted when freeing.
     at: ~Dependency (servers/rendering/storage/utilities.cpp:56)
WARNING: Leaked instance dependency: Bug - did not call instance_notify_deleted when freeing.
     at: ~Dependency (servers/rendering/storage/utilities.cpp:56)
WARNING: Leaked instance dependency: Bug - did not call instance_notify_deleted when freeing.
     at: ~Dependency (servers/rendering/storage/utilities.cpp:56)
WARNING: Leaked instance dependency: Bug - did not call instance_notify_deleted when freeing.
     at: ~Dependency (servers/rendering/storage/utilities.cpp:56)
WARNING: Leaked instance dependency: Bug - did not call instance_notify_deleted when freeing.
     at: ~Dependency (servers/rendering/storage/utilities.cpp:56)
WARNING: Leaked instance dependency: Bug - did not call instance_notify_deleted when freeing.
     at: ~Dependency (servers/rendering/storage/utilities.cpp:56)
WARNING: Leaked instance dependency: Bug - did not call instance_notify_deleted when freeing.
     at: ~Dependency (servers/rendering/storage/utilities.cpp:56)
WARNING: Leaked instance dependency: Bug - did not call instance_notify_deleted when freeing.
     at: ~Dependency (servers/rendering/storage/utilities.cpp:56)
WARNING: Leaked instance dependency: Bug - did not call instance_notify_deleted when freeing.
     at: ~Dependency (servers/rendering/storage/utilities.cpp:56)
WARNING: Leaked instance dependency: Bug - did not call instance_notify_deleted when freeing.
     at: ~Dependency (servers/rendering/storage/utilities.cpp:56)
WARNING: Leaked instance dependency: Bug - did not call instance_notify_deleted when freeing.
     at: ~Dependency (servers/rendering/storage/utilities.cpp:56)
WARNING: Leaked instance dependency: Bug - did not call instance_notify_deleted when freeing.
     at: ~Dependency (servers/rendering/storage/utilities.cpp:56)
WARNING: Leaked instance dependency: Bug - did not call instance_notify_deleted when freeing.
     at: ~Dependency (servers/rendering/storage/utilities.cpp:56)
WARNING: Leaked instance dependency: Bug - did not call instance_notify_deleted when freeing.
     at: ~Dependency (servers/rendering/storage/utilities.cpp:56)
WARNING: Leaked instance dependency: Bug - did not call instance_notify_deleted when freeing.
     at: ~Dependency (servers/rendering/storage/utilities.cpp:56)
WARNING: Leaked instance dependency: Bug - did not call instance_notify_deleted when freeing.
     at: ~Dependency (servers/rendering/storage/utilities.cpp:56)
WARNING: Leaked instance dependency: Bug - did not call instance_notify_deleted when freeing.
     at: ~Dependency (servers/rendering/storage/utilities.cpp:56)
WARNING: Leaked instance dependency: Bug - did not call instance_notify_deleted when freeing.
     at: ~Dependency (servers/rendering/storage/utilities.cpp:56)
WARNING: Leaked instance dependency: Bug - did not call instance_notify_deleted when freeing.
     at: ~Dependency (servers/rendering/storage/utilities.cpp:56)
WARNING: Leaked instance dependency: Bug - did not call instance_notify_deleted when freeing.
     at: ~Dependency (servers/rendering/storage/utilities.cpp:56)
WARNING: Leaked instance dependency: Bug - did not call instance_notify_deleted when freeing.
     at: ~Dependency (servers/rendering/storage/utilities.cpp:56)
WARNING: Leaked instance dependency: Bug - did not call instance_notify_deleted when freeing.
     at: ~Dependency (servers/rendering/storage/utilities.cpp:56)
WARNING: Leaked instance dependency: Bug - did not call instance_notify_deleted when freeing.
     at: ~Dependency (servers/rendering/storage/utilities.cpp:56)
WARNING: Leaked instance dependency: Bug - did not call instance_notify_deleted when freeing.
     at: ~Dependency (servers/rendering/storage/utilities.cpp:56)
WARNING: Leaked instance dependency: Bug - did not call instance_notify_deleted when freeing.
     at: ~Dependency (servers/rendering/storage/utilities.cpp:56)
WARNING: Leaked instance dependency: Bug - did not call instance_notify_deleted when freeing.
     at: ~Dependency (servers/rendering/storage/utilities.cpp:56)
WARNING: Leaked instance dependency: Bug - did not call instance_notify_deleted when freeing.
     at: ~Dependency (servers/rendering/storage/utilities.cpp:56)
WARNING: Leaked instance dependency: Bug - did not call instance_notify_deleted when freeing.
     at: ~Dependency (servers/rendering/storage/utilities.cpp:56)
WARNING: Leaked instance dependency: Bug - did not call instance_notify_deleted when freeing.
     at: ~Dependency (servers/rendering/storage/utilities.cpp:56)
WARNING: Leaked instance dependency: Bug - did not call instance_notify_deleted when freeing.
     at: ~Dependency (servers/rendering/storage/utilities.cpp:56)
WARNING: Leaked instance dependency: Bug - did not call instance_notify_deleted when freeing.
     at: ~Dependency (servers/rendering/storage/utilities.cpp:56)
WARNING: Leaked instance dependency: Bug - did not call instance_notify_deleted when freeing.
     at: ~Dependency (servers/rendering/storage/utilities.cpp:56)
WARNING: Leaked instance dependency: Bug - did not call instance_notify_deleted when freeing.
     at: ~Dependency (servers/rendering/storage/utilities.cpp:56)
WARNING: Leaked instance dependency: Bug - did not call instance_notify_deleted when freeing.
     at: ~Dependency (servers/rendering/storage/utilities.cpp:56)
WARNING: Leaked instance dependency: Bug - did not call instance_notify_deleted when freeing.
     at: ~Dependency (servers/rendering/storage/utilities.cpp:56)
WARNING: Leaked instance dependency: Bug - did not call instance_notify_deleted when freeing.
     at: ~Dependency (servers/rendering/storage/utilities.cpp:56)
WARNING: Leaked instance dependency: Bug - did not call instance_notify_deleted when freeing.
     at: ~Dependency (servers/rendering/storage/utilities.cpp:56)
WARNING: Leaked instance dependency: Bug - did not call instance_notify_deleted when freeing.
     at: ~Dependency (servers/rendering/storage/utilities.cpp:56)
WARNING: Leaked instance dependency: Bug - did not call instance_notify_deleted when freeing.
     at: ~Dependency (servers/rendering/storage/utilities.cpp:56)
WARNING: Leaked instance dependency: Bug - did not call instance_notify_deleted when freeing.
     at: ~Dependency (servers/rendering/storage/utilities.cpp:56)
WARNING: Leaked instance dependency: Bug - did not call instance_notify_deleted when freeing.
     at: ~Dependency (servers/rendering/storage/utilities.cpp:56)
WARNING: Leaked instance dependency: Bug - did not call instance_notify_deleted when freeing.
     at: ~Dependency (servers/rendering/storage/utilities.cpp:56)
WARNING: Leaked instance dependency: Bug - did not call instance_notify_deleted when freeing.
     at: ~Dependency (servers/rendering/storage/utilities.cpp:56)
WARNING: Leaked instance dependency: Bug - did not call instance_notify_deleted when freeing.
     at: ~Dependency (servers/rendering/storage/utilities.cpp:56)
WARNING: Leaked instance dependency: Bug - did not call instance_notify_deleted when freeing.
     at: ~Dependency (servers/rendering/storage/utilities.cpp:56)
WARNING: Leaked instance dependency: Bug - did not call instance_notify_deleted when freeing.
     at: ~Dependency (servers/rendering/storage/utilities.cpp:56)
WARNING: Leaked instance dependency: Bug - did not call instance_notify_deleted when freeing.
     at: ~Dependency (servers/rendering/storage/utilities.cpp:56)
WARNING: Leaked instance dependency: Bug - did not call instance_notify_deleted when freeing.
     at: ~Dependency (servers/rendering/storage/utilities.cpp:56)
WARNING: Leaked instance dependency: Bug - did not call instance_notify_deleted when freeing.
     at: ~Dependency (servers/rendering/storage/utilities.cpp:56)
WARNING: Leaked instance dependency: Bug - did not call instance_notify_deleted when freeing.
     at: ~Dependency (servers/rendering/storage/utilities.cpp:56)
WARNING: Leaked instance dependency: Bug - did not call instance_notify_deleted when freeing.
     at: ~Dependency (servers/rendering/storage/utilities.cpp:56)
WARNING: Leaked instance dependency: Bug - did not call instance_notify_deleted when freeing.
     at: ~Dependency (servers/rendering/storage/utilities.cpp:56)
WARNING: Leaked instance dependency: Bug - did not call instance_notify_deleted when freeing.
     at: ~Dependency (servers/rendering/storage/utilities.cpp:56)
WARNING: Leaked instance dependency: Bug - did not call instance_notify_deleted when freeing.
     at: ~Dependency (servers/rendering/storage/utilities.cpp:56)
WARNING: Leaked instance dependency: Bug - did not call instance_notify_deleted when freeing.
     at: ~Dependency (servers/rendering/storage/utilities.cpp:56)
WARNING: Leaked instance dependency: Bug - did not call instance_notify_deleted when freeing.
     at: ~Dependency (servers/rendering/storage/utilities.cpp:56)
WARNING: Leaked instance dependency: Bug - did not call instance_notify_deleted when freeing.
     at: ~Dependency (servers/rendering/storage/utilities.cpp:56)
WARNING: Leaked instance dependency: Bug - did not call instance_notify_deleted when freeing.
     at: ~Dependency (servers/rendering/storage/utilities.cpp:56)
WARNING: Leaked instance dependency: Bug - did not call instance_notify_deleted when freeing.
     at: ~Dependency (servers/rendering/storage/utilities.cpp:56)
WARNING: Leaked instance dependency: Bug - did not call instance_notify_deleted when freeing.
     at: ~Dependency (servers/rendering/storage/utilities.cpp:56)
WARNING: Leaked instance dependency: Bug - did not call instance_notify_deleted when freeing.
     at: ~Dependency (servers/rendering/storage/utilities.cpp:56)
WARNING: Leaked instance dependency: Bug - did not call instance_notify_deleted when freeing.
     at: ~Dependency (servers/rendering/storage/utilities.cpp:56)
WARNING: Leaked instance dependency: Bug - did not call instance_notify_deleted when freeing.
     at: ~Dependency (servers/rendering/storage/utilities.cpp:56)
WARNING: Leaked instance dependency: Bug - did not call instance_notify_deleted when freeing.
     at: ~Dependency (servers/rendering/storage/utilities.cpp:56)
WARNING: Leaked instance dependency: Bug - did not call instance_notify_deleted when freeing.
     at: ~Dependency (servers/rendering/storage/utilities.cpp:56)
WARNING: Leaked instance dependency: Bug - did not call instance_notify_deleted when freeing.
     at: ~Dependency (servers/rendering/storage/utilities.cpp:56)
WARNING: Leaked instance dependency: Bug - did not call instance_notify_deleted when freeing.
     at: ~Dependency (servers/rendering/storage/utilities.cpp:56)
WARNING: Leaked instance dependency: Bug - did not call instance_notify_deleted when freeing.
     at: ~Dependency (servers/rendering/storage/utilities.cpp:56)
WARNING: Leaked instance dependency: Bug - did not call instance_notify_deleted when freeing.
     at: ~Dependency (servers/rendering/storage/utilities.cpp:56)
WARNING: Leaked instance dependency: Bug - did not call instance_notify_deleted when freeing.
     at: ~Dependency (servers/rendering/storage/utilities.cpp:56)
WARNING: Leaked instance dependency: Bug - did not call instance_notify_deleted when freeing.
     at: ~Dependency (servers/rendering/storage/utilities.cpp:56)
WARNING: Leaked instance dependency: Bug - did not call instance_notify_deleted when freeing.
     at: ~Dependency (servers/rendering/storage/utilities.cpp:56)
WARNING: Leaked instance dependency: Bug - did not call instance_notify_deleted when freeing.
     at: ~Dependency (servers/rendering/storage/utilities.cpp:56)
WARNING: Leaked instance dependency: Bug - did not call instance_notify_deleted when freeing.
     at: ~Dependency (servers/rendering/storage/utilities.cpp:56)
WARNING: Leaked instance dependency: Bug - did not call instance_notify_deleted when freeing.
     at: ~Dependency (servers/rendering/storage/utilities.cpp:56)
WARNING: Leaked instance dependency: Bug - did not call instance_notify_deleted when freeing.
     at: ~Dependency (servers/rendering/storage/utilities.cpp:56)
WARNING: Leaked instance dependency: Bug - did not call instance_notify_deleted when freeing.
     at: ~Dependency (servers/rendering/storage/utilities.cpp:56)
WARNING: Leaked instance dependency: Bug - did not call instance_notify_deleted when freeing.
     at: ~Dependency (servers/rendering/storage/utilities.cpp:56)
WARNING: Leaked instance dependency: Bug - did not call instance_notify_deleted when freeing.
     at: ~Dependency (servers/rendering/storage/utilities.cpp:56)
WARNING: Leaked instance dependency: Bug - did not call instance_notify_deleted when freeing.
     at: ~Dependency (servers/rendering/storage/utilities.cpp:56)
WARNING: Leaked instance dependency: Bug - did not call instance_notify_deleted when freeing.
     at: ~Dependency (servers/rendering/storage/utilities.cpp:56)
WARNING: Leaked instance dependency: Bug - did not call instance_notify_deleted when freeing.
     at: ~Dependency (servers/rendering/storage/utilities.cpp:56)
WARNING: Leaked instance dependency: Bug - did not call instance_notify_deleted when freeing.
     at: ~Dependency (servers/rendering/storage/utilities.cpp:56)
WARNING: Leaked instance dependency: Bug - did not call instance_notify_deleted when freeing.
     at: ~Dependency (servers/rendering/storage/utilities.cpp:56)
WARNING: Leaked instance dependency: Bug - did not call instance_notify_deleted when freeing.
     at: ~Dependency (servers/rendering/storage/utilities.cpp:56)
WARNING: Leaked instance dependency: Bug - did not call instance_notify_deleted when freeing.
     at: ~Dependency (servers/rendering/storage/utilities.cpp:56)
WARNING: Leaked instance dependency: Bug - did not call instance_notify_deleted when freeing.
     at: ~Dependency (servers/rendering/storage/utilities.cpp:56)
WARNING: Leaked instance dependency: Bug - did not call instance_notify_deleted when freeing.
     at: ~Dependency (servers/rendering/storage/utilities.cpp:56)
WARNING: Leaked instance dependency: Bug - did not call instance_notify_deleted when freeing.
     at: ~Dependency (servers/rendering/storage/utilities.cpp:56)
WARNING: Leaked instance dependency: Bug - did not call instance_notify_deleted when freeing.
     at: ~Dependency (servers/rendering/storage/utilities.cpp:56)
WARNING: Leaked instance dependency: Bug - did not call instance_notify_deleted when freeing.
     at: ~Dependency (servers/rendering/storage/utilities.cpp:56)
WARNING: Leaked instance dependency: Bug - did not call instance_notify_deleted when freeing.
     at: ~Dependency (servers/rendering/storage/utilities.cpp:56)
WARNING: Leaked instance dependency: Bug - did not call instance_notify_deleted when freeing.
     at: ~Dependency (servers/rendering/storage/utilities.cpp:56)
WARNING: Leaked instance dependency: Bug - did not call instance_notify_deleted when freeing.
     at: ~Dependency (servers/rendering/storage/utilities.cpp:56)
WARNING: Leaked instance dependency: Bug - did not call instance_notify_deleted when freeing.
     at: ~Dependency (servers/rendering/storage/utilities.cpp:56)
WARNING: Leaked instance dependency: Bug - did not call instance_notify_deleted when freeing.
     at: ~Dependency (servers/rendering/storage/utilities.cpp:56)
WARNING: Leaked instance dependency: Bug - did not call instance_notify_deleted when freeing.
     at: ~Dependency (servers/rendering/storage/utilities.cpp:56)
WARNING: Leaked instance dependency: Bug - did not call instance_notify_deleted when freeing.
     at: ~Dependency (servers/rendering/storage/utilities.cpp:56)
WARNING: Leaked instance dependency: Bug - did not call instance_notify_deleted when freeing.
     at: ~Dependency (servers/rendering/storage/utilities.cpp:56)
WARNING: Leaked instance dependency: Bug - did not call instance_notify_deleted when freeing.
     at: ~Dependency (servers/rendering/storage/utilities.cpp:56)
WARNING: Leaked instance dependency: Bug - did not call instance_notify_deleted when freeing.
     at: ~Dependency (servers/rendering/storage/utilities.cpp:56)
WARNING: Leaked instance dependency: Bug - did not call instance_notify_deleted when freeing.
     at: ~Dependency (servers/rendering/storage/utilities.cpp:56)
WARNING: Leaked instance dependency: Bug - did not call instance_notify_deleted when freeing.
     at: ~Dependency (servers/rendering/storage/utilities.cpp:56)
WARNING: Leaked instance dependency: Bug - did not call instance_notify_deleted when freeing.
     at: ~Dependency (servers/rendering/storage/utilities.cpp:56)
WARNING: Leaked instance dependency: Bug - did not call instance_notify_deleted when freeing.
     at: ~Dependency (servers/rendering/storage/utilities.cpp:56)
WARNING: Leaked instance dependency: Bug - did not call instance_notify_deleted when freeing.
     at: ~Dependency (servers/rendering/storage/utilities.cpp:56)
WARNING: Leaked instance dependency: Bug - did not call instance_notify_deleted when freeing.
     at: ~Dependency (servers/rendering/storage/utilities.cpp:56)
WARNING: Leaked instance dependency: Bug - did not call instance_notify_deleted when freeing.
     at: ~Dependency (servers/rendering/storage/utilities.cpp:56)
WARNING: Leaked instance dependency: Bug - did not call instance_notify_deleted when freeing.
     at: ~Dependency (servers/rendering/storage/utilities.cpp:56)
WARNING: Leaked instance dependency: Bug - did not call instance_notify_deleted when freeing.
     at: ~Dependency (servers/rendering/storage/utilities.cpp:56)
WARNING: Leaked instance dependency: Bug - did not call instance_notify_deleted when freeing.
     at: ~Dependency (servers/rendering/storage/utilities.cpp:56)
WARNING: Leaked instance dependency: Bug - did not call instance_notify_deleted when freeing.
     at: ~Dependency (servers/rendering/storage/utilities.cpp:56)
WARNING: Leaked instance dependency: Bug - did not call instance_notify_deleted when freeing.
     at: ~Dependency (servers/rendering/storage/utilities.cpp:56)
WARNING: Leaked instance dependency: Bug - did not call instance_notify_deleted when freeing.
     at: ~Dependency (servers/rendering/storage/utilities.cpp:56)
WARNING: Leaked instance dependency: Bug - did not call instance_notify_deleted when freeing.
     at: ~Dependency (servers/rendering/storage/utilities.cpp:56)
WARNING: Leaked instance dependency: Bug - did not call instance_notify_deleted when freeing.
     at: ~Dependency (servers/rendering/storage/utilities.cpp:56)
WARNING: Leaked instance dependency: Bug - did not call instance_notify_deleted when freeing.
     at: ~Dependency (servers/rendering/storage/utilities.cpp:56)
WARNING: Leaked instance dependency: Bug - did not call instance_notify_deleted when freeing.
     at: ~Dependency (servers/rendering/storage/utilities.cpp:56)
WARNING: Leaked instance dependency: Bug - did not call instance_notify_deleted when freeing.
     at: ~Dependency (servers/rendering/storage/utilities.cpp:56)
WARNING: Leaked instance dependency: Bug - did not call instance_notify_deleted when freeing.
     at: ~Dependency (servers/rendering/storage/utilities.cpp:56)
WARNING: Leaked instance dependency: Bug - did not call instance_notify_deleted when freeing.
     at: ~Dependency (servers/rendering/storage/utilities.cpp:56)
WARNING: Leaked instance dependency: Bug - did not call instance_notify_deleted when freeing.
     at: ~Dependency (servers/rendering/storage/utilities.cpp:56)
WARNING: Leaked instance dependency: Bug - did not call instance_notify_deleted when freeing.
     at: ~Dependency (servers/rendering/storage/utilities.cpp:56)
WARNING: Leaked instance dependency: Bug - did not call instance_notify_deleted when freeing.
     at: ~Dependency (servers/rendering/storage/utilities.cpp:56)
WARNING: Leaked instance dependency: Bug - did not call instance_notify_deleted when freeing.
     at: ~Dependency (servers/rendering/storage/utilities.cpp:56)
WARNING: Leaked instance dependency: Bug - did not call instance_notify_deleted when freeing.
     at: ~Dependency (servers/rendering/storage/utilities.cpp:56)
WARNING: Leaked instance dependency: Bug - did not call instance_notify_deleted when freeing.
     at: ~Dependency (servers/rendering/storage/utilities.cpp:56)
WARNING: Leaked instance dependency: Bug - did not call instance_notify_deleted when freeing.
     at: ~Dependency (servers/rendering/storage/utilities.cpp:56)
WARNING: Leaked instance dependency: Bug - did not call instance_notify_deleted when freeing.
     at: ~Dependency (servers/rendering/storage/utilities.cpp:56)
WARNING: Leaked instance dependency: Bug - did not call instance_notify_deleted when freeing.
     at: ~Dependency (servers/rendering/storage/utilities.cpp:56)
WARNING: Leaked instance dependency: Bug - did not call instance_notify_deleted when freeing.
     at: ~Dependency (servers/rendering/storage/utilities.cpp:56)
WARNING: Leaked instance dependency: Bug - did not call instance_notify_deleted when freeing.
     at: ~Dependency (servers/rendering/storage/utilities.cpp:56)
WARNING: Leaked instance dependency: Bug - did not call instance_notify_deleted when freeing.
     at: ~Dependency (servers/rendering/storage/utilities.cpp:56)
WARNING: Leaked instance dependency: Bug - did not call instance_notify_deleted when freeing.
     at: ~Dependency (servers/rendering/storage/utilities.cpp:56)
WARNING: Leaked instance dependency: Bug - did not call instance_notify_deleted when freeing.
     at: ~Dependency (servers/rendering/storage/utilities.cpp:56)
WARNING: Leaked instance dependency: Bug - did not call instance_notify_deleted when freeing.
     at: ~Dependency (servers/rendering/storage/utilities.cpp:56)
WARNING: Leaked instance dependency: Bug - did not call instance_notify_deleted when freeing.
     at: ~Dependency (servers/rendering/storage/utilities.cpp:56)
WARNING: Leaked instance dependency: Bug - did not call instance_notify_deleted when freeing.
     at: ~Dependency (servers/rendering/storage/utilities.cpp:56)
WARNING: Leaked instance dependency: Bug - did not call instance_notify_deleted when freeing.
     at: ~Dependency (servers/rendering/storage/utilities.cpp:56)
WARNING: Leaked instance dependency: Bug - did not call instance_notify_deleted when freeing.
     at: ~Dependency (servers/rendering/storage/utilities.cpp:56)
WARNING: Leaked instance dependency: Bug - did not call instance_notify_deleted when freeing.
     at: ~Dependency (servers/rendering/storage/utilities.cpp:56)
WARNING: Leaked instance dependency: Bug - did not call instance_notify_deleted when freeing.
     at: ~Dependency (servers/rendering/storage/utilities.cpp:56)
WARNING: Leaked instance dependency: Bug - did not call instance_notify_deleted when freeing.
     at: ~Dependency (servers/rendering/storage/utilities.cpp:56)
WARNING: Leaked instance dependency: Bug - did not call instance_notify_deleted when freeing.
     at: ~Dependency (servers/rendering/storage/utilities.cpp:56)
WARNING: Leaked instance dependency: Bug - did not call instance_notify_deleted when freeing.
     at: ~Dependency (servers/rendering/storage/utilities.cpp:56)
WARNING: Leaked instance dependency: Bug - did not call instance_notify_deleted when freeing.
     at: ~Dependency (servers/rendering/storage/utilities.cpp:56)
WARNING: Leaked instance dependency: Bug - did not call instance_notify_deleted when freeing.
     at: ~Dependency (servers/rendering/storage/utilities.cpp:56)
WARNING: Leaked instance dependency: Bug - did not call instance_notify_deleted when freeing.
     at: ~Dependency (servers/rendering/storage/utilities.cpp:56)
WARNING: Leaked instance dependency: Bug - did not call instance_notify_deleted when freeing.
     at: ~Dependency (servers/rendering/storage/utilities.cpp:56)
WARNING: Leaked instance dependency: Bug - did not call instance_notify_deleted when freeing.
     at: ~Dependency (servers/rendering/storage/utilities.cpp:56)
WARNING: Leaked instance dependency: Bug - did not call instance_notify_deleted when freeing.
     at: ~Dependency (servers/rendering/storage/utilities.cpp:56)
WARNING: Leaked instance dependency: Bug - did not call instance_notify_deleted when freeing.
     at: ~Dependency (servers/rendering/storage/utilities.cpp:56)
WARNING: Leaked instance dependency: Bug - did not call instance_notify_deleted when freeing.
     at: ~Dependency (servers/rendering/storage/utilities.cpp:56)
WARNING: Leaked instance dependency: Bug - did not call instance_notify_deleted when freeing.
     at: ~Dependency (servers/rendering/storage/utilities.cpp:56)
WARNING: Leaked instance dependency: Bug - did not call instance_notify_deleted when freeing.
     at: ~Dependency (servers/rendering/storage/utilities.cpp:56)
WARNING: Leaked instance dependency: Bug - did not call instance_notify_deleted when freeing.
     at: ~Dependency (servers/rendering/storage/utilities.cpp:56)
WARNING: Leaked instance dependency: Bug - did not call instance_notify_deleted when freeing.
     at: ~Dependency (servers/rendering/storage/utilities.cpp:56)
WARNING: Leaked instance dependency: Bug - did not call instance_notify_deleted when freeing.
     at: ~Dependency (servers/rendering/storage/utilities.cpp:56)
WARNING: Leaked instance dependency: Bug - did not call instance_notify_deleted when freeing.
     at: ~Dependency (servers/rendering/storage/utilities.cpp:56)
WARNING: Leaked instance dependency: Bug - did not call instance_notify_deleted when freeing.
     at: ~Dependency (servers/rendering/storage/utilities.cpp:56)
WARNING: Leaked instance dependency: Bug - did not call instance_notify_deleted when freeing.
     at: ~Dependency (servers/rendering/storage/utilities.cpp:56)
WARNING: Leaked instance dependency: Bug - did not call instance_notify_deleted when freeing.
     at: ~Dependency (servers/rendering/storage/utilities.cpp:56)
WARNING: Leaked instance dependency: Bug - did not call instance_notify_deleted when freeing.
     at: ~Dependency (servers/rendering/storage/utilities.cpp:56)
WARNING: Leaked instance dependency: Bug - did not call instance_notify_deleted when freeing.
     at: ~Dependency (servers/rendering/storage/utilities.cpp:56)
WARNING: Leaked instance dependency: Bug - did not call instance_notify_deleted when freeing.
     at: ~Dependency (servers/rendering/storage/utilities.cpp:56)
WARNING: Leaked instance dependency: Bug - did not call instance_notify_deleted when freeing.
     at: ~Dependency (servers/rendering/storage/utilities.cpp:56)
WARNING: Leaked instance dependency: Bug - did not call instance_notify_deleted when freeing.
     at: ~Dependency (servers/rendering/storage/utilities.cpp:56)
WARNING: Leaked instance dependency: Bug - did not call instance_notify_deleted when freeing.
     at: ~Dependency (servers/rendering/storage/utilities.cpp:56)
WARNING: Leaked instance dependency: Bug - did not call instance_notify_deleted when freeing.
     at: ~Dependency (servers/rendering/storage/utilities.cpp:56)
WARNING: Leaked instance dependency: Bug - did not call instance_notify_deleted when freeing.
     at: ~Dependency (servers/rendering/storage/utilities.cpp:56)
WARNING: Leaked instance dependency: Bug - did not call instance_notify_deleted when freeing.
     at: ~Dependency (servers/rendering/storage/utilities.cpp:56)
WARNING: Leaked instance dependency: Bug - did not call instance_notify_deleted when freeing.
     at: ~Dependency (servers/rendering/storage/utilities.cpp:56)
WARNING: Leaked instance dependency: Bug - did not call instance_notify_deleted when freeing.
     at: ~Dependency (servers/rendering/storage/utilities.cpp:56)
WARNING: Leaked instance dependency: Bug - did not call instance_notify_deleted when freeing.
     at: ~Dependency (servers/rendering/storage/utilities.cpp:56)
WARNING: Leaked instance dependency: Bug - did not call instance_notify_deleted when freeing.
     at: ~Dependency (servers/rendering/storage/utilities.cpp:56)
WARNING: Leaked instance dependency: Bug - did not call instance_notify_deleted when freeing.
     at: ~Dependency (servers/rendering/storage/utilities.cpp:56)
WARNING: Leaked instance dependency: Bug - did not call instance_notify_deleted when freeing.
     at: ~Dependency (servers/rendering/storage/utilities.cpp:56)
WARNING: Leaked instance dependency: Bug - did not call instance_notify_deleted when freeing.
     at: ~Dependency (servers/rendering/storage/utilities.cpp:56)
WARNING: Leaked instance dependency: Bug - did not call instance_notify_deleted when freeing.
     at: ~Dependency (servers/rendering/storage/utilities.cpp:56)
WARNING: Leaked instance dependency: Bug - did not call instance_notify_deleted when freeing.
     at: ~Dependency (servers/rendering/storage/utilities.cpp:56)
WARNING: Leaked instance dependency: Bug - did not call instance_notify_deleted when freeing.
     at: ~Dependency (servers/rendering/storage/utilities.cpp:56)
WARNING: Leaked instance dependency: Bug - did not call instance_notify_deleted when freeing.
     at: ~Dependency (servers/rendering/storage/utilities.cpp:56)
WARNING: Leaked instance dependency: Bug - did not call instance_notify_deleted when freeing.
     at: ~Dependency (servers/rendering/storage/utilities.cpp:56)
WARNING: Leaked instance dependency: Bug - did not call instance_notify_deleted when freeing.
     at: ~Dependency (servers/rendering/storage/utilities.cpp:56)
WARNING: Leaked instance dependency: Bug - did not call instance_notify_deleted when freeing.
     at: ~Dependency (servers/rendering/storage/utilities.cpp:56)
WARNING: Leaked instance dependency: Bug - did not call instance_notify_deleted when freeing.
     at: ~Dependency (servers/rendering/storage/utilities.cpp:56)
WARNING: Leaked instance dependency: Bug - did not call instance_notify_deleted when freeing.
     at: ~Dependency (servers/rendering/storage/utilities.cpp:56)
WARNING: Leaked instance dependency: Bug - did not call instance_notify_deleted when freeing.
     at: ~Dependency (servers/rendering/storage/utilities.cpp:56)
WARNING: Leaked instance dependency: Bug - did not call instance_notify_deleted when freeing.
     at: ~Dependency (servers/rendering/storage/utilities.cpp:56)
WARNING: Leaked instance dependency: Bug - did not call instance_notify_deleted when freeing.
     at: ~Dependency (servers/rendering/storage/utilities.cpp:56)
WARNING: Leaked instance dependency: Bug - did not call instance_notify_deleted when freeing.
     at: ~Dependency (servers/rendering/storage/utilities.cpp:56)
WARNING: Leaked instance dependency: Bug - did not call instance_notify_deleted when freeing.
     at: ~Dependency (servers/rendering/storage/utilities.cpp:56)
WARNING: Leaked instance dependency: Bug - did not call instance_notify_deleted when freeing.
     at: ~Dependency (servers/rendering/storage/utilities.cpp:56)
WARNING: Leaked instance dependency: Bug - did not call instance_notify_deleted when freeing.
     at: ~Dependency (servers/rendering/storage/utilities.cpp:56)
WARNING: Leaked instance dependency: Bug - did not call instance_notify_deleted when freeing.
     at: ~Dependency (servers/rendering/storage/utilities.cpp:56)
WARNING: Leaked instance dependency: Bug - did not call instance_notify_deleted when freeing.
     at: ~Dependency (servers/rendering/storage/utilities.cpp:56)
WARNING: Leaked instance dependency: Bug - did not call instance_notify_deleted when freeing.
     at: ~Dependency (servers/rendering/storage/utilities.cpp:56)
WARNING: Leaked instance dependency: Bug - did not call instance_notify_deleted when freeing.
     at: ~Dependency (servers/rendering/storage/utilities.cpp:56)
WARNING: Leaked instance dependency: Bug - did not call instance_notify_deleted when freeing.
     at: ~Dependency (servers/rendering/storage/utilities.cpp:56)
WARNING: Leaked instance dependency: Bug - did not call instance_notify_deleted when freeing.
     at: ~Dependency (servers/rendering/storage/utilities.cpp:56)
WARNING: Leaked instance dependency: Bug - did not call instance_notify_deleted when freeing.
     at: ~Dependency (servers/rendering/storage/utilities.cpp:56)
WARNING: Leaked instance dependency: Bug - did not call instance_notify_deleted when freeing.
     at: ~Dependency (servers/rendering/storage/utilities.cpp:56)
WARNING: Leaked instance dependency: Bug - did not call instance_notify_deleted when freeing.
     at: ~Dependency (servers/rendering/storage/utilities.cpp:56)
WARNING: Leaked instance dependency: Bug - did not call instance_notify_deleted when freeing.
     at: ~Dependency (servers/rendering/storage/utilities.cpp:56)
WARNING: Leaked instance dependency: Bug - did not call instance_notify_deleted when freeing.
     at: ~Dependency (servers/rendering/storage/utilities.cpp:56)
WARNING: Leaked instance dependency: Bug - did not call instance_notify_deleted when freeing.
     at: ~Dependency (servers/rendering/storage/utilities.cpp:56)
WARNING: Leaked instance dependency: Bug - did not call instance_notify_deleted when freeing.
     at: ~Dependency (servers/rendering/storage/utilities.cpp:56)
WARNING: Leaked instance dependency: Bug - did not call instance_notify_deleted when freeing.
     at: ~Dependency (servers/rendering/storage/utilities.cpp:56)
WARNING: Leaked instance dependency: Bug - did not call instance_notify_deleted when freeing.
     at: ~Dependency (servers/rendering/storage/utilities.cpp:56)
WARNING: Leaked instance dependency: Bug - did not call instance_notify_deleted when freeing.
     at: ~Dependency (servers/rendering/storage/utilities.cpp:56)
WARNING: Leaked instance dependency: Bug - did not call instance_notify_deleted when freeing.
     at: ~Dependency (servers/rendering/storage/utilities.cpp:56)
WARNING: Leaked instance dependency: Bug - did not call instance_notify_deleted when freeing.
     at: ~Dependency (servers/rendering/storage/utilities.cpp:56)
WARNING: Leaked instance dependency: Bug - did not call instance_notify_deleted when freeing.
     at: ~Dependency (servers/rendering/storage/utilities.cpp:56)
WARNING: Leaked instance dependency: Bug - did not call instance_notify_deleted when freeing.
     at: ~Dependency (servers/rendering/storage/utilities.cpp:56)
WARNING: Leaked instance dependency: Bug - did not call instance_notify_deleted when freeing.
     at: ~Dependency (servers/rendering/storage/utilities.cpp:56)
WARNING: Leaked instance dependency: Bug - did not call instance_notify_deleted when freeing.
     at: ~Dependency (servers/rendering/storage/utilities.cpp:56)
WARNING: Leaked instance dependency: Bug - did not call instance_notify_deleted when freeing.
     at: ~Dependency (servers/rendering/storage/utilities.cpp:56)
WARNING: Leaked instance dependency: Bug - did not call instance_notify_deleted when freeing.
     at: ~Dependency (servers/rendering/storage/utilities.cpp:56)
WARNING: Leaked instance dependency: Bug - did not call instance_notify_deleted when freeing.
     at: ~Dependency (servers/rendering/storage/utilities.cpp:56)
WARNING: Leaked instance dependency: Bug - did not call instance_notify_deleted when freeing.
     at: ~Dependency (servers/rendering/storage/utilities.cpp:56)
WARNING: Leaked instance dependency: Bug - did not call instance_notify_deleted when freeing.
     at: ~Dependency (servers/rendering/storage/utilities.cpp:56)
WARNING: Leaked instance dependency: Bug - did not call instance_notify_deleted when freeing.
     at: ~Dependency (servers/rendering/storage/utilities.cpp:56)
WARNING: Leaked instance dependency: Bug - did not call instance_notify_deleted when freeing.
     at: ~Dependency (servers/rendering/storage/utilities.cpp:56)
WARNING: Leaked instance dependency: Bug - did not call instance_notify_deleted when freeing.
     at: ~Dependency (servers/rendering/storage/utilities.cpp:56)
WARNING: Leaked instance dependency: Bug - did not call instance_notify_deleted when freeing.
     at: ~Dependency (servers/rendering/storage/utilities.cpp:56)
WARNING: Leaked instance dependency: Bug - did not call instance_notify_deleted when freeing.
     at: ~Dependency (servers/rendering/storage/utilities.cpp:56)
WARNING: Leaked instance dependency: Bug - did not call instance_notify_deleted when freeing.
     at: ~Dependency (servers/rendering/storage/utilities.cpp:56)
WARNING: Leaked instance dependency: Bug - did not call instance_notify_deleted when freeing.
     at: ~Dependency (servers/rendering/storage/utilities.cpp:56)
WARNING: Leaked instance dependency: Bug - did not call instance_notify_deleted when freeing.
     at: ~Dependency (servers/rendering/storage/utilities.cpp:56)
WARNING: Leaked instance dependency: Bug - did not call instance_notify_deleted when freeing.
     at: ~Dependency (servers/rendering/storage/utilities.cpp:56)
WARNING: Leaked instance dependency: Bug - did not call instance_notify_deleted when freeing.
     at: ~Dependency (servers/rendering/storage/utilities.cpp:56)
WARNING: Leaked instance dependency: Bug - did not call instance_notify_deleted when freeing.
     at: ~Dependency (servers/rendering/storage/utilities.cpp:56)
WARNING: Leaked instance dependency: Bug - did not call instance_notify_deleted when freeing.
     at: ~Dependency (servers/rendering/storage/utilities.cpp:56)
WARNING: Leaked instance dependency: Bug - did not call instance_notify_deleted when freeing.
     at: ~Dependency (servers/rendering/storage/utilities.cpp:56)
WARNING: Leaked instance dependency: Bug - did not call instance_notify_deleted when freeing.
     at: ~Dependency (servers/rendering/storage/utilities.cpp:56)
WARNING: Leaked instance dependency: Bug - did not call instance_notify_deleted when freeing.
     at: ~Dependency (servers/rendering/storage/utilities.cpp:56)
WARNING: Leaked instance dependency: Bug - did not call instance_notify_deleted when freeing.
     at: ~Dependency (servers/rendering/storage/utilities.cpp:56)
WARNING: Leaked instance dependency: Bug - did not call instance_notify_deleted when freeing.
     at: ~Dependency (servers/rendering/storage/utilities.cpp:56)
WARNING: Leaked instance dependency: Bug - did not call instance_notify_deleted when freeing.
     at: ~Dependency (servers/rendering/storage/utilities.cpp:56)
WARNING: Leaked instance dependency: Bug - did not call instance_notify_deleted when freeing.
     at: ~Dependency (servers/rendering/storage/utilities.cpp:56)
WARNING: Leaked instance dependency: Bug - did not call instance_notify_deleted when freeing.
     at: ~Dependency (servers/rendering/storage/utilities.cpp:56)
WARNING: Leaked instance dependency: Bug - did not call instance_notify_deleted when freeing.
     at: ~Dependency (servers/rendering/storage/utilities.cpp:56)
WARNING: Leaked instance dependency: Bug - did not call instance_notify_deleted when freeing.
     at: ~Dependency (servers/rendering/storage/utilities.cpp:56)
WARNING: Leaked instance dependency: Bug - did not call instance_notify_deleted when freeing.
     at: ~Dependency (servers/rendering/storage/utilities.cpp:56)
WARNING: Leaked instance dependency: Bug - did not call instance_notify_deleted when freeing.
     at: ~Dependency (servers/rendering/storage/utilities.cpp:56)
WARNING: Leaked instance dependency: Bug - did not call instance_notify_deleted when freeing.
     at: ~Dependency (servers/rendering/storage/utilities.cpp:56)
WARNING: Leaked instance dependency: Bug - did not call instance_notify_deleted when freeing.
     at: ~Dependency (servers/rendering/storage/utilities.cpp:56)
WARNING: Leaked instance dependency: Bug - did not call instance_notify_deleted when freeing.
     at: ~Dependency (servers/rendering/storage/utilities.cpp:56)
WARNING: Leaked instance dependency: Bug - did not call instance_notify_deleted when freeing.
     at: ~Dependency (servers/rendering/storage/utilities.cpp:56)
WARNING: Leaked instance dependency: Bug - did not call instance_notify_deleted when freeing.
     at: ~Dependency (servers/rendering/storage/utilities.cpp:56)
WARNING: Leaked instance dependency: Bug - did not call instance_notify_deleted when freeing.
     at: ~Dependency (servers/rendering/storage/utilities.cpp:56)
WARNING: Leaked instance dependency: Bug - did not call instance_notify_deleted when freeing.
     at: ~Dependency (servers/rendering/storage/utilities.cpp:56)
WARNING: Leaked instance dependency: Bug - did not call instance_notify_deleted when freeing.
     at: ~Dependency (servers/rendering/storage/utilities.cpp:56)
WARNING: Leaked instance dependency: Bug - did not call instance_notify_deleted when freeing.
     at: ~Dependency (servers/rendering/storage/utilities.cpp:56)
WARNING: Leaked instance dependency: Bug - did not call instance_notify_deleted when freeing.
     at: ~Dependency (servers/rendering/storage/utilities.cpp:56)
WARNING: Leaked instance dependency: Bug - did not call instance_notify_deleted when freeing.
     at: ~Dependency (servers/rendering/storage/utilities.cpp:56)
WARNING: Leaked instance dependency: Bug - did not call instance_notify_deleted when freeing.
     at: ~Dependency (servers/rendering/storage/utilities.cpp:56)
WARNING: Leaked instance dependency: Bug - did not call instance_notify_deleted when freeing.
     at: ~Dependency (servers/rendering/storage/utilities.cpp:56)
WARNING: Leaked instance dependency: Bug - did not call instance_notify_deleted when freeing.
     at: ~Dependency (servers/rendering/storage/utilities.cpp:56)
WARNING: Leaked instance dependency: Bug - did not call instance_notify_deleted when freeing.
     at: ~Dependency (servers/rendering/storage/utilities.cpp:56)
WARNING: Leaked instance dependency: Bug - did not call instance_notify_deleted when freeing.
     at: ~Dependency (servers/rendering/storage/utilities.cpp:56)
WARNING: Leaked instance dependency: Bug - did not call instance_notify_deleted when freeing.
     at: ~Dependency (servers/rendering/storage/utilities.cpp:56)
WARNING: Leaked instance dependency: Bug - did not call instance_notify_deleted when freeing.
     at: ~Dependency (servers/rendering/storage/utilities.cpp:56)
WARNING: Leaked instance dependency: Bug - did not call instance_notify_deleted when freeing.
     at: ~Dependency (servers/rendering/storage/utilities.cpp:56)
WARNING: Leaked instance dependency: Bug - did not call instance_notify_deleted when freeing.
     at: ~Dependency (servers/rendering/storage/utilities.cpp:56)
WARNING: Leaked instance dependency: Bug - did not call instance_notify_deleted when freeing.
     at: ~Dependency (servers/rendering/storage/utilities.cpp:56)
WARNING: Leaked instance dependency: Bug - did not call instance_notify_deleted when freeing.
     at: ~Dependency (servers/rendering/storage/utilities.cpp:56)
WARNING: Leaked instance dependency: Bug - did not call instance_notify_deleted when freeing.
     at: ~Dependency (servers/rendering/storage/utilities.cpp:56)
WARNING: Leaked instance dependency: Bug - did not call instance_notify_deleted when freeing.
     at: ~Dependency (servers/rendering/storage/utilities.cpp:56)
WARNING: Leaked instance dependency: Bug - did not call instance_notify_deleted when freeing.
     at: ~Dependency (servers/rendering/storage/utilities.cpp:56)
WARNING: Leaked instance dependency: Bug - did not call instance_notify_deleted when freeing.
     at: ~Dependency (servers/rendering/storage/utilities.cpp:56)
WARNING: Leaked instance dependency: Bug - did not call instance_notify_deleted when freeing.
     at: ~Dependency (servers/rendering/storage/utilities.cpp:56)
WARNING: Leaked instance dependency: Bug - did not call instance_notify_deleted when freeing.
     at: ~Dependency (servers/rendering/storage/utilities.cpp:56)
WARNING: Leaked instance dependency: Bug - did not call instance_notify_deleted when freeing.
     at: ~Dependency (servers/rendering/storage/utilities.cpp:56)
WARNING: Leaked instance dependency: Bug - did not call instance_notify_deleted when freeing.
     at: ~Dependency (servers/rendering/storage/utilities.cpp:56)
WARNING: Leaked instance dependency: Bug - did not call instance_notify_deleted when freeing.
     at: ~Dependency (servers/rendering/storage/utilities.cpp:56)
WARNING: Leaked instance dependency: Bug - did not call instance_notify_deleted when freeing.
     at: ~Dependency (servers/rendering/storage/utilities.cpp:56)
WARNING: Leaked instance dependency: Bug - did not call instance_notify_deleted when freeing.
     at: ~Dependency (servers/rendering/storage/utilities.cpp:56)
WARNING: Leaked instance dependency: Bug - did not call instance_notify_deleted when freeing.
     at: ~Dependency (servers/rendering/storage/utilities.cpp:56)
WARNING: Leaked instance dependency: Bug - did not call instance_notify_deleted when freeing.
     at: ~Dependency (servers/rendering/storage/utilities.cpp:56)
WARNING: Leaked instance dependency: Bug - did not call instance_notify_deleted when freeing.
     at: ~Dependency (servers/rendering/storage/utilities.cpp:56)
WARNING: Leaked instance dependency: Bug - did not call instance_notify_deleted when freeing.
     at: ~Dependency (servers/rendering/storage/utilities.cpp:56)
WARNING: Leaked instance dependency: Bug - did not call instance_notify_deleted when freeing.
     at: ~Dependency (servers/rendering/storage/utilities.cpp:56)
WARNING: Leaked instance dependency: Bug - did not call instance_notify_deleted when freeing.
     at: ~Dependency (servers/rendering/storage/utilities.cpp:56)
WARNING: Leaked instance dependency: Bug - did not call instance_notify_deleted when freeing.
     at: ~Dependency (servers/rendering/storage/utilities.cpp:56)
WARNING: Leaked instance dependency: Bug - did not call instance_notify_deleted when freeing.
     at: ~Dependency (servers/rendering/storage/utilities.cpp:56)
WARNING: Leaked instance dependency: Bug - did not call instance_notify_deleted when freeing.
     at: ~Dependency (servers/rendering/storage/utilities.cpp:56)
WARNING: Leaked instance dependency: Bug - did not call instance_notify_deleted when freeing.
     at: ~Dependency (servers/rendering/storage/utilities.cpp:56)
WARNING: Leaked instance dependency: Bug - did not call instance_notify_deleted when freeing.
     at: ~Dependency (servers/rendering/storage/utilities.cpp:56)
WARNING: Leaked instance dependency: Bug - did not call instance_notify_deleted when freeing.
     at: ~Dependency (servers/rendering/storage/utilities.cpp:56)
WARNING: Leaked instance dependency: Bug - did not call instance_notify_deleted when freeing.
     at: ~Dependency (servers/rendering/storage/utilities.cpp:56)
WARNING: Leaked instance dependency: Bug - did not call instance_notify_deleted when freeing.
     at: ~Dependency (servers/rendering/storage/utilities.cpp:56)
WARNING: Leaked instance dependency: Bug - did not call instance_notify_deleted when freeing.
     at: ~Dependency (servers/rendering/storage/utilities.cpp:56)
WARNING: Leaked instance dependency: Bug - did not call instance_notify_deleted when freeing.
     at: ~Dependency (servers/rendering/storage/utilities.cpp:56)
WARNING: Leaked instance dependency: Bug - did not call instance_notify_deleted when freeing.
     at: ~Dependency (servers/rendering/storage/utilities.cpp:56)
WARNING: Leaked instance dependency: Bug - did not call instance_notify_deleted when freeing.
     at: ~Dependency (servers/rendering/storage/utilities.cpp:56)
WARNING: Leaked instance dependency: Bug - did not call instance_notify_deleted when freeing.
     at: ~Dependency (servers/rendering/storage/utilities.cpp:56)
WARNING: Leaked instance dependency: Bug - did not call instance_notify_deleted when freeing.
     at: ~Dependency (servers/rendering/storage/utilities.cpp:56)
WARNING: Leaked instance dependency: Bug - did not call instance_notify_deleted when freeing.
     at: ~Dependency (servers/rendering/storage/utilities.cpp:56)
WARNING: Leaked instance dependency: Bug - did not call instance_notify_deleted when freeing.
     at: ~Dependency (servers/rendering/storage/utilities.cpp:56)
WARNING: Leaked instance dependency: Bug - did not call instance_notify_deleted when freeing.
     at: ~Dependency (servers/rendering/storage/utilities.cpp:56)
WARNING: Leaked instance dependency: Bug - did not call instance_notify_deleted when freeing.
     at: ~Dependency (servers/rendering/storage/utilities.cpp:56)
WARNING: Leaked instance dependency: Bug - did not call instance_notify_deleted when freeing.
     at: ~Dependency (servers/rendering/storage/utilities.cpp:56)
WARNING: Leaked instance dependency: Bug - did not call instance_notify_deleted when freeing.
     at: ~Dependency (servers/rendering/storage/utilities.cpp:56)
WARNING: Leaked instance dependency: Bug - did not call instance_notify_deleted when freeing.
     at: ~Dependency (servers/rendering/storage/utilities.cpp:56)
WARNING: Leaked instance dependency: Bug - did not call instance_notify_deleted when freeing.
     at: ~Dependency (servers/rendering/storage/utilities.cpp:56)
WARNING: Leaked instance dependency: Bug - did not call instance_notify_deleted when freeing.
     at: ~Dependency (servers/rendering/storage/utilities.cpp:56)
WARNING: Leaked instance dependency: Bug - did not call instance_notify_deleted when freeing.
     at: ~Dependency (servers/rendering/storage/utilities.cpp:56)
WARNING: Leaked instance dependency: Bug - did not call instance_notify_deleted when freeing.
     at: ~Dependency (servers/rendering/storage/utilities.cpp:56)
WARNING: Leaked instance dependency: Bug - did not call instance_notify_deleted when freeing.
     at: ~Dependency (servers/rendering/storage/utilities.cpp:56)
WARNING: Leaked instance dependency: Bug - did not call instance_notify_deleted when freeing.
     at: ~Dependency (servers/rendering/storage/utilities.cpp:56)
WARNING: Leaked instance dependency: Bug - did not call instance_notify_deleted when freeing.
     at: ~Dependency (servers/rendering/storage/utilities.cpp:56)
WARNING: Leaked instance dependency: Bug - did not call instance_notify_deleted when freeing.
     at: ~Dependency (servers/rendering/storage/utilities.cpp:56)
WARNING: Leaked instance dependency: Bug - did not call instance_notify_deleted when freeing.
     at: ~Dependency (servers/rendering/storage/utilities.cpp:56)
WARNING: Leaked instance dependency: Bug - did not call instance_notify_deleted when freeing.
     at: ~Dependency (servers/rendering/storage/utilities.cpp:56)
WARNING: Leaked instance dependency: Bug - did not call instance_notify_deleted when freeing.
     at: ~Dependency (servers/rendering/storage/utilities.cpp:56)
WARNING: Leaked instance dependency: Bug - did not call instance_notify_deleted when freeing.
     at: ~Dependency (servers/rendering/storage/utilities.cpp:56)
WARNING: Leaked instance dependency: Bug - did not call instance_notify_deleted when freeing.
     at: ~Dependency (servers/rendering/storage/utilities.cpp:56)
WARNING: Leaked instance dependency: Bug - did not call instance_notify_deleted when freeing.
     at: ~Dependency (servers/rendering/storage/utilities.cpp:56)
WARNING: Leaked instance dependency: Bug - did not call instance_notify_deleted when freeing.
     at: ~Dependency (servers/rendering/storage/utilities.cpp:56)
WARNING: Leaked instance dependency: Bug - did not call instance_notify_deleted when freeing.
     at: ~Dependency (servers/rendering/storage/utilities.cpp:56)
WARNING: Leaked instance dependency: Bug - did not call instance_notify_deleted when freeing.
     at: ~Dependency (servers/rendering/storage/utilities.cpp:56)
WARNING: Leaked instance dependency: Bug - did not call instance_notify_deleted when freeing.
     at: ~Dependency (servers/rendering/storage/utilities.cpp:56)
WARNING: Leaked instance dependency: Bug - did not call instance_notify_deleted when freeing.
     at: ~Dependency (servers/rendering/storage/utilities.cpp:56)
WARNING: Leaked instance dependency: Bug - did not call instance_notify_deleted when freeing.
     at: ~Dependency (servers/rendering/storage/utilities.cpp:56)
WARNING: Leaked instance dependency: Bug - did not call instance_notify_deleted when freeing.
     at: ~Dependency (servers/rendering/storage/utilities.cpp:56)
WARNING: Leaked instance dependency: Bug - did not call instance_notify_deleted when freeing.
     at: ~Dependency (servers/rendering/storage/utilities.cpp:56)
WARNING: Leaked instance dependency: Bug - did not call instance_notify_deleted when freeing.
     at: ~Dependency (servers/rendering/storage/utilities.cpp:56)
WARNING: Leaked instance dependency: Bug - did not call instance_notify_deleted when freeing.
     at: ~Dependency (servers/rendering/storage/utilities.cpp:56)
WARNING: Leaked instance dependency: Bug - did not call instance_notify_deleted when freeing.
     at: ~Dependency (servers/rendering/storage/utilities.cpp:56)
WARNING: Leaked instance dependency: Bug - did not call instance_notify_deleted when freeing.
     at: ~Dependency (servers/rendering/storage/utilities.cpp:56)
WARNING: Leaked instance dependency: Bug - did not call instance_notify_deleted when freeing.
     at: ~Dependency (servers/rendering/storage/utilities.cpp:56)
WARNING: Leaked instance dependency: Bug - did not call instance_notify_deleted when freeing.
     at: ~Dependency (servers/rendering/storage/utilities.cpp:56)
WARNING: Leaked instance dependency: Bug - did not call instance_notify_deleted when freeing.
     at: ~Dependency (servers/rendering/storage/utilities.cpp:56)
WARNING: Leaked instance dependency: Bug - did not call instance_notify_deleted when freeing.
     at: ~Dependency (servers/rendering/storage/utilities.cpp:56)
WARNING: Leaked instance dependency: Bug - did not call instance_notify_deleted when freeing.
     at: ~Dependency (servers/rendering/storage/utilities.cpp:56)
WARNING: Leaked instance dependency: Bug - did not call instance_notify_deleted when freeing.
     at: ~Dependency (servers/rendering/storage/utilities.cpp:56)
WARNING: Leaked instance dependency: Bug - did not call instance_notify_deleted when freeing.
     at: ~Dependency (servers/rendering/storage/utilities.cpp:56)
WARNING: Leaked instance dependency: Bug - did not call instance_notify_deleted when freeing.
     at: ~Dependency (servers/rendering/storage/utilities.cpp:56)
WARNING: Leaked instance dependency: Bug - did not call instance_notify_deleted when freeing.
     at: ~Dependency (servers/rendering/storage/utilities.cpp:56)
WARNING: Leaked instance dependency: Bug - did not call instance_notify_deleted when freeing.
     at: ~Dependency (servers/rendering/storage/utilities.cpp:56)
WARNING: Leaked instance dependency: Bug - did not call instance_notify_deleted when freeing.
     at: ~Dependency (servers/rendering/storage/utilities.cpp:56)
WARNING: Leaked instance dependency: Bug - did not call instance_notify_deleted when freeing.
     at: ~Dependency (servers/rendering/storage/utilities.cpp:56)
WARNING: Leaked instance dependency: Bug - did not call instance_notify_deleted when freeing.
     at: ~Dependency (servers/rendering/storage/utilities.cpp:56)
WARNING: Leaked instance dependency: Bug - did not call instance_notify_deleted when freeing.
     at: ~Dependency (servers/rendering/storage/utilities.cpp:56)
WARNING: Leaked instance dependency: Bug - did not call instance_notify_deleted when freeing.
     at: ~Dependency (servers/rendering/storage/utilities.cpp:56)
WARNING: Leaked instance dependency: Bug - did not call instance_notify_deleted when freeing.
     at: ~Dependency (servers/rendering/storage/utilities.cpp:56)
WARNING: Leaked instance dependency: Bug - did not call instance_notify_deleted when freeing.
     at: ~Dependency (servers/rendering/storage/utilities.cpp:56)
WARNING: Leaked instance dependency: Bug - did not call instance_notify_deleted when freeing.
     at: ~Dependency (servers/rendering/storage/utilities.cpp:56)
WARNING: Leaked instance dependency: Bug - did not call instance_notify_deleted when freeing.
     at: ~Dependency (servers/rendering/storage/utilities.cpp:56)
WARNING: Leaked instance dependency: Bug - did not call instance_notify_deleted when freeing.
     at: ~Dependency (servers/rendering/storage/utilities.cpp:56)
WARNING: Leaked instance dependency: Bug - did not call instance_notify_deleted when freeing.
     at: ~Dependency (servers/rendering/storage/utilities.cpp:56)
WARNING: Leaked instance dependency: Bug - did not call instance_notify_deleted when freeing.
     at: ~Dependency (servers/rendering/storage/utilities.cpp:56)
WARNING: Leaked instance dependency: Bug - did not call instance_notify_deleted when freeing.
     at: ~Dependency (servers/rendering/storage/utilities.cpp:56)
WARNING: Leaked instance dependency: Bug - did not call instance_notify_deleted when freeing.
     at: ~Dependency (servers/rendering/storage/utilities.cpp:56)
WARNING: Leaked instance dependency: Bug - did not call instance_notify_deleted when freeing.
     at: ~Dependency (servers/rendering/storage/utilities.cpp:56)
WARNING: Leaked instance dependency: Bug - did not call instance_notify_deleted when freeing.
     at: ~Dependency (servers/rendering/storage/utilities.cpp:56)
WARNING: Leaked instance dependency: Bug - did not call instance_notify_deleted when freeing.
     at: ~Dependency (servers/rendering/storage/utilities.cpp:56)
WARNING: Leaked instance dependency: Bug - did not call instance_notify_deleted when freeing.
     at: ~Dependency (servers/rendering/storage/utilities.cpp:56)
WARNING: Leaked instance dependency: Bug - did not call instance_notify_deleted when freeing.
     at: ~Dependency (servers/rendering/storage/utilities.cpp:56)
WARNING: Leaked instance dependency: Bug - did not call instance_notify_deleted when freeing.
     at: ~Dependency (servers/rendering/storage/utilities.cpp:56)
WARNING: Leaked instance dependency: Bug - did not call instance_notify_deleted when freeing.
     at: ~Dependency (servers/rendering/storage/utilities.cpp:56)
WARNING: Leaked instance dependency: Bug - did not call instance_notify_deleted when freeing.
     at: ~Dependency (servers/rendering/storage/utilities.cpp:56)
WARNING: Leaked instance dependency: Bug - did not call instance_notify_deleted when freeing.
     at: ~Dependency (servers/rendering/storage/utilities.cpp:56)
WARNING: Leaked instance dependency: Bug - did not call instance_notify_deleted when freeing.
     at: ~Dependency (servers/rendering/storage/utilities.cpp:56)
WARNING: Leaked instance dependency: Bug - did not call instance_notify_deleted when freeing.
     at: ~Dependency (servers/rendering/storage/utilities.cpp:56)
WARNING: Leaked instance dependency: Bug - did not call instance_notify_deleted when freeing.
     at: ~Dependency (servers/rendering/storage/utilities.cpp:56)
WARNING: Leaked instance dependency: Bug - did not call instance_notify_deleted when freeing.
     at: ~Dependency (servers/rendering/storage/utilities.cpp:56)
WARNING: Leaked instance dependency: Bug - did not call instance_notify_deleted when freeing.
     at: ~Dependency (servers/rendering/storage/utilities.cpp:56)
WARNING: Leaked instance dependency: Bug - did not call instance_notify_deleted when freeing.
     at: ~Dependency (servers/rendering/storage/utilities.cpp:56)
WARNING: Leaked instance dependency: Bug - did not call instance_notify_deleted when freeing.
     at: ~Dependency (servers/rendering/storage/utilities.cpp:56)
WARNING: Leaked instance dependency: Bug - did not call instance_notify_deleted when freeing.
     at: ~Dependency (servers/rendering/storage/utilities.cpp:56)
WARNING: Leaked instance dependency: Bug - did not call instance_notify_deleted when freeing.
     at: ~Dependency (servers/rendering/storage/utilities.cpp:56)
WARNING: Leaked instance dependency: Bug - did not call instance_notify_deleted when freeing.
     at: ~Dependency (servers/rendering/storage/utilities.cpp:56)
WARNING: Leaked instance dependency: Bug - did not call instance_notify_deleted when freeing.
     at: ~Dependency (servers/rendering/storage/utilities.cpp:56)
WARNING: Leaked instance dependency: Bug - did not call instance_notify_deleted when freeing.
     at: ~Dependency (servers/rendering/storage/utilities.cpp:56)
WARNING: Leaked instance dependency: Bug - did not call instance_notify_deleted when freeing.
     at: ~Dependency (servers/rendering/storage/utilities.cpp:56)
WARNING: Leaked instance dependency: Bug - did not call instance_notify_deleted when freeing.
     at: ~Dependency (servers/rendering/storage/utilities.cpp:56)
WARNING: Leaked instance dependency: Bug - did not call instance_notify_deleted when freeing.
     at: ~Dependency (servers/rendering/storage/utilities.cpp:56)
WARNING: Leaked instance dependency: Bug - did not call instance_notify_deleted when freeing.
     at: ~Dependency (servers/rendering/storage/utilities.cpp:56)
WARNING: Leaked instance dependency: Bug - did not call instance_notify_deleted when freeing.
     at: ~Dependency (servers/rendering/storage/utilities.cpp:56)
WARNING: Leaked instance dependency: Bug - did not call instance_notify_deleted when freeing.
     at: ~Dependency (servers/rendering/storage/utilities.cpp:56)
WARNING: Leaked instance dependency: Bug - did not call instance_notify_deleted when freeing.
     at: ~Dependency (servers/rendering/storage/utilities.cpp:56)
WARNING: Leaked instance dependency: Bug - did not call instance_notify_deleted when freeing.
     at: ~Dependency (servers/rendering/storage/utilities.cpp:56)
WARNING: Leaked instance dependency: Bug - did not call instance_notify_deleted when freeing.
     at: ~Dependency (servers/rendering/storage/utilities.cpp:56)
WARNING: Leaked instance dependency: Bug - did not call instance_notify_deleted when freeing.
     at: ~Dependency (servers/rendering/storage/utilities.cpp:56)
WARNING: Leaked instance dependency: Bug - did not call instance_notify_deleted when freeing.
     at: ~Dependency (servers/rendering/storage/utilities.cpp:56)
WARNING: Leaked instance dependency: Bug - did not call instance_notify_deleted when freeing.
     at: ~Dependency (servers/rendering/storage/utilities.cpp:56)
WARNING: Leaked instance dependency: Bug - did not call instance_notify_deleted when freeing.
     at: ~Dependency (servers/rendering/storage/utilities.cpp:56)
WARNING: Leaked instance dependency: Bug - did not call instance_notify_deleted when freeing.
     at: ~Dependency (servers/rendering/storage/utilities.cpp:56)
WARNING: Leaked instance dependency: Bug - did not call instance_notify_deleted when freeing.
     at: ~Dependency (servers/rendering/storage/utilities.cpp:56)
WARNING: Leaked instance dependency: Bug - did not call instance_notify_deleted when freeing.
     at: ~Dependency (servers/rendering/storage/utilities.cpp:56)
WARNING: Leaked instance dependency: Bug - did not call instance_notify_deleted when freeing.
     at: ~Dependency (servers/rendering/storage/utilities.cpp:56)
WARNING: Leaked instance dependency: Bug - did not call instance_notify_deleted when freeing.
     at: ~Dependency (servers/rendering/storage/utilities.cpp:56)
WARNING: Leaked instance dependency: Bug - did not call instance_notify_deleted when freeing.
     at: ~Dependency (servers/rendering/storage/utilities.cpp:56)
WARNING: Leaked instance dependency: Bug - did not call instance_notify_deleted when freeing.
     at: ~Dependency (servers/rendering/storage/utilities.cpp:56)
WARNING: Leaked instance dependency: Bug - did not call instance_notify_deleted when freeing.
     at: ~Dependency (servers/rendering/storage/utilities.cpp:56)
WARNING: Leaked instance dependency: Bug - did not call instance_notify_deleted when freeing.
     at: ~Dependency (servers/rendering/storage/utilities.cpp:56)
WARNING: Leaked instance dependency: Bug - did not call instance_notify_deleted when freeing.
     at: ~Dependency (servers/rendering/storage/utilities.cpp:56)
WARNING: Leaked instance dependency: Bug - did not call instance_notify_deleted when freeing.
     at: ~Dependency (servers/rendering/storage/utilities.cpp:56)
WARNING: Leaked instance dependency: Bug - did not call instance_notify_deleted when freeing.
     at: ~Dependency (servers/rendering/storage/utilities.cpp:56)
WARNING: Leaked instance dependency: Bug - did not call instance_notify_deleted when freeing.
     at: ~Dependency (servers/rendering/storage/utilities.cpp:56)
WARNING: Leaked instance dependency: Bug - did not call instance_notify_deleted when freeing.
     at: ~Dependency (servers/rendering/storage/utilities.cpp:56)
WARNING: Leaked instance dependency: Bug - did not call instance_notify_deleted when freeing.
     at: ~Dependency (servers/rendering/storage/utilities.cpp:56)
WARNING: Leaked instance dependency: Bug - did not call instance_notify_deleted when freeing.
     at: ~Dependency (servers/rendering/storage/utilities.cpp:56)
WARNING: Leaked instance dependency: Bug - did not call instance_notify_deleted when freeing.
     at: ~Dependency (servers/rendering/storage/utilities.cpp:56)
WARNING: Leaked instance dependency: Bug - did not call instance_notify_deleted when freeing.
     at: ~Dependency (servers/rendering/storage/utilities.cpp:56)
WARNING: Leaked instance dependency: Bug - did not call instance_notify_deleted when freeing.
     at: ~Dependency (servers/rendering/storage/utilities.cpp:56)
WARNING: Leaked instance dependency: Bug - did not call instance_notify_deleted when freeing.
     at: ~Dependency (servers/rendering/storage/utilities.cpp:56)
WARNING: Leaked instance dependency: Bug - did not call instance_notify_deleted when freeing.
     at: ~Dependency (servers/rendering/storage/utilities.cpp:56)
WARNING: Leaked instance dependency: Bug - did not call instance_notify_deleted when freeing.
     at: ~Dependency (servers/rendering/storage/utilities.cpp:56)
WARNING: Leaked instance dependency: Bug - did not call instance_notify_deleted when freeing.
     at: ~Dependency (servers/rendering/storage/utilities.cpp:56)
WARNING: Leaked instance dependency: Bug - did not call instance_notify_deleted when freeing.
     at: ~Dependency (servers/rendering/storage/utilities.cpp:56)
WARNING: Leaked instance dependency: Bug - did not call instance_notify_deleted when freeing.
     at: ~Dependency (servers/rendering/storage/utilities.cpp:56)
WARNING: Leaked instance dependency: Bug - did not call instance_notify_deleted when freeing.
     at: ~Dependency (servers/rendering/storage/utilities.cpp:56)
WARNING: Leaked instance dependency: Bug - did not call instance_notify_deleted when freeing.
     at: ~Dependency (servers/rendering/storage/utilities.cpp:56)
WARNING: Leaked instance dependency: Bug - did not call instance_notify_deleted when freeing.
     at: ~Dependency (servers/rendering/storage/utilities.cpp:56)
WARNING: Leaked instance dependency: Bug - did not call instance_notify_deleted when freeing.
     at: ~Dependency (servers/rendering/storage/utilities.cpp:56)
WARNING: Leaked instance dependency: Bug - did not call instance_notify_deleted when freeing.
     at: ~Dependency (servers/rendering/storage/utilities.cpp:56)
WARNING: Leaked instance dependency: Bug - did not call instance_notify_deleted when freeing.
     at: ~Dependency (servers/rendering/storage/utilities.cpp:56)
WARNING: Leaked instance dependency: Bug - did not call instance_notify_deleted when freeing.
     at: ~Dependency (servers/rendering/storage/utilities.cpp:56)
WARNING: Leaked instance dependency: Bug - did not call instance_notify_deleted when freeing.
     at: ~Dependency (servers/rendering/storage/utilities.cpp:56)
WARNING: Leaked instance dependency: Bug - did not call instance_notify_deleted when freeing.
     at: ~Dependency (servers/rendering/storage/utilities.cpp:56)
WARNING: Leaked instance dependency: Bug - did not call instance_notify_deleted when freeing.
     at: ~Dependency (servers/rendering/storage/utilities.cpp:56)
WARNING: Leaked instance dependency: Bug - did not call instance_notify_deleted when freeing.
     at: ~Dependency (servers/rendering/storage/utilities.cpp:56)
WARNING: Leaked instance dependency: Bug - did not call instance_notify_deleted when freeing.
     at: ~Dependency (servers/rendering/storage/utilities.cpp:56)
WARNING: Leaked instance dependency: Bug - did not call instance_notify_deleted when freeing.
     at: ~Dependency (servers/rendering/storage/utilities.cpp:56)
WARNING: Leaked instance dependency: Bug - did not call instance_notify_deleted when freeing.
     at: ~Dependency (servers/rendering/storage/utilities.cpp:56)
WARNING: Leaked instance dependency: Bug - did not call instance_notify_deleted when freeing.
     at: ~Dependency (servers/rendering/storage/utilities.cpp:56)
WARNING: Leaked instance dependency: Bug - did not call instance_notify_deleted when freeing.
     at: ~Dependency (servers/rendering/storage/utilities.cpp:56)
WARNING: Leaked instance dependency: Bug - did not call instance_notify_deleted when freeing.
     at: ~Dependency (servers/rendering/storage/utilities.cpp:56)
WARNING: Leaked instance dependency: Bug - did not call instance_notify_deleted when freeing.
     at: ~Dependency (servers/rendering/storage/utilities.cpp:56)
WARNING: Leaked instance dependency: Bug - did not call instance_notify_deleted when freeing.
     at: ~Dependency (servers/rendering/storage/utilities.cpp:56)
WARNING: Leaked instance dependency: Bug - did not call instance_notify_deleted when freeing.
     at: ~Dependency (servers/rendering/storage/utilities.cpp:56)
WARNING: Leaked instance dependency: Bug - did not call instance_notify_deleted when freeing.
     at: ~Dependency (servers/rendering/storage/utilities.cpp:56)
WARNING: Leaked instance dependency: Bug - did not call instance_notify_deleted when freeing.
     at: ~Dependency (servers/rendering/storage/utilities.cpp:56)
WARNING: Leaked instance dependency: Bug - did not call instance_notify_deleted when freeing.
     at: ~Dependency (servers/rendering/storage/utilities.cpp:56)
WARNING: Leaked instance dependency: Bug - did not call instance_notify_deleted when freeing.
     at: ~Dependency (servers/rendering/storage/utilities.cpp:56)
WARNING: Leaked instance dependency: Bug - did not call instance_notify_deleted when freeing.
     at: ~Dependency (servers/rendering/storage/utilities.cpp:56)
WARNING: Leaked instance dependency: Bug - did not call instance_notify_deleted when freeing.
     at: ~Dependency (servers/rendering/storage/utilities.cpp:56)
WARNING: Leaked instance dependency: Bug - did not call instance_notify_deleted when freeing.
     at: ~Dependency (servers/rendering/storage/utilities.cpp:56)
WARNING: Leaked instance dependency: Bug - did not call instance_notify_deleted when freeing.
     at: ~Dependency (servers/rendering/storage/utilities.cpp:56)
WARNING: Leaked instance dependency: Bug - did not call instance_notify_deleted when freeing.
     at: ~Dependency (servers/rendering/storage/utilities.cpp:56)
WARNING: Leaked instance dependency: Bug - did not call instance_notify_deleted when freeing.
     at: ~Dependency (servers/rendering/storage/utilities.cpp:56)
WARNING: Leaked instance dependency: Bug - did not call instance_notify_deleted when freeing.
     at: ~Dependency (servers/rendering/storage/utilities.cpp:56)
WARNING: Leaked instance dependency: Bug - did not call instance_notify_deleted when freeing.
     at: ~Dependency (servers/rendering/storage/utilities.cpp:56)
WARNING: Leaked instance dependency: Bug - did not call instance_notify_deleted when freeing.
     at: ~Dependency (servers/rendering/storage/utilities.cpp:56)
WARNING: Leaked instance dependency: Bug - did not call instance_notify_deleted when freeing.
     at: ~Dependency (servers/rendering/storage/utilities.cpp:56)
WARNING: Leaked instance dependency: Bug - did not call instance_notify_deleted when freeing.
     at: ~Dependency (servers/rendering/storage/utilities.cpp:56)
WARNING: Leaked instance dependency: Bug - did not call instance_notify_deleted when freeing.
     at: ~Dependency (servers/rendering/storage/utilities.cpp:56)
WARNING: Leaked instance dependency: Bug - did not call instance_notify_deleted when freeing.
     at: ~Dependency (servers/rendering/storage/utilities.cpp:56)
WARNING: Leaked instance dependency: Bug - did not call instance_notify_deleted when freeing.
     at: ~Dependency (servers/rendering/storage/utilities.cpp:56)
WARNING: Leaked instance dependency: Bug - did not call instance_notify_deleted when freeing.
     at: ~Dependency (servers/rendering/storage/utilities.cpp:56)
WARNING: Leaked instance dependency: Bug - did not call instance_notify_deleted when freeing.
     at: ~Dependency (servers/rendering/storage/utilities.cpp:56)
WARNING: Leaked instance dependency: Bug - did not call instance_notify_deleted when freeing.
     at: ~Dependency (servers/rendering/storage/utilities.cpp:56)
WARNING: Leaked instance dependency: Bug - did not call instance_notify_deleted when freeing.
     at: ~Dependency (servers/rendering/storage/utilities.cpp:56)
WARNING: Leaked instance dependency: Bug - did not call instance_notify_deleted when freeing.
     at: ~Dependency (servers/rendering/storage/utilities.cpp:56)
WARNING: Leaked instance dependency: Bug - did not call instance_notify_deleted when freeing.
     at: ~Dependency (servers/rendering/storage/utilities.cpp:56)
WARNING: Leaked instance dependency: Bug - did not call instance_notify_deleted when freeing.
     at: ~Dependency (servers/rendering/storage/utilities.cpp:56)
WARNING: Leaked instance dependency: Bug - did not call instance_notify_deleted when freeing.
     at: ~Dependency (servers/rendering/storage/utilities.cpp:56)
WARNING: Leaked instance dependency: Bug - did not call instance_notify_deleted when freeing.
     at: ~Dependency (servers/rendering/storage/utilities.cpp:56)
WARNING: Leaked instance dependency: Bug - did not call instance_notify_deleted when freeing.
     at: ~Dependency (servers/rendering/storage/utilities.cpp:56)
WARNING: Leaked instance dependency: Bug - did not call instance_notify_deleted when freeing.
     at: ~Dependency (servers/rendering/storage/utilities.cpp:56)
WARNING: Leaked instance dependency: Bug - did not call instance_notify_deleted when freeing.
     at: ~Dependency (servers/rendering/storage/utilities.cpp:56)
WARNING: Leaked instance dependency: Bug - did not call instance_notify_deleted when freeing.
     at: ~Dependency (servers/rendering/storage/utilities.cpp:56)
WARNING: Leaked instance dependency: Bug - did not call instance_notify_deleted when freeing.
     at: ~Dependency (servers/rendering/storage/utilities.cpp:56)
WARNING: Leaked instance dependency: Bug - did not call instance_notify_deleted when freeing.
     at: ~Dependency (servers/rendering/storage/utilities.cpp:56)
WARNING: Leaked instance dependency: Bug - did not call instance_notify_deleted when freeing.
     at: ~Dependency (servers/rendering/storage/utilities.cpp:56)
WARNING: Leaked instance dependency: Bug - did not call instance_notify_deleted when freeing.
     at: ~Dependency (servers/rendering/storage/utilities.cpp:56)
WARNING: Leaked instance dependency: Bug - did not call instance_notify_deleted when freeing.
     at: ~Dependency (servers/rendering/storage/utilities.cpp:56)
WARNING: Leaked instance dependency: Bug - did not call instance_notify_deleted when freeing.
     at: ~Dependency (servers/rendering/storage/utilities.cpp:56)
WARNING: Leaked instance dependency: Bug - did not call instance_notify_deleted when freeing.
     at: ~Dependency (servers/rendering/storage/utilities.cpp:56)
WARNING: Leaked instance dependency: Bug - did not call instance_notify_deleted when freeing.
     at: ~Dependency (servers/rendering/storage/utilities.cpp:56)
WARNING: Leaked instance dependency: Bug - did not call instance_notify_deleted when freeing.
     at: ~Dependency (servers/rendering/storage/utilities.cpp:56)
WARNING: Leaked instance dependency: Bug - did not call instance_notify_deleted when freeing.
     at: ~Dependency (servers/rendering/storage/utilities.cpp:56)
WARNING: Leaked instance dependency: Bug - did not call instance_notify_deleted when freeing.
     at: ~Dependency (servers/rendering/storage/utilities.cpp:56)
WARNING: Leaked instance dependency: Bug - did not call instance_notify_deleted when freeing.
     at: ~Dependency (servers/rendering/storage/utilities.cpp:56)
WARNING: Leaked instance dependency: Bug - did not call instance_notify_deleted when freeing.
     at: ~Dependency (servers/rendering/storage/utilities.cpp:56)
WARNING: Leaked instance dependency: Bug - did not call instance_notify_deleted when freeing.
     at: ~Dependency (servers/rendering/storage/utilities.cpp:56)
WARNING: Leaked instance dependency: Bug - did not call instance_notify_deleted when freeing.
     at: ~Dependency (servers/rendering/storage/utilities.cpp:56)
WARNING: Leaked instance dependency: Bug - did not call instance_notify_deleted when freeing.
     at: ~Dependency (servers/rendering/storage/utilities.cpp:56)
WARNING: Leaked instance dependency: Bug - did not call instance_notify_deleted when freeing.
     at: ~Dependency (servers/rendering/storage/utilities.cpp:56)
WARNING: Leaked instance dependency: Bug - did not call instance_notify_deleted when freeing.
     at: ~Dependency (servers/rendering/storage/utilities.cpp:56)
WARNING: Leaked instance dependency: Bug - did not call instance_notify_deleted when freeing.
     at: ~Dependency (servers/rendering/storage/utilities.cpp:56)
WARNING: Leaked instance dependency: Bug - did not call instance_notify_deleted when freeing.
     at: ~Dependency (servers/rendering/storage/utilities.cpp:56)
WARNING: Leaked instance dependency: Bug - did not call instance_notify_deleted when freeing.
     at: ~Dependency (servers/rendering/storage/utilities.cpp:56)
WARNING: Leaked instance dependency: Bug - did not call instance_notify_deleted when freeing.
     at: ~Dependency (servers/rendering/storage/utilities.cpp:56)
WARNING: Leaked instance dependency: Bug - did not call instance_notify_deleted when freeing.
     at: ~Dependency (servers/rendering/storage/utilities.cpp:56)
WARNING: Leaked instance dependency: Bug - did not call instance_notify_deleted when freeing.
     at: ~Dependency (servers/rendering/storage/utilities.cpp:56)
WARNING: Leaked instance dependency: Bug - did not call instance_notify_deleted when freeing.
     at: ~Dependency (servers/rendering/storage/utilities.cpp:56)
WARNING: Leaked instance dependency: Bug - did not call instance_notify_deleted when freeing.
     at: ~Dependency (servers/rendering/storage/utilities.cpp:56)
WARNING: Leaked instance dependency: Bug - did not call instance_notify_deleted when freeing.
     at: ~Dependency (servers/rendering/storage/utilities.cpp:56)
WARNING: Leaked instance dependency: Bug - did not call instance_notify_deleted when freeing.
     at: ~Dependency (servers/rendering/storage/utilities.cpp:56)
WARNING: Leaked instance dependency: Bug - did not call instance_notify_deleted when freeing.
     at: ~Dependency (servers/rendering/storage/utilities.cpp:56)
WARNING: Leaked instance dependency: Bug - did not call instance_notify_deleted when freeing.
     at: ~Dependency (servers/rendering/storage/utilities.cpp:56)
WARNING: Leaked instance dependency: Bug - did not call instance_notify_deleted when freeing.
     at: ~Dependency (servers/rendering/storage/utilities.cpp:56)
WARNING: Leaked instance dependency: Bug - did not call instance_notify_deleted when freeing.
     at: ~Dependency (servers/rendering/storage/utilities.cpp:56)
WARNING: Leaked instance dependency: Bug - did not call instance_notify_deleted when freeing.
     at: ~Dependency (servers/rendering/storage/utilities.cpp:56)
WARNING: Leaked instance dependency: Bug - did not call instance_notify_deleted when freeing.
     at: ~Dependency (servers/rendering/storage/utilities.cpp:56)
WARNING: Leaked instance dependency: Bug - did not call instance_notify_deleted when freeing.
     at: ~Dependency (servers/rendering/storage/utilities.cpp:56)
WARNING: Leaked instance dependency: Bug - did not call instance_notify_deleted when freeing.
     at: ~Dependency (servers/rendering/storage/utilities.cpp:56)
WARNING: Leaked instance dependency: Bug - did not call instance_notify_deleted when freeing.
     at: ~Dependency (servers/rendering/storage/utilities.cpp:56)
WARNING: Leaked instance dependency: Bug - did not call instance_notify_deleted when freeing.
     at: ~Dependency (servers/rendering/storage/utilities.cpp:56)
WARNING: Leaked instance dependency: Bug - did not call instance_notify_deleted when freeing.
     at: ~Dependency (servers/rendering/storage/utilities.cpp:56)
WARNING: Leaked instance dependency: Bug - did not call instance_notify_deleted when freeing.
     at: ~Dependency (servers/rendering/storage/utilities.cpp:56)
WARNING: Leaked instance dependency: Bug - did not call instance_notify_deleted when freeing.
     at: ~Dependency (servers/rendering/storage/utilities.cpp:56)
WARNING: Leaked instance dependency: Bug - did not call instance_notify_deleted when freeing.
     at: ~Dependency (servers/rendering/storage/utilities.cpp:56)
WARNING: Leaked instance dependency: Bug - did not call instance_notify_deleted when freeing.
     at: ~Dependency (servers/rendering/storage/utilities.cpp:56)
WARNING: Leaked instance dependency: Bug - did not call instance_notify_deleted when freeing.
     at: ~Dependency (servers/rendering/storage/utilities.cpp:56)
WARNING: Leaked instance dependency: Bug - did not call instance_notify_deleted when freeing.
     at: ~Dependency (servers/rendering/storage/utilities.cpp:56)
WARNING: Leaked instance dependency: Bug - did not call instance_notify_deleted when freeing.
     at: ~Dependency (servers/rendering/storage/utilities.cpp:56)
WARNING: Leaked instance dependency: Bug - did not call instance_notify_deleted when freeing.
     at: ~Dependency (servers/rendering/storage/utilities.cpp:56)
WARNING: Leaked instance dependency: Bug - did not call instance_notify_deleted when freeing.
     at: ~Dependency (servers/rendering/storage/utilities.cpp:56)
WARNING: Leaked instance dependency: Bug - did not call instance_notify_deleted when freeing.
     at: ~Dependency (servers/rendering/storage/utilities.cpp:56)
WARNING: Leaked instance dependency: Bug - did not call instance_notify_deleted when freeing.
     at: ~Dependency (servers/rendering/storage/utilities.cpp:56)
WARNING: Leaked instance dependency: Bug - did not call instance_notify_deleted when freeing.
     at: ~Dependency (servers/rendering/storage/utilities.cpp:56)
WARNING: Leaked instance dependency: Bug - did not call instance_notify_deleted when freeing.
     at: ~Dependency (servers/rendering/storage/utilities.cpp:56)
WARNING: Leaked instance dependency: Bug - did not call instance_notify_deleted when freeing.
     at: ~Dependency (servers/rendering/storage/utilities.cpp:56)
WARNING: Leaked instance dependency: Bug - did not call instance_notify_deleted when freeing.
     at: ~Dependency (servers/rendering/storage/utilities.cpp:56)
WARNING: Leaked instance dependency: Bug - did not call instance_notify_deleted when freeing.
     at: ~Dependency (servers/rendering/storage/utilities.cpp:56)
WARNING: Leaked instance dependency: Bug - did not call instance_notify_deleted when freeing.
     at: ~Dependency (servers/rendering/storage/utilities.cpp:56)
WARNING: Leaked instance dependency: Bug - did not call instance_notify_deleted when freeing.
     at: ~Dependency (servers/rendering/storage/utilities.cpp:56)
WARNING: Leaked instance dependency: Bug - did not call instance_notify_deleted when freeing.
     at: ~Dependency (servers/rendering/storage/utilities.cpp:56)
WARNING: Leaked instance dependency: Bug - did not call instance_notify_deleted when freeing.
     at: ~Dependency (servers/rendering/storage/utilities.cpp:56)
WARNING: Leaked instance dependency: Bug - did not call instance_notify_deleted when freeing.
     at: ~Dependency (servers/rendering/storage/utilities.cpp:56)
WARNING: Leaked instance dependency: Bug - did not call instance_notify_deleted when freeing.
     at: ~Dependency (servers/rendering/storage/utilities.cpp:56)
WARNING: Leaked instance dependency: Bug - did not call instance_notify_deleted when freeing.
     at: ~Dependency (servers/rendering/storage/utilities.cpp:56)
WARNING: Leaked instance dependency: Bug - did not call instance_notify_deleted when freeing.
     at: ~Dependency (servers/rendering/storage/utilities.cpp:56)
WARNING: Leaked instance dependency: Bug - did not call instance_notify_deleted when freeing.
     at: ~Dependency (servers/rendering/storage/utilities.cpp:56)
WARNING: Leaked instance dependency: Bug - did not call instance_notify_deleted when freeing.
     at: ~Dependency (servers/rendering/storage/utilities.cpp:56)
WARNING: Leaked instance dependency: Bug - did not call instance_notify_deleted when freeing.
     at: ~Dependency (servers/rendering/storage/utilities.cpp:56)
WARNING: Leaked instance dependency: Bug - did not call instance_notify_deleted when freeing.
     at: ~Dependency (servers/rendering/storage/utilities.cpp:56)
WARNING: Leaked instance dependency: Bug - did not call instance_notify_deleted when freeing.
     at: ~Dependency (servers/rendering/storage/utilities.cpp:56)
WARNING: Leaked instance dependency: Bug - did not call instance_notify_deleted when freeing.
     at: ~Dependency (servers/rendering/storage/utilities.cpp:56)
WARNING: Leaked instance dependency: Bug - did not call instance_notify_deleted when freeing.
     at: ~Dependency (servers/rendering/storage/utilities.cpp:56)
WARNING: Leaked instance dependency: Bug - did not call instance_notify_deleted when freeing.
     at: ~Dependency (servers/rendering/storage/utilities.cpp:56)
WARNING: Leaked instance dependency: Bug - did not call instance_notify_deleted when freeing.
     at: ~Dependency (servers/rendering/storage/utilities.cpp:56)
WARNING: Leaked instance dependency: Bug - did not call instance_notify_deleted when freeing.
     at: ~Dependency (servers/rendering/storage/utilities.cpp:56)
WARNING: Leaked instance dependency: Bug - did not call instance_notify_deleted when freeing.
     at: ~Dependency (servers/rendering/storage/utilities.cpp:56)
WARNING: Leaked instance dependency: Bug - did not call instance_notify_deleted when freeing.
     at: ~Dependency (servers/rendering/storage/utilities.cpp:56)
WARNING: Leaked instance dependency: Bug - did not call instance_notify_deleted when freeing.
     at: ~Dependency (servers/rendering/storage/utilities.cpp:56)
WARNING: Leaked instance dependency: Bug - did not call instance_notify_deleted when freeing.
     at: ~Dependency (servers/rendering/storage/utilities.cpp:56)
WARNING: Leaked instance dependency: Bug - did not call instance_notify_deleted when freeing.
     at: ~Dependency (servers/rendering/storage/utilities.cpp:56)
WARNING: Leaked instance dependency: Bug - did not call instance_notify_deleted when freeing.
     at: ~Dependency (servers/rendering/storage/utilities.cpp:56)
WARNING: Leaked instance dependency: Bug - did not call instance_notify_deleted when freeing.
     at: ~Dependency (servers/rendering/storage/utilities.cpp:56)
WARNING: Leaked instance dependency: Bug - did not call instance_notify_deleted when freeing.
     at: ~Dependency (servers/rendering/storage/utilities.cpp:56)
WARNING: Leaked instance dependency: Bug - did not call instance_notify_deleted when freeing.
     at: ~Dependency (servers/rendering/storage/utilities.cpp:56)
WARNING: Leaked instance dependency: Bug - did not call instance_notify_deleted when freeing.
     at: ~Dependency (servers/rendering/storage/utilities.cpp:56)
WARNING: Leaked instance dependency: Bug - did not call instance_notify_deleted when freeing.
     at: ~Dependency (servers/rendering/storage/utilities.cpp:56)
WARNING: Leaked instance dependency: Bug - did not call instance_notify_deleted when freeing.
     at: ~Dependency (servers/rendering/storage/utilities.cpp:56)
ERROR: 1067 RID allocations of type 'N13RendererDummy15MaterialStorage13DummyMaterialE' were leaked at exit.
ERROR: 5 RID allocations of type 'N13RendererDummy15MaterialStorage11DummyShaderE' were leaked at exit.
ERROR: 1024 RID allocations of type 'N17RendererSceneCull8InstanceE' were leaked at exit.
ERROR: 1 RID allocations of type 'N17RendererSceneCull6CameraE' were leaked at exit.
WARNING: ObjectDB instances leaked at exit (run with --verbose for details).
     at: cleanup (core/object/object.cpp:2378)
ERROR: 215 resources still in use at exit (run with --verbose for details).
   at: clear (core/io/resource.cpp:614)
